00:00:19:833  WARN 13784 --- [item-service] [Thread-5] c.a.nacos.common.notify.NotifyCenter     : [NotifyCenter] Start destroying Publisher
00:00:19:856  WARN 13784 --- [item-service] [Thread-5] c.a.nacos.common.notify.NotifyCenter     : [NotifyCenter] Destruction of the end
00:00:19:834  WARN 13784 --- [item-service] [Thread-3] c.a.n.common.http.HttpClientBeanHolder   : [HttpClientBeanHolder] Start destroying common HttpClient
00:00:19:858  WARN 13784 --- [item-service] [Thread-3] c.a.n.common.http.HttpClientBeanHolder   : [HttpClientBeanHolder] Destruction of the end
00:00:19:942  INFO 13784 --- [item-service] [SpringApplicationShutdownHook] c.a.c.n.registry.NacosServiceRegistry    : De-registering from Nacos Server now...
00:00:19:944  INFO 13784 --- [item-service] [SpringApplicationShutdownHook] com.alibaba.nacos.client.naming          : [DEREGISTER-SERVICE] public deregistering service item-service with instance: Instance{instanceId='null', ip='100.2.20.214', port=8081, weight=1.0, healthy=true, enabled=true, ephemeral=true, clusterName='', serviceName='null', metadata={}}
00:00:19:963  INFO 13784 --- [item-service] [SpringApplicationShutdownHook] c.a.c.n.registry.NacosServiceRegistry    : De-registration finished.
00:00:19:964  INFO 13784 --- [item-service] [SpringApplicationShutdownHook] com.alibaba.nacos.client.naming          : com.alibaba.nacos.client.naming.cache.ServiceInfoHolder do shutdown begin
00:00:19:964  INFO 13784 --- [item-service] [SpringApplicationShutdownHook] com.alibaba.nacos.client.naming          : com.alibaba.nacos.client.naming.backups.FailoverReactor do shutdown begin
00:00:19:965  INFO 13784 --- [item-service] [SpringApplicationShutdownHook] com.alibaba.nacos.client.naming          : com.alibaba.nacos.client.naming.backups.FailoverReactor do shutdown stop
00:00:19:965  INFO 13784 --- [item-service] [SpringApplicationShutdownHook] com.alibaba.nacos.client.naming          : com.alibaba.nacos.client.naming.cache.ServiceInfoHolder do shutdown stop
00:00:19:965  INFO 13784 --- [item-service] [SpringApplicationShutdownHook] com.alibaba.nacos.client.naming          : com.alibaba.nacos.client.naming.remote.NamingClientProxyDelegate do shutdown begin
00:00:19:965  INFO 13784 --- [item-service] [SpringApplicationShutdownHook] com.alibaba.nacos.client.naming          : com.alibaba.nacos.client.naming.core.ServiceInfoUpdateService do shutdown begin
00:00:19:965  INFO 13784 --- [item-service] [SpringApplicationShutdownHook] com.alibaba.nacos.client.naming          : com.alibaba.nacos.client.naming.core.ServiceInfoUpdateService do shutdown stop
00:00:19:965  INFO 13784 --- [item-service] [SpringApplicationShutdownHook] com.alibaba.nacos.client.naming          : com.alibaba.nacos.client.naming.core.ServerListManager do shutdown begin
00:00:19:965  WARN 13784 --- [item-service] [SpringApplicationShutdownHook] com.alibaba.nacos.client.naming          : [NamingHttpClientManager] Start destroying NacosRestTemplate
00:00:19:966  WARN 13784 --- [item-service] [SpringApplicationShutdownHook] com.alibaba.nacos.client.naming          : [NamingHttpClientManager] Destruction of the end
00:00:19:966  INFO 13784 --- [item-service] [SpringApplicationShutdownHook] com.alibaba.nacos.client.naming          : com.alibaba.nacos.client.naming.core.ServerListManager do shutdown stop
00:00:19:966  INFO 13784 --- [item-service] [SpringApplicationShutdownHook] com.alibaba.nacos.client.naming          : com.alibaba.nacos.client.naming.remote.http.NamingHttpClientProxy do shutdown begin
00:00:19:966  WARN 13784 --- [item-service] [SpringApplicationShutdownHook] com.alibaba.nacos.client.naming          : [NamingHttpClientManager] Start destroying NacosRestTemplate
00:00:19:966  WARN 13784 --- [item-service] [SpringApplicationShutdownHook] com.alibaba.nacos.client.naming          : [NamingHttpClientManager] Destruction of the end
00:00:19:966  INFO 13784 --- [item-service] [SpringApplicationShutdownHook] com.alibaba.nacos.client.naming          : com.alibaba.nacos.client.naming.remote.http.NamingHttpClientProxy do shutdown stop
00:00:19:966  INFO 13784 --- [item-service] [SpringApplicationShutdownHook] com.alibaba.nacos.client.naming          : Shutdown naming grpc client proxy for  uuid->178776bb-4791-47e4-87cc-cb299ab517e5
00:00:19:966  INFO 13784 --- [item-service] [SpringApplicationShutdownHook] com.alibaba.nacos.client.naming          : Shutdown grpc redo service executor java.util.concurrent.ScheduledThreadPoolExecutor@186f7553[Running, pool size = 1, active threads = 0, queued tasks = 1, completed tasks = 88]
00:00:19:966  INFO 13784 --- [item-service] [SpringApplicationShutdownHook] com.alibaba.nacos.common.remote.client   : Shutdown rpc client, set status to shutdown
00:00:19:966  INFO 13784 --- [item-service] [SpringApplicationShutdownHook] com.alibaba.nacos.common.remote.client   : Shutdown client event executor java.util.concurrent.ScheduledThreadPoolExecutor@541ea657[Running, pool size = 2, active threads = 2, queued tasks = 0, completed tasks = 0]
00:00:19:966  INFO 13784 --- [item-service] [SpringApplicationShutdownHook] com.alibaba.nacos.common.remote.client   : Close current connection 1780415754073_172.19.0.1_59100
00:00:19:974  INFO 13784 --- [item-service] [nacos-grpc-client-executor-localhost-65] c.a.n.c.remote.client.grpc.GrpcClient    : [1780415754073_172.19.0.1_59100]Ignore complete event,isRunning:false,isAbandon=false
00:00:19:980  INFO 13784 --- [item-service] [SpringApplicationShutdownHook] c.a.n.c.remote.client.grpc.GrpcClient    : Shutdown grpc executor java.util.concurrent.ThreadPoolExecutor@6c98079[Running, pool size = 5, active threads = 0, queued tasks = 0, completed tasks = 66]
00:00:19:980  INFO 13784 --- [item-service] [SpringApplicationShutdownHook] com.alibaba.nacos.client.naming          : shutdown and remove naming rpc client  for uuid ->178776bb-4791-47e4-87cc-cb299ab517e5
00:00:19:981  INFO 13784 --- [item-service] [SpringApplicationShutdownHook] c.a.n.c.a.r.identify.CredentialWatcher   : [null] CredentialWatcher is stopped
00:00:19:981  INFO 13784 --- [item-service] [SpringApplicationShutdownHook] c.a.n.c.a.r.identify.CredentialService   : [null] CredentialService is freed
00:00:19:982  INFO 13784 --- [item-service] [SpringApplicationShutdownHook] com.alibaba.nacos.client.naming          : com.alibaba.nacos.client.naming.remote.NamingClientProxyDelegate do shutdown stop
00:00:19:988  INFO 13784 --- [item-service] [SpringApplicationShutdownHook] com.zaxxer.hikari.HikariDataSource       : HikariPool-1 - Shutdown initiated...
00:00:19:995  INFO 13784 --- [item-service] [SpringApplicationShutdownHook] com.zaxxer.hikari.HikariDataSource       : HikariPool-1 - Shutdown completed.
00:00:29:575  INFO 41260 --- [item-service] [main] c.alibaba.nacos.client.utils.ParamUtil   : [settings] [req-serv] nacos-server port:8848
00:00:29:577  INFO 41260 --- [item-service] [main] c.alibaba.nacos.client.utils.ParamUtil   : [settings] [http-client] connect timeout:1000
00:00:29:578  INFO 41260 --- [item-service] [Thread-2] c.a.n.c.a.r.identify.CredentialWatcher   : null No credential found
00:00:29:578  INFO 41260 --- [item-service] [main] c.alibaba.nacos.client.utils.ParamUtil   : PER_TASK_CONFIG_SIZE: 3000.0
00:00:29:598  INFO 41260 --- [item-service] [main] com.alibaba.nacos.common.labels          : DefaultLabelsCollectorManager get labels.....
00:00:29:598  INFO 41260 --- [item-service] [main] com.alibaba.nacos.common.labels          : Process LabelsCollector with [name:defaultNacosLabelsCollector]
00:00:29:598  INFO 41260 --- [item-service] [main] com.alibaba.nacos.common.labels          : default nacos collect properties raw labels: null
00:00:29:599  INFO 41260 --- [item-service] [main] com.alibaba.nacos.common.labels          : default nacos collect properties labels: {}
00:00:29:599  INFO 41260 --- [item-service] [main] com.alibaba.nacos.common.labels          : default nacos collect jvm raw labels: null
00:00:29:599  INFO 41260 --- [item-service] [main] com.alibaba.nacos.common.labels          : default nacos collect jvm labels: {}
00:00:29:599  INFO 41260 --- [item-service] [main] com.alibaba.nacos.common.labels          : default nacos collect env raw labels: null
00:00:29:599  INFO 41260 --- [item-service] [main] com.alibaba.nacos.common.labels          : default nacos collect env labels: {}
00:00:29:599  INFO 41260 --- [item-service] [main] com.alibaba.nacos.common.labels          : DefaultLabelsCollectorManager get labels finished,labels :{}
00:00:29:606  INFO 41260 --- [item-service] [main] c.a.n.p.a.s.c.ClientAuthPluginManager    : [ClientAuthPluginManager] Load ClientAuthService com.alibaba.nacos.client.auth.impl.NacosClientAuthServiceImpl success.
00:00:29:606  INFO 41260 --- [item-service] [main] c.a.n.p.a.s.c.ClientAuthPluginManager    : [ClientAuthPluginManager] Load ClientAuthService com.alibaba.nacos.client.auth.ram.RamClientAuthServiceImpl success.
00:00:29:610  INFO 41260 --- [item-service] [main] c.a.n.c.c.impl.LocalConfigInfoProcessor  : LOCAL_SNAPSHOT_PATH:C:\Users\14416\nacos\config
00:00:29:613  INFO 41260 --- [item-service] [main] com.alibaba.nacos.common.remote.client   : [RpcClientFactory] create a new rpc client of 0a13e10f-6b2e-40ce-96cd-0274ea6cb4a5_config-0
00:00:29:631  INFO 41260 --- [item-service] [main] com.alibaba.nacos.common.remote.client   : [0a13e10f-6b2e-40ce-96cd-0274ea6cb4a5_config-0] Register server push request handler:com.alibaba.nacos.client.config.impl.ClientWorker$ConfigRpcTransportClient$$Lambda/0x0000023d81382e20
00:00:29:631  INFO 41260 --- [item-service] [main] com.alibaba.nacos.common.remote.client   : [0a13e10f-6b2e-40ce-96cd-0274ea6cb4a5_config-0] Register server push request handler:com.alibaba.nacos.client.config.impl.ClientWorker$ConfigRpcTransportClient$$Lambda/0x0000023d81383250
00:00:29:632  INFO 41260 --- [item-service] [main] com.alibaba.nacos.common.remote.client   : [0a13e10f-6b2e-40ce-96cd-0274ea6cb4a5_config-0] Registry connection listener to current client:com.alibaba.nacos.client.config.impl.ClientWorker$ConfigRpcTransportClient$1
00:00:29:632  INFO 41260 --- [item-service] [main] com.alibaba.nacos.common.remote.client   : [0a13e10f-6b2e-40ce-96cd-0274ea6cb4a5_config-0] RpcClient init, ServerListFactory = com.alibaba.nacos.client.config.impl.ClientWorker$ConfigRpcTransportClient$2
00:00:29:637  INFO 41260 --- [item-service] [main] com.alibaba.nacos.common.remote.client   : [0a13e10f-6b2e-40ce-96cd-0274ea6cb4a5_config-0] Try to connect to server on start up, server: {serverIp = 'localhost', server main port = 8848}
00:00:29:667  INFO 41260 --- [item-service] [main] c.a.n.c.remote.client.grpc.GrpcClient    : grpc client connection server:localhost ip,serverPort:9848,grpcTslConfig:{"sslProvider":"","enableTls":false,"mutualAuthEnable":false,"trustAll":false}
00:00:30:248  INFO 41260 --- [item-service] [main] c.a.n.c.a.AbstractAbilityControlManager  : Ready to get current node abilities...
00:00:30:250  INFO 41260 --- [item-service] [main] c.a.n.c.a.AbstractAbilityControlManager  : Ready to initialize current node abilities, support modes: [SDK_CLIENT]
00:00:30:250  INFO 41260 --- [item-service] [main] c.a.n.c.a.AbstractAbilityControlManager  : Initialize current abilities finish...
00:00:30:252  INFO 41260 --- [item-service] [main] c.a.n.c.a.d.NacosAbilityManagerHolder    : [AbilityControlManager] Successfully initialize AbilityControlManager
00:00:30:272  INFO 41260 --- [item-service] [main] com.alibaba.nacos.common.remote.client   : [0a13e10f-6b2e-40ce-96cd-0274ea6cb4a5_config-0] Success to connect to server [localhost:8848] on start up, connectionId = 1780416030146_172.19.0.1_53356
00:00:30:272  INFO 41260 --- [item-service] [com.alibaba.nacos.client.remote.worker.0] com.alibaba.nacos.common.remote.client   : [0a13e10f-6b2e-40ce-96cd-0274ea6cb4a5_config-0] Notify connected event to listeners.
00:00:30:272  INFO 41260 --- [item-service] [com.alibaba.nacos.client.remote.worker.0] c.a.n.client.config.impl.ClientWorker    : [0a13e10f-6b2e-40ce-96cd-0274ea6cb4a5_config-0] Connected,notify listen context...
00:00:30:272  INFO 41260 --- [item-service] [main] com.alibaba.nacos.common.remote.client   : [0a13e10f-6b2e-40ce-96cd-0274ea6cb4a5_config-0] Register server push request handler:com.alibaba.nacos.common.remote.client.RpcClient$ConnectResetRequestHandler
00:00:30:273  INFO 41260 --- [item-service] [main] com.alibaba.nacos.common.remote.client   : [0a13e10f-6b2e-40ce-96cd-0274ea6cb4a5_config-0] Register server push request handler:com.alibaba.nacos.common.remote.client.RpcClient$$Lambda/0x0000023d815128a0
00:00:30:329  INFO 41260 --- [item-service] [main] c.a.nacos.client.config.impl.Limiter     : limitTime:5.0
00:00:30:363  WARN 41260 --- [item-service] [main] c.a.c.n.c.NacosPropertySourceBuilder     : Ignore the empty nacos configuration and get it based on dataId[item-service] & group[DEFAULT_GROUP]
00:00:30:373  WARN 41260 --- [item-service] [main] c.a.c.n.c.NacosPropertySourceBuilder     : Ignore the empty nacos configuration and get it based on dataId[item-service.yaml] & group[DEFAULT_GROUP]
00:00:30:381  WARN 41260 --- [item-service] [main] c.a.c.n.c.NacosPropertySourceBuilder     : Ignore the empty nacos configuration and get it based on dataId[item-service-local.yaml] & group[DEFAULT_GROUP]
00:00:30:382  INFO 41260 --- [item-service] [main] b.c.PropertySourceBootstrapConfiguration : Located property source: [BootstrapPropertySource {name='bootstrapProperties-item-service-local.yaml,DEFAULT_GROUP'}, BootstrapPropertySource {name='bootstrapProperties-item-service.yaml,DEFAULT_GROUP'}, BootstrapPropertySource {name='bootstrapProperties-item-service,DEFAULT_GROUP'}]
00:00:30:396  INFO 41260 --- [item-service] [main] com.digital.mall.item.ItemApplication    : The following 1 profile is active: "local"
00:00:31:415  INFO 41260 --- [item-service] [main] .s.d.r.c.RepositoryConfigurationDelegate : Multiple Spring Data modules found, entering strict repository configuration mode
00:00:31:422  INFO 41260 --- [item-service] [main] .s.d.r.c.RepositoryConfigurationDelegate : Bootstrapping Spring Data Redis repositories in DEFAULT mode.
00:00:31:468  INFO 41260 --- [item-service] [main] .s.d.r.c.RepositoryConfigurationDelegate : Finished Spring Data repository scanning in 17 ms. Found 0 Redis repository interfaces.
00:00:31:857  INFO 41260 --- [item-service] [main] o.s.cloud.context.scope.GenericScope     : BeanFactory id=e6b61a33-c360-3ab6-9237-1e1e2a801f7f
00:00:32:191  WARN 41260 --- [item-service] [main] trationDelegate$BeanPostProcessorChecker : Bean 'org.springframework.cloud.client.loadbalancer.LoadBalancerAutoConfiguration$DeferringLoadBalancerInterceptorConfig' of type [org.springframework.cloud.client.loadbalancer.LoadBalancerAutoConfiguration$DeferringLoadBalancerInterceptorConfig] is not eligible for getting processed by all BeanPostProcessors (for example: not eligible for auto-proxying). The currently created BeanPostProcessor [lbRestClientPostProcessor] is declared through a non-static factory method on that class; consider declaring it as static instead.
00:00:32:193  WARN 41260 --- [item-service] [main] trationDelegate$BeanPostProcessorChecker : Bean 'deferringLoadBalancerInterceptor' of type [org.springframework.cloud.client.loadbalancer.DeferringLoadBalancerInterceptor] is not eligible for getting processed by all BeanPostProcessors (for example: not eligible for auto-proxying). Is this bean getting eagerly injected into a currently created BeanPostProcessor [lbRestClientPostProcessor]? Check the corresponding BeanPostProcessor declaration and its dependencies.
00:00:32:408  INFO 41260 --- [item-service] [main] o.s.b.w.embedded.tomcat.TomcatWebServer  : Tomcat initialized with port 8081 (http)
00:00:32:421  INFO 41260 --- [item-service] [main] o.apache.catalina.core.StandardService   : Starting service [Tomcat]
00:00:32:421  INFO 41260 --- [item-service] [main] o.apache.catalina.core.StandardEngine    : Starting Servlet engine: [Apache Tomcat/10.1.26]
00:00:32:483  INFO 41260 --- [item-service] [main] o.a.c.c.C.[Tomcat].[localhost].[/]       : Initializing Spring embedded WebApplicationContext
00:00:32:483  INFO 41260 --- [item-service] [main] w.s.c.ServletWebServerApplicationContext : Root WebApplicationContext: initialization completed in 2070 ms
00:00:33:611  INFO 41260 --- [item-service] [main] org.redisson.Version                     : Redisson 3.27.0
00:00:33:961  INFO 41260 --- [item-service] [redisson-netty-1-5] o.redisson.connection.ConnectionsHolder  : 1 connections initialized for localhost/127.0.0.1:6379
00:00:34:053  INFO 41260 --- [item-service] [redisson-netty-1-20] o.redisson.connection.ConnectionsHolder  : 24 connections initialized for localhost/127.0.0.1:6379
00:00:35:107  INFO 41260 --- [item-service] [main] o.s.b.a.e.web.EndpointLinksResolver      : Exposing 1 endpoint(s) beneath base path '/actuator'
00:00:35:201  INFO 41260 --- [item-service] [main] o.s.b.w.embedded.tomcat.TomcatWebServer  : Tomcat started on port 8081 (http) with context path ''
00:00:35:207  INFO 41260 --- [item-service] [main] com.alibaba.nacos.client.naming          : initializer namespace from ans.namespace attribute : null
00:00:35:207  INFO 41260 --- [item-service] [main] com.alibaba.nacos.client.naming          : initializer namespace from ALIBABA_ALIWARE_NAMESPACE attribute :null
00:00:35:207  INFO 41260 --- [item-service] [main] com.alibaba.nacos.client.naming          : initializer namespace from namespace attribute :null
00:00:35:211  INFO 41260 --- [item-service] [main] com.alibaba.nacos.client.naming          : FailoverDataSource type is class com.alibaba.nacos.client.naming.backups.datasource.DiskFailoverDataSource
00:00:35:216  INFO 41260 --- [item-service] [main] c.a.n.p.a.s.c.ClientAuthPluginManager    : [ClientAuthPluginManager] Load ClientAuthService com.alibaba.nacos.client.auth.impl.NacosClientAuthServiceImpl success.
00:00:35:216  INFO 41260 --- [item-service] [main] c.a.n.p.a.s.c.ClientAuthPluginManager    : [ClientAuthPluginManager] Load ClientAuthService com.alibaba.nacos.client.auth.ram.RamClientAuthServiceImpl success.
00:00:35:221  INFO 41260 --- [item-service] [main] com.alibaba.nacos.common.remote.client   : [RpcClientFactory] create a new rpc client of f1b8541f-fc3c-4541-9982-44da84b09d6f
00:00:35:223  INFO 41260 --- [item-service] [main] com.alibaba.nacos.client.naming          : Create naming rpc client for uuid->f1b8541f-fc3c-4541-9982-44da84b09d6f
00:00:35:223  INFO 41260 --- [item-service] [main] com.alibaba.nacos.common.remote.client   : [f1b8541f-fc3c-4541-9982-44da84b09d6f] RpcClient init, ServerListFactory = com.alibaba.nacos.client.naming.core.ServerListManager
00:00:35:223  INFO 41260 --- [item-service] [main] com.alibaba.nacos.common.remote.client   : [f1b8541f-fc3c-4541-9982-44da84b09d6f] Registry connection listener to current client:com.alibaba.nacos.client.naming.remote.gprc.redo.NamingGrpcRedoService
00:00:35:224  INFO 41260 --- [item-service] [main] com.alibaba.nacos.common.remote.client   : [f1b8541f-fc3c-4541-9982-44da84b09d6f] Register server push request handler:com.alibaba.nacos.client.naming.remote.gprc.NamingPushRequestHandler
00:00:35:225  INFO 41260 --- [item-service] [main] com.alibaba.nacos.common.remote.client   : [f1b8541f-fc3c-4541-9982-44da84b09d6f] Try to connect to server on start up, server: {serverIp = 'localhost', server main port = 8848}
00:00:35:225  INFO 41260 --- [item-service] [main] c.a.n.c.remote.client.grpc.GrpcClient    : grpc client connection server:localhost ip,serverPort:9848,grpcTslConfig:{"sslProvider":"","enableTls":false,"mutualAuthEnable":false,"trustAll":false}
00:00:35:243  INFO 41260 --- [item-service] [main] com.alibaba.nacos.common.remote.client   : [f1b8541f-fc3c-4541-9982-44da84b09d6f] Success to connect to server [localhost:8848] on start up, connectionId = 1780416035234_172.19.0.1_53378
00:00:35:244  INFO 41260 --- [item-service] [main] com.alibaba.nacos.common.remote.client   : [f1b8541f-fc3c-4541-9982-44da84b09d6f] Register server push request handler:com.alibaba.nacos.common.remote.client.RpcClient$ConnectResetRequestHandler
00:00:35:244  INFO 41260 --- [item-service] [com.alibaba.nacos.client.remote.worker.0] com.alibaba.nacos.common.remote.client   : [f1b8541f-fc3c-4541-9982-44da84b09d6f] Notify connected event to listeners.
00:00:35:244  INFO 41260 --- [item-service] [main] com.alibaba.nacos.common.remote.client   : [f1b8541f-fc3c-4541-9982-44da84b09d6f] Register server push request handler:com.alibaba.nacos.common.remote.client.RpcClient$$Lambda/0x0000023d815128a0
00:00:35:244  INFO 41260 --- [item-service] [com.alibaba.nacos.client.remote.worker.0] com.alibaba.nacos.client.naming          : Grpc connection connect
00:00:35:245  INFO 41260 --- [item-service] [main] com.alibaba.nacos.client.naming          : [REGISTER-SERVICE] public registering service item-service with instance Instance{instanceId='null', ip='100.2.20.214', port=8081, weight=1.0, healthy=true, enabled=true, ephemeral=true, clusterName='', serviceName='null', metadata={IPv6=null, preserved.register.source=SPRING_CLOUD}}
00:00:35:259  INFO 41260 --- [item-service] [main] c.a.c.n.registry.NacosServiceRegistry    : nacos registry, DEFAULT_GROUP item-service 100.2.20.214:8081 register finished
00:00:35:279  INFO 41260 --- [item-service] [main] com.digital.mall.item.ItemApplication    : Started ItemApplication in 6.528 seconds (process running for 7.196)
00:00:35:289  INFO 41260 --- [item-service] [main] c.a.nacos.client.config.impl.CacheData   : config listener notify warn timeout millis use default 60000 millis 
00:00:35:289  INFO 41260 --- [item-service] [main] c.a.nacos.client.config.impl.CacheData   : nacos.cache.data.init.snapshot = true 
00:00:35:290  INFO 41260 --- [item-service] [main] c.a.n.client.config.impl.ClientWorker    : [fixed-localhost_8848] [subscribe] item-service.yaml+DEFAULT_GROUP
00:00:35:299  INFO 41260 --- [item-service] [main] c.a.nacos.client.config.impl.CacheData   : [fixed-localhost_8848] [add-listener] ok, tenant=, dataId=item-service.yaml, group=DEFAULT_GROUP, cnt=1
00:00:35:300  INFO 41260 --- [item-service] [main] c.a.c.n.refresh.NacosContextRefresher    : [Nacos Config] Listening config: dataId=item-service.yaml, group=DEFAULT_GROUP
00:00:35:300  INFO 41260 --- [item-service] [main] c.a.n.client.config.impl.ClientWorker    : [fixed-localhost_8848] [subscribe] item-service-local.yaml+DEFAULT_GROUP
00:00:35:300  INFO 41260 --- [item-service] [main] c.a.nacos.client.config.impl.CacheData   : [fixed-localhost_8848] [add-listener] ok, tenant=, dataId=item-service-local.yaml, group=DEFAULT_GROUP, cnt=1
00:00:35:300  INFO 41260 --- [item-service] [main] c.a.c.n.refresh.NacosContextRefresher    : [Nacos Config] Listening config: dataId=item-service-local.yaml, group=DEFAULT_GROUP
00:00:35:300  INFO 41260 --- [item-service] [main] c.a.n.client.config.impl.ClientWorker    : [fixed-localhost_8848] [subscribe] item-service+DEFAULT_GROUP
00:00:35:300  INFO 41260 --- [item-service] [main] c.a.nacos.client.config.impl.CacheData   : [fixed-localhost_8848] [add-listener] ok, tenant=, dataId=item-service, group=DEFAULT_GROUP, cnt=1
00:00:35:300  INFO 41260 --- [item-service] [main] c.a.c.n.refresh.NacosContextRefresher    : [Nacos Config] Listening config: dataId=item-service, group=DEFAULT_GROUP
00:00:35:413  INFO 41260 --- [item-service] [RMI TCP Connection(2)-100.2.20.214] o.s.a.r.c.CachingConnectionFactory       : Attempting to connect to: [localhost:5672]
00:00:35:414  INFO 41260 --- [item-service] [RMI TCP Connection(3)-100.2.20.214] o.a.c.c.C.[Tomcat].[localhost].[/]       : Initializing Spring DispatcherServlet 'dispatcherServlet'
00:00:35:415  INFO 41260 --- [item-service] [RMI TCP Connection(3)-100.2.20.214] o.s.web.servlet.DispatcherServlet        : Initializing Servlet 'dispatcherServlet'
00:00:35:418  INFO 41260 --- [item-service] [RMI TCP Connection(3)-100.2.20.214] o.s.web.servlet.DispatcherServlet        : Completed initialization in 2 ms
00:00:35:466  INFO 41260 --- [item-service] [RMI TCP Connection(2)-100.2.20.214] o.s.a.r.c.CachingConnectionFactory       : Created new connection: rabbitConnectionFactory#48682f91:0/SimpleConnection@63534fe9 [delegate=amqp://guest@127.0.0.1:5672/, localPort=50601]
00:00:35:492  INFO 41260 --- [item-service] [RMI TCP Connection(2)-100.2.20.214] com.zaxxer.hikari.HikariDataSource       : HikariPool-1 - Starting...
00:00:35:643  INFO 41260 --- [item-service] [RMI TCP Connection(2)-100.2.20.214] com.zaxxer.hikari.pool.HikariPool        : HikariPool-1 - Added connection org.postgresql.jdbc.PgConnection@3d8f7d7a
00:00:35:656  INFO 41260 --- [item-service] [RMI TCP Connection(2)-100.2.20.214] com.zaxxer.hikari.HikariDataSource       : HikariPool-1 - Start completed.
00:00:53:208 DEBUG 41260 --- [item-service] [http-nio-8081-exec-2] c.d.m.i.m.ItemMapper.selectList_mpCount  : ==>  Preparing: SELECT COUNT(*) AS total FROM item
00:00:53:223 DEBUG 41260 --- [item-service] [http-nio-8081-exec-2] c.d.m.i.m.ItemMapper.selectList_mpCount  : ==> Parameters: 
00:00:53:247 DEBUG 41260 --- [item-service] [http-nio-8081-exec-2] c.d.m.i.m.ItemMapper.selectList_mpCount  : <==      Total: 1
00:00:53:273 DEBUG 41260 --- [item-service] [http-nio-8081-exec-2] c.d.m.item.mapper.ItemMapper.selectList  : ==>  Preparing: SELECT id, name, price, stock, image, category, brand, spec, sold, comment_count, is_ad, status, create_time, update_time, creater, updater FROM item ORDER BY update_time DESC LIMIT ?
00:00:53:278 DEBUG 41260 --- [item-service] [http-nio-8081-exec-2] c.d.m.item.mapper.ItemMapper.selectList  : ==> Parameters: 20(Long)
00:00:53:297 DEBUG 41260 --- [item-service] [http-nio-8081-exec-2] c.d.m.item.mapper.ItemMapper.selectList  : <==      Total: 20
00:01:05:672 DEBUG 41260 --- [item-service] [http-nio-8081-exec-1] c.d.m.i.m.ItemMapper.selectList_mpCount  : ==>  Preparing: SELECT COUNT(*) AS total FROM item
00:01:05:672 DEBUG 41260 --- [item-service] [http-nio-8081-exec-1] c.d.m.i.m.ItemMapper.selectList_mpCount  : ==> Parameters: 
00:01:05:674 DEBUG 41260 --- [item-service] [http-nio-8081-exec-1] c.d.m.i.m.ItemMapper.selectList_mpCount  : <==      Total: 1
00:01:05:684 DEBUG 41260 --- [item-service] [http-nio-8081-exec-1] c.d.m.item.mapper.ItemMapper.selectList  : ==>  Preparing: SELECT id, name, price, stock, image, category, brand, spec, sold, comment_count, is_ad, status, create_time, update_time, creater, updater FROM item ORDER BY update_time DESC LIMIT ?
00:01:05:684 DEBUG 41260 --- [item-service] [http-nio-8081-exec-1] c.d.m.item.mapper.ItemMapper.selectList  : ==> Parameters: 20(Long)
00:01:05:690 DEBUG 41260 --- [item-service] [http-nio-8081-exec-1] c.d.m.item.mapper.ItemMapper.selectList  : <==      Total: 20
00:01:06:334 DEBUG 41260 --- [item-service] [http-nio-8081-exec-3] c.d.m.i.m.ItemMapper.selectBatchIds      : ==>  Preparing: SELECT id,name,price,stock,image,category,brand,spec,sold,comment_count,is_ad,status,create_time,update_time,creater,updater FROM item WHERE id IN ( ? , ? , ? , ? )
00:01:06:335 DEBUG 41260 --- [item-service] [http-nio-8081-exec-3] c.d.m.i.m.ItemMapper.selectBatchIds      : ==> Parameters: 176(Long), 177(Long), 163(Long), 172(Long)
00:01:06:337 DEBUG 41260 --- [item-service] [http-nio-8081-exec-3] c.d.m.i.m.ItemMapper.selectBatchIds      : <==      Total: 4
00:01:06:967 DEBUG 41260 --- [item-service] [http-nio-8081-exec-4] c.d.m.i.m.ItemMapper.selectBatchIds      : ==>  Preparing: SELECT id,name,price,stock,image,category,brand,spec,sold,comment_count,is_ad,status,create_time,update_time,creater,updater FROM item WHERE id IN ( ? , ? , ? , ? )
00:01:06:967 DEBUG 41260 --- [item-service] [http-nio-8081-exec-4] c.d.m.i.m.ItemMapper.selectBatchIds      : ==> Parameters: 176(Long), 177(Long), 163(Long), 172(Long)
00:01:06:970 DEBUG 41260 --- [item-service] [http-nio-8081-exec-4] c.d.m.i.m.ItemMapper.selectBatchIds      : <==      Total: 4
00:01:07:069 DEBUG 41260 --- [item-service] [http-nio-8081-exec-5] c.d.m.i.m.ItemMapper.selectBatchIds      : ==>  Preparing: SELECT id,name,price,stock,image,category,brand,spec,sold,comment_count,is_ad,status,create_time,update_time,creater,updater FROM item WHERE id IN ( ? , ? , ? , ? )
00:01:07:070 DEBUG 41260 --- [item-service] [http-nio-8081-exec-5] c.d.m.i.m.ItemMapper.selectBatchIds      : ==> Parameters: 176(Long), 177(Long), 163(Long), 172(Long)
00:01:07:072 DEBUG 41260 --- [item-service] [http-nio-8081-exec-5] c.d.m.i.m.ItemMapper.selectBatchIds      : <==      Total: 4
00:01:07:872 DEBUG 41260 --- [item-service] [http-nio-8081-exec-6] c.d.m.i.m.ItemMapper.selectBatchIds      : ==>  Preparing: SELECT id,name,price,stock,image,category,brand,spec,sold,comment_count,is_ad,status,create_time,update_time,creater,updater FROM item WHERE id IN ( ? , ? , ? , ? )
00:01:07:873 DEBUG 41260 --- [item-service] [http-nio-8081-exec-6] c.d.m.i.m.ItemMapper.selectBatchIds      : ==> Parameters: 176(Long), 177(Long), 163(Long), 172(Long)
00:01:07:875 DEBUG 41260 --- [item-service] [http-nio-8081-exec-6] c.d.m.i.m.ItemMapper.selectBatchIds      : <==      Total: 4
00:01:07:969 DEBUG 41260 --- [item-service] [http-nio-8081-exec-9] c.d.m.i.m.ItemMapper.selectBatchIds      : ==>  Preparing: SELECT id,name,price,stock,image,category,brand,spec,sold,comment_count,is_ad,status,create_time,update_time,creater,updater FROM item WHERE id IN ( ? , ? , ? , ? )
00:01:07:969 DEBUG 41260 --- [item-service] [http-nio-8081-exec-9] c.d.m.i.m.ItemMapper.selectBatchIds      : ==> Parameters: 176(Long), 177(Long), 163(Long), 172(Long)
00:01:07:972 DEBUG 41260 --- [item-service] [http-nio-8081-exec-9] c.d.m.i.m.ItemMapper.selectBatchIds      : <==      Total: 4
00:01:16:080 DEBUG 41260 --- [item-service] [http-nio-8081-exec-8] c.d.m.i.m.ItemMapper.selectBatchIds      : ==>  Preparing: SELECT id,name,price,stock,image,category,brand,spec,sold,comment_count,is_ad,status,create_time,update_time,creater,updater FROM item WHERE id IN ( ? , ? , ? , ? )
00:01:16:080 DEBUG 41260 --- [item-service] [http-nio-8081-exec-8] c.d.m.i.m.ItemMapper.selectBatchIds      : ==> Parameters: 176(Long), 177(Long), 163(Long), 172(Long)
00:01:16:087 DEBUG 41260 --- [item-service] [http-nio-8081-exec-8] c.d.m.i.m.ItemMapper.selectBatchIds      : <==      Total: 4
00:01:16:196 DEBUG 41260 --- [item-service] [http-nio-8081-exec-7] c.d.m.i.m.ItemMapper.selectBatchIds      : ==>  Preparing: SELECT id,name,price,stock,image,category,brand,spec,sold,comment_count,is_ad,status,create_time,update_time,creater,updater FROM item WHERE id IN ( ? , ? , ? , ? )
00:01:16:196 DEBUG 41260 --- [item-service] [http-nio-8081-exec-7] c.d.m.i.m.ItemMapper.selectBatchIds      : ==> Parameters: 176(Long), 177(Long), 163(Long), 172(Long)
00:01:16:198 DEBUG 41260 --- [item-service] [http-nio-8081-exec-7] c.d.m.i.m.ItemMapper.selectBatchIds      : <==      Total: 4
00:01:17:826 DEBUG 41260 --- [item-service] [http-nio-8081-exec-10] c.d.m.i.m.ItemMapper.selectBatchIds      : ==>  Preparing: SELECT id,name,price,stock,image,category,brand,spec,sold,comment_count,is_ad,status,create_time,update_time,creater,updater FROM item WHERE id IN ( ? , ? , ? , ? )
00:01:17:827 DEBUG 41260 --- [item-service] [http-nio-8081-exec-10] c.d.m.i.m.ItemMapper.selectBatchIds      : ==> Parameters: 176(Long), 177(Long), 163(Long), 172(Long)
00:01:17:829 DEBUG 41260 --- [item-service] [http-nio-8081-exec-10] c.d.m.i.m.ItemMapper.selectBatchIds      : <==      Total: 4
00:01:17:918 DEBUG 41260 --- [item-service] [http-nio-8081-exec-2] c.d.m.i.m.ItemMapper.selectBatchIds      : ==>  Preparing: SELECT id,name,price,stock,image,category,brand,spec,sold,comment_count,is_ad,status,create_time,update_time,creater,updater FROM item WHERE id IN ( ? , ? , ? , ? )
00:01:17:919 DEBUG 41260 --- [item-service] [http-nio-8081-exec-2] c.d.m.i.m.ItemMapper.selectBatchIds      : ==> Parameters: 176(Long), 177(Long), 163(Long), 172(Long)
00:01:17:921 DEBUG 41260 --- [item-service] [http-nio-8081-exec-2] c.d.m.i.m.ItemMapper.selectBatchIds      : <==      Total: 4
00:02:01:537  WARN 41260 --- [item-service] [Thread-3] c.a.n.common.http.HttpClientBeanHolder   : [HttpClientBeanHolder] Start destroying common HttpClient
00:02:01:537  WARN 41260 --- [item-service] [Thread-5] c.a.nacos.common.notify.NotifyCenter     : [NotifyCenter] Start destroying Publisher
00:02:01:537  WARN 41260 --- [item-service] [Thread-5] c.a.nacos.common.notify.NotifyCenter     : [NotifyCenter] Destruction of the end
00:02:01:538  WARN 41260 --- [item-service] [Thread-3] c.a.n.common.http.HttpClientBeanHolder   : [HttpClientBeanHolder] Destruction of the end
00:02:01:634  INFO 41260 --- [item-service] [SpringApplicationShutdownHook] c.a.c.n.registry.NacosServiceRegistry    : De-registering from Nacos Server now...
00:02:01:634  INFO 41260 --- [item-service] [SpringApplicationShutdownHook] com.alibaba.nacos.client.naming          : [DEREGISTER-SERVICE] public deregistering service item-service with instance: Instance{instanceId='null', ip='100.2.20.214', port=8081, weight=1.0, healthy=true, enabled=true, ephemeral=true, clusterName='', serviceName='null', metadata={}}
00:02:01:646  INFO 41260 --- [item-service] [SpringApplicationShutdownHook] c.a.c.n.registry.NacosServiceRegistry    : De-registration finished.
00:02:01:647  INFO 41260 --- [item-service] [SpringApplicationShutdownHook] com.alibaba.nacos.client.naming          : com.alibaba.nacos.client.naming.cache.ServiceInfoHolder do shutdown begin
00:02:01:647  INFO 41260 --- [item-service] [SpringApplicationShutdownHook] com.alibaba.nacos.client.naming          : com.alibaba.nacos.client.naming.backups.FailoverReactor do shutdown begin
00:02:01:647  INFO 41260 --- [item-service] [SpringApplicationShutdownHook] com.alibaba.nacos.client.naming          : com.alibaba.nacos.client.naming.backups.FailoverReactor do shutdown stop
00:02:01:647  INFO 41260 --- [item-service] [SpringApplicationShutdownHook] com.alibaba.nacos.client.naming          : com.alibaba.nacos.client.naming.cache.ServiceInfoHolder do shutdown stop
00:02:01:647  INFO 41260 --- [item-service] [SpringApplicationShutdownHook] com.alibaba.nacos.client.naming          : com.alibaba.nacos.client.naming.remote.NamingClientProxyDelegate do shutdown begin
00:02:01:647  INFO 41260 --- [item-service] [SpringApplicationShutdownHook] com.alibaba.nacos.client.naming          : com.alibaba.nacos.client.naming.core.ServiceInfoUpdateService do shutdown begin
00:02:01:647  INFO 41260 --- [item-service] [SpringApplicationShutdownHook] com.alibaba.nacos.client.naming          : com.alibaba.nacos.client.naming.core.ServiceInfoUpdateService do shutdown stop
00:02:01:647  INFO 41260 --- [item-service] [SpringApplicationShutdownHook] com.alibaba.nacos.client.naming          : com.alibaba.nacos.client.naming.core.ServerListManager do shutdown begin
00:02:01:647  WARN 41260 --- [item-service] [SpringApplicationShutdownHook] com.alibaba.nacos.client.naming          : [NamingHttpClientManager] Start destroying NacosRestTemplate
00:02:01:647  WARN 41260 --- [item-service] [SpringApplicationShutdownHook] com.alibaba.nacos.client.naming          : [NamingHttpClientManager] Destruction of the end
00:02:02:009  INFO 41260 --- [item-service] [SpringApplicationShutdownHook] com.alibaba.nacos.client.naming          : com.alibaba.nacos.client.naming.core.ServerListManager do shutdown stop
00:02:02:009  INFO 41260 --- [item-service] [SpringApplicationShutdownHook] com.alibaba.nacos.client.naming          : com.alibaba.nacos.client.naming.remote.http.NamingHttpClientProxy do shutdown begin
00:02:02:009  WARN 41260 --- [item-service] [SpringApplicationShutdownHook] com.alibaba.nacos.client.naming          : [NamingHttpClientManager] Start destroying NacosRestTemplate
00:02:02:009  WARN 41260 --- [item-service] [SpringApplicationShutdownHook] com.alibaba.nacos.client.naming          : [NamingHttpClientManager] Destruction of the end
00:02:02:009  INFO 41260 --- [item-service] [SpringApplicationShutdownHook] com.alibaba.nacos.client.naming          : com.alibaba.nacos.client.naming.remote.http.NamingHttpClientProxy do shutdown stop
00:02:02:009  INFO 41260 --- [item-service] [SpringApplicationShutdownHook] com.alibaba.nacos.client.naming          : Shutdown naming grpc client proxy for  uuid->f1b8541f-fc3c-4541-9982-44da84b09d6f
00:02:02:009  INFO 41260 --- [item-service] [SpringApplicationShutdownHook] com.alibaba.nacos.client.naming          : Shutdown grpc redo service executor java.util.concurrent.ScheduledThreadPoolExecutor@3653bb61[Running, pool size = 1, active threads = 0, queued tasks = 1, completed tasks = 28]
00:02:02:010  INFO 41260 --- [item-service] [SpringApplicationShutdownHook] com.alibaba.nacos.common.remote.client   : Shutdown rpc client, set status to shutdown
00:02:02:010  INFO 41260 --- [item-service] [SpringApplicationShutdownHook] com.alibaba.nacos.common.remote.client   : Shutdown client event executor java.util.concurrent.ScheduledThreadPoolExecutor@18d6ac02[Running, pool size = 2, active threads = 2, queued tasks = 0, completed tasks = 0]
00:02:02:010  INFO 41260 --- [item-service] [SpringApplicationShutdownHook] com.alibaba.nacos.common.remote.client   : Close current connection 1780416035234_172.19.0.1_53378
00:02:02:017  INFO 41260 --- [item-service] [nacos-grpc-client-executor-localhost-24] c.a.n.c.remote.client.grpc.GrpcClient    : [1780416035234_172.19.0.1_53378]Ignore complete event,isRunning:false,isAbandon=false
00:02:02:026  INFO 41260 --- [item-service] [SpringApplicationShutdownHook] c.a.n.c.remote.client.grpc.GrpcClient    : Shutdown grpc executor java.util.concurrent.ThreadPoolExecutor@6e4d660[Running, pool size = 4, active threads = 0, queued tasks = 0, completed tasks = 25]
00:02:02:026  INFO 41260 --- [item-service] [SpringApplicationShutdownHook] com.alibaba.nacos.client.naming          : shutdown and remove naming rpc client  for uuid ->f1b8541f-fc3c-4541-9982-44da84b09d6f
00:02:02:026  INFO 41260 --- [item-service] [SpringApplicationShutdownHook] c.a.n.c.a.r.identify.CredentialWatcher   : [null] CredentialWatcher is stopped
00:02:02:026  INFO 41260 --- [item-service] [SpringApplicationShutdownHook] c.a.n.c.a.r.identify.CredentialService   : [null] CredentialService is freed
00:02:02:026  INFO 41260 --- [item-service] [SpringApplicationShutdownHook] com.alibaba.nacos.client.naming          : com.alibaba.nacos.client.naming.remote.NamingClientProxyDelegate do shutdown stop
00:02:02:028  INFO 41260 --- [item-service] [SpringApplicationShutdownHook] com.zaxxer.hikari.HikariDataSource       : HikariPool-1 - Shutdown initiated...
00:02:02:032  INFO 41260 --- [item-service] [SpringApplicationShutdownHook] com.zaxxer.hikari.HikariDataSource       : HikariPool-1 - Shutdown completed.
10:53:44:558  INFO 9068 --- [item-service] [main] c.alibaba.nacos.client.utils.ParamUtil   : [settings] [req-serv] nacos-server port:8848
10:53:44:561  INFO 9068 --- [item-service] [Thread-2] c.a.n.c.a.r.identify.CredentialWatcher   : null No credential found
10:53:44:562  INFO 9068 --- [item-service] [main] c.alibaba.nacos.client.utils.ParamUtil   : [settings] [http-client] connect timeout:1000
10:53:44:563  INFO 9068 --- [item-service] [main] c.alibaba.nacos.client.utils.ParamUtil   : PER_TASK_CONFIG_SIZE: 3000.0
10:53:44:597  INFO 9068 --- [item-service] [main] com.alibaba.nacos.common.labels          : DefaultLabelsCollectorManager get labels.....
10:53:44:597  INFO 9068 --- [item-service] [main] com.alibaba.nacos.common.labels          : Process LabelsCollector with [name:defaultNacosLabelsCollector]
10:53:44:597  INFO 9068 --- [item-service] [main] com.alibaba.nacos.common.labels          : default nacos collect properties raw labels: null
10:53:44:598  INFO 9068 --- [item-service] [main] com.alibaba.nacos.common.labels          : default nacos collect properties labels: {}
10:53:44:599  INFO 9068 --- [item-service] [main] com.alibaba.nacos.common.labels          : default nacos collect jvm raw labels: null
10:53:44:599  INFO 9068 --- [item-service] [main] com.alibaba.nacos.common.labels          : default nacos collect jvm labels: {}
10:53:44:599  INFO 9068 --- [item-service] [main] com.alibaba.nacos.common.labels          : default nacos collect env raw labels: null
10:53:44:599  INFO 9068 --- [item-service] [main] com.alibaba.nacos.common.labels          : default nacos collect env labels: {}
10:53:44:599  INFO 9068 --- [item-service] [main] com.alibaba.nacos.common.labels          : DefaultLabelsCollectorManager get labels finished,labels :{}
10:53:44:608  INFO 9068 --- [item-service] [main] c.a.n.p.a.s.c.ClientAuthPluginManager    : [ClientAuthPluginManager] Load ClientAuthService com.alibaba.nacos.client.auth.impl.NacosClientAuthServiceImpl success.
10:53:44:608  INFO 9068 --- [item-service] [main] c.a.n.p.a.s.c.ClientAuthPluginManager    : [ClientAuthPluginManager] Load ClientAuthService com.alibaba.nacos.client.auth.ram.RamClientAuthServiceImpl success.
10:53:44:612  INFO 9068 --- [item-service] [main] c.a.n.c.c.impl.LocalConfigInfoProcessor  : LOCAL_SNAPSHOT_PATH:C:\Users\14416\nacos\config
10:53:44:617  INFO 9068 --- [item-service] [main] com.alibaba.nacos.common.remote.client   : [RpcClientFactory] create a new rpc client of 3baaf60a-a818-4c43-942f-cba0915ee4fe_config-0
10:53:44:638  INFO 9068 --- [item-service] [main] com.alibaba.nacos.common.remote.client   : [3baaf60a-a818-4c43-942f-cba0915ee4fe_config-0] Register server push request handler:com.alibaba.nacos.client.config.impl.ClientWorker$ConfigRpcTransportClient$$Lambda/0x0000020dc5389a08
10:53:44:638  INFO 9068 --- [item-service] [main] com.alibaba.nacos.common.remote.client   : [3baaf60a-a818-4c43-942f-cba0915ee4fe_config-0] Register server push request handler:com.alibaba.nacos.client.config.impl.ClientWorker$ConfigRpcTransportClient$$Lambda/0x0000020dc5389e38
10:53:44:640  INFO 9068 --- [item-service] [main] com.alibaba.nacos.common.remote.client   : [3baaf60a-a818-4c43-942f-cba0915ee4fe_config-0] Registry connection listener to current client:com.alibaba.nacos.client.config.impl.ClientWorker$ConfigRpcTransportClient$1
10:53:44:640  INFO 9068 --- [item-service] [main] com.alibaba.nacos.common.remote.client   : [3baaf60a-a818-4c43-942f-cba0915ee4fe_config-0] RpcClient init, ServerListFactory = com.alibaba.nacos.client.config.impl.ClientWorker$ConfigRpcTransportClient$2
10:53:44:647  INFO 9068 --- [item-service] [main] com.alibaba.nacos.common.remote.client   : [3baaf60a-a818-4c43-942f-cba0915ee4fe_config-0] Try to connect to server on start up, server: {serverIp = 'localhost', server main port = 8848}
10:53:44:681  INFO 9068 --- [item-service] [main] c.a.n.c.remote.client.grpc.GrpcClient    : grpc client connection server:localhost ip,serverPort:9848,grpcTslConfig:{"sslProvider":"","enableTls":false,"mutualAuthEnable":false,"trustAll":false}
10:53:45:315  INFO 9068 --- [item-service] [main] c.a.n.c.a.AbstractAbilityControlManager  : Ready to get current node abilities...
10:53:45:318  INFO 9068 --- [item-service] [main] c.a.n.c.a.AbstractAbilityControlManager  : Ready to initialize current node abilities, support modes: [SDK_CLIENT]
10:53:45:318  INFO 9068 --- [item-service] [main] c.a.n.c.a.AbstractAbilityControlManager  : Initialize current abilities finish...
10:53:45:320  INFO 9068 --- [item-service] [main] c.a.n.c.a.d.NacosAbilityManagerHolder    : [AbilityControlManager] Successfully initialize AbilityControlManager
10:53:45:352  INFO 9068 --- [item-service] [main] com.alibaba.nacos.common.remote.client   : [3baaf60a-a818-4c43-942f-cba0915ee4fe_config-0] Success to connect to server [localhost:8848] on start up, connectionId = 1780455225176_172.19.0.1_44746
10:53:45:353  INFO 9068 --- [item-service] [com.alibaba.nacos.client.remote.worker.0] com.alibaba.nacos.common.remote.client   : [3baaf60a-a818-4c43-942f-cba0915ee4fe_config-0] Notify connected event to listeners.
10:53:45:353  INFO 9068 --- [item-service] [com.alibaba.nacos.client.remote.worker.0] c.a.n.client.config.impl.ClientWorker    : [3baaf60a-a818-4c43-942f-cba0915ee4fe_config-0] Connected,notify listen context...
10:53:45:353  INFO 9068 --- [item-service] [main] com.alibaba.nacos.common.remote.client   : [3baaf60a-a818-4c43-942f-cba0915ee4fe_config-0] Register server push request handler:com.alibaba.nacos.common.remote.client.RpcClient$ConnectResetRequestHandler
10:53:45:353  INFO 9068 --- [item-service] [main] com.alibaba.nacos.common.remote.client   : [3baaf60a-a818-4c43-942f-cba0915ee4fe_config-0] Register server push request handler:com.alibaba.nacos.common.remote.client.RpcClient$$Lambda/0x0000020dc54ee350
10:53:45:428  INFO 9068 --- [item-service] [main] c.a.nacos.client.config.impl.Limiter     : limitTime:5.0
10:53:45:453  WARN 9068 --- [item-service] [main] c.a.c.n.c.NacosPropertySourceBuilder     : Ignore the empty nacos configuration and get it based on dataId[item-service] & group[DEFAULT_GROUP]
10:53:45:470  WARN 9068 --- [item-service] [main] c.a.c.n.c.NacosPropertySourceBuilder     : Ignore the empty nacos configuration and get it based on dataId[item-service.yaml] & group[DEFAULT_GROUP]
10:53:45:481  WARN 9068 --- [item-service] [main] c.a.c.n.c.NacosPropertySourceBuilder     : Ignore the empty nacos configuration and get it based on dataId[item-service-local.yaml] & group[DEFAULT_GROUP]
10:53:45:482  INFO 9068 --- [item-service] [main] b.c.PropertySourceBootstrapConfiguration : Located property source: [BootstrapPropertySource {name='bootstrapProperties-item-service-local.yaml,DEFAULT_GROUP'}, BootstrapPropertySource {name='bootstrapProperties-item-service.yaml,DEFAULT_GROUP'}, BootstrapPropertySource {name='bootstrapProperties-item-service,DEFAULT_GROUP'}]
10:53:45:500  INFO 9068 --- [item-service] [main] com.digital.mall.item.ItemApplication    : The following 1 profile is active: "local"
10:53:47:095  INFO 9068 --- [item-service] [main] .s.d.r.c.RepositoryConfigurationDelegate : Multiple Spring Data modules found, entering strict repository configuration mode
10:53:47:101  INFO 9068 --- [item-service] [main] .s.d.r.c.RepositoryConfigurationDelegate : Bootstrapping Spring Data Redis repositories in DEFAULT mode.
10:53:47:159  INFO 9068 --- [item-service] [main] .s.d.r.c.RepositoryConfigurationDelegate : Finished Spring Data repository scanning in 29 ms. Found 0 Redis repository interfaces.
10:53:47:606  INFO 9068 --- [item-service] [main] o.s.cloud.context.scope.GenericScope     : BeanFactory id=d0dbacba-a863-3669-8fda-fc8f0287dd8d
10:53:47:953  WARN 9068 --- [item-service] [main] trationDelegate$BeanPostProcessorChecker : Bean 'org.springframework.cloud.client.loadbalancer.LoadBalancerAutoConfiguration$DeferringLoadBalancerInterceptorConfig' of type [org.springframework.cloud.client.loadbalancer.LoadBalancerAutoConfiguration$DeferringLoadBalancerInterceptorConfig] is not eligible for getting processed by all BeanPostProcessors (for example: not eligible for auto-proxying). The currently created BeanPostProcessor [lbRestClientPostProcessor] is declared through a non-static factory method on that class; consider declaring it as static instead.
10:53:47:956  WARN 9068 --- [item-service] [main] trationDelegate$BeanPostProcessorChecker : Bean 'deferringLoadBalancerInterceptor' of type [org.springframework.cloud.client.loadbalancer.DeferringLoadBalancerInterceptor] is not eligible for getting processed by all BeanPostProcessors (for example: not eligible for auto-proxying). Is this bean getting eagerly injected into a currently created BeanPostProcessor [lbRestClientPostProcessor]? Check the corresponding BeanPostProcessor declaration and its dependencies.
10:53:48:241  INFO 9068 --- [item-service] [main] o.s.b.w.embedded.tomcat.TomcatWebServer  : Tomcat initialized with port 8081 (http)
10:53:48:255  INFO 9068 --- [item-service] [main] o.apache.catalina.core.StandardService   : Starting service [Tomcat]
10:53:48:256  INFO 9068 --- [item-service] [main] o.apache.catalina.core.StandardEngine    : Starting Servlet engine: [Apache Tomcat/10.1.26]
10:53:48:343  INFO 9068 --- [item-service] [main] o.a.c.c.C.[Tomcat].[localhost].[/]       : Initializing Spring embedded WebApplicationContext
10:53:48:345  INFO 9068 --- [item-service] [main] w.s.c.ServletWebServerApplicationContext : Root WebApplicationContext: initialization completed in 2822 ms
10:53:50:089  INFO 9068 --- [item-service] [main] org.redisson.Version                     : Redisson 3.27.0
10:53:50:610  INFO 9068 --- [item-service] [redisson-netty-1-6] o.redisson.connection.ConnectionsHolder  : 1 connections initialized for localhost/127.0.0.1:6379
10:53:50:744  INFO 9068 --- [item-service] [redisson-netty-1-20] o.redisson.connection.ConnectionsHolder  : 24 connections initialized for localhost/127.0.0.1:6379
10:53:51:799  INFO 9068 --- [item-service] [main] o.s.b.a.e.web.EndpointLinksResolver      : Exposing 1 endpoint(s) beneath base path '/actuator'
10:53:51:923  INFO 9068 --- [item-service] [main] o.s.b.w.embedded.tomcat.TomcatWebServer  : Tomcat started on port 8081 (http) with context path ''
10:53:51:928  INFO 9068 --- [item-service] [main] com.alibaba.nacos.client.naming          : initializer namespace from ans.namespace attribute : null
10:53:51:929  INFO 9068 --- [item-service] [main] com.alibaba.nacos.client.naming          : initializer namespace from ALIBABA_ALIWARE_NAMESPACE attribute :null
10:53:51:929  INFO 9068 --- [item-service] [main] com.alibaba.nacos.client.naming          : initializer namespace from namespace attribute :null
10:53:51:937  INFO 9068 --- [item-service] [main] com.alibaba.nacos.client.naming          : FailoverDataSource type is class com.alibaba.nacos.client.naming.backups.datasource.DiskFailoverDataSource
10:53:51:942  INFO 9068 --- [item-service] [main] c.a.n.p.a.s.c.ClientAuthPluginManager    : [ClientAuthPluginManager] Load ClientAuthService com.alibaba.nacos.client.auth.impl.NacosClientAuthServiceImpl success.
10:53:51:942  INFO 9068 --- [item-service] [main] c.a.n.p.a.s.c.ClientAuthPluginManager    : [ClientAuthPluginManager] Load ClientAuthService com.alibaba.nacos.client.auth.ram.RamClientAuthServiceImpl success.
10:53:51:947  INFO 9068 --- [item-service] [main] com.alibaba.nacos.common.remote.client   : [RpcClientFactory] create a new rpc client of 7b7ee7bc-45ad-4376-bde0-dc23c180e152
10:53:51:950  INFO 9068 --- [item-service] [main] com.alibaba.nacos.client.naming          : Create naming rpc client for uuid->7b7ee7bc-45ad-4376-bde0-dc23c180e152
10:53:51:950  INFO 9068 --- [item-service] [main] com.alibaba.nacos.common.remote.client   : [7b7ee7bc-45ad-4376-bde0-dc23c180e152] RpcClient init, ServerListFactory = com.alibaba.nacos.client.naming.core.ServerListManager
10:53:51:950  INFO 9068 --- [item-service] [main] com.alibaba.nacos.common.remote.client   : [7b7ee7bc-45ad-4376-bde0-dc23c180e152] Registry connection listener to current client:com.alibaba.nacos.client.naming.remote.gprc.redo.NamingGrpcRedoService
10:53:51:951  INFO 9068 --- [item-service] [main] com.alibaba.nacos.common.remote.client   : [7b7ee7bc-45ad-4376-bde0-dc23c180e152] Register server push request handler:com.alibaba.nacos.client.naming.remote.gprc.NamingPushRequestHandler
10:53:51:951  INFO 9068 --- [item-service] [main] com.alibaba.nacos.common.remote.client   : [7b7ee7bc-45ad-4376-bde0-dc23c180e152] Try to connect to server on start up, server: {serverIp = 'localhost', server main port = 8848}
10:53:51:952  INFO 9068 --- [item-service] [main] c.a.n.c.remote.client.grpc.GrpcClient    : grpc client connection server:localhost ip,serverPort:9848,grpcTslConfig:{"sslProvider":"","enableTls":false,"mutualAuthEnable":false,"trustAll":false}
10:53:51:981  INFO 9068 --- [item-service] [main] com.alibaba.nacos.common.remote.client   : [7b7ee7bc-45ad-4376-bde0-dc23c180e152] Success to connect to server [localhost:8848] on start up, connectionId = 1780455231963_172.19.0.1_44766
10:53:51:981  INFO 9068 --- [item-service] [main] com.alibaba.nacos.common.remote.client   : [7b7ee7bc-45ad-4376-bde0-dc23c180e152] Register server push request handler:com.alibaba.nacos.common.remote.client.RpcClient$ConnectResetRequestHandler
10:53:51:981  INFO 9068 --- [item-service] [main] com.alibaba.nacos.common.remote.client   : [7b7ee7bc-45ad-4376-bde0-dc23c180e152] Register server push request handler:com.alibaba.nacos.common.remote.client.RpcClient$$Lambda/0x0000020dc54ee350
10:53:51:981  INFO 9068 --- [item-service] [com.alibaba.nacos.client.remote.worker.0] com.alibaba.nacos.common.remote.client   : [7b7ee7bc-45ad-4376-bde0-dc23c180e152] Notify connected event to listeners.
10:53:51:981  INFO 9068 --- [item-service] [com.alibaba.nacos.client.remote.worker.0] com.alibaba.nacos.client.naming          : Grpc connection connect
10:53:51:982  INFO 9068 --- [item-service] [main] com.alibaba.nacos.client.naming          : [REGISTER-SERVICE] public registering service item-service with instance Instance{instanceId='null', ip='100.2.20.214', port=8081, weight=1.0, healthy=true, enabled=true, ephemeral=true, clusterName='', serviceName='null', metadata={IPv6=null, preserved.register.source=SPRING_CLOUD}}
10:53:52:009  INFO 9068 --- [item-service] [main] c.a.c.n.registry.NacosServiceRegistry    : nacos registry, DEFAULT_GROUP item-service 100.2.20.214:8081 register finished
10:53:52:031  INFO 9068 --- [item-service] [main] com.digital.mall.item.ItemApplication    : Started ItemApplication in 8.604 seconds (process running for 9.483)
10:53:52:043  INFO 9068 --- [item-service] [main] c.a.nacos.client.config.impl.CacheData   : config listener notify warn timeout millis use default 60000 millis 
10:53:52:043  INFO 9068 --- [item-service] [main] c.a.nacos.client.config.impl.CacheData   : nacos.cache.data.init.snapshot = true 
10:53:52:043  INFO 9068 --- [item-service] [main] c.a.n.client.config.impl.ClientWorker    : [fixed-localhost_8848] [subscribe] item-service.yaml+DEFAULT_GROUP
10:53:52:056  INFO 9068 --- [item-service] [main] c.a.nacos.client.config.impl.CacheData   : [fixed-localhost_8848] [add-listener] ok, tenant=, dataId=item-service.yaml, group=DEFAULT_GROUP, cnt=1
10:53:52:056  INFO 9068 --- [item-service] [main] c.a.c.n.refresh.NacosContextRefresher    : [Nacos Config] Listening config: dataId=item-service.yaml, group=DEFAULT_GROUP
10:53:52:056  INFO 9068 --- [item-service] [main] c.a.n.client.config.impl.ClientWorker    : [fixed-localhost_8848] [subscribe] item-service-local.yaml+DEFAULT_GROUP
10:53:52:056  INFO 9068 --- [item-service] [main] c.a.nacos.client.config.impl.CacheData   : [fixed-localhost_8848] [add-listener] ok, tenant=, dataId=item-service-local.yaml, group=DEFAULT_GROUP, cnt=1
10:53:52:056  INFO 9068 --- [item-service] [main] c.a.c.n.refresh.NacosContextRefresher    : [Nacos Config] Listening config: dataId=item-service-local.yaml, group=DEFAULT_GROUP
10:53:52:056  INFO 9068 --- [item-service] [main] c.a.n.client.config.impl.ClientWorker    : [fixed-localhost_8848] [subscribe] item-service+DEFAULT_GROUP
10:53:52:057  INFO 9068 --- [item-service] [main] c.a.nacos.client.config.impl.CacheData   : [fixed-localhost_8848] [add-listener] ok, tenant=, dataId=item-service, group=DEFAULT_GROUP, cnt=1
10:53:52:057  INFO 9068 --- [item-service] [main] c.a.c.n.refresh.NacosContextRefresher    : [Nacos Config] Listening config: dataId=item-service, group=DEFAULT_GROUP
10:53:52:530  INFO 9068 --- [item-service] [RMI TCP Connection(4)-100.2.20.214] o.s.a.r.c.CachingConnectionFactory       : Attempting to connect to: [localhost:5672]
10:53:52:533  INFO 9068 --- [item-service] [RMI TCP Connection(3)-100.2.20.214] o.a.c.c.C.[Tomcat].[localhost].[/]       : Initializing Spring DispatcherServlet 'dispatcherServlet'
10:53:52:533  INFO 9068 --- [item-service] [RMI TCP Connection(3)-100.2.20.214] o.s.web.servlet.DispatcherServlet        : Initializing Servlet 'dispatcherServlet'
10:53:52:535  INFO 9068 --- [item-service] [RMI TCP Connection(3)-100.2.20.214] o.s.web.servlet.DispatcherServlet        : Completed initialization in 2 ms
10:53:52:592  INFO 9068 --- [item-service] [RMI TCP Connection(4)-100.2.20.214] o.s.a.r.c.CachingConnectionFactory       : Created new connection: rabbitConnectionFactory#a422390:0/SimpleConnection@2d8346e [delegate=amqp://guest@127.0.0.1:5672/, localPort=50450]
10:53:52:635  INFO 9068 --- [item-service] [RMI TCP Connection(4)-100.2.20.214] com.zaxxer.hikari.HikariDataSource       : HikariPool-1 - Starting...
10:53:52:913  INFO 9068 --- [item-service] [RMI TCP Connection(4)-100.2.20.214] com.zaxxer.hikari.pool.HikariPool        : HikariPool-1 - Added connection org.postgresql.jdbc.PgConnection@6c66e740
10:53:52:921  INFO 9068 --- [item-service] [RMI TCP Connection(4)-100.2.20.214] com.zaxxer.hikari.HikariDataSource       : HikariPool-1 - Start completed.
10:54:56:128 DEBUG 9068 --- [item-service] [http-nio-8081-exec-1] c.d.m.i.m.ItemMapper.selectList_mpCount  : ==>  Preparing: SELECT COUNT(*) AS total FROM item
10:54:56:141 DEBUG 9068 --- [item-service] [http-nio-8081-exec-1] c.d.m.i.m.ItemMapper.selectList_mpCount  : ==> Parameters: 
10:54:56:185 DEBUG 9068 --- [item-service] [http-nio-8081-exec-1] c.d.m.i.m.ItemMapper.selectList_mpCount  : <==      Total: 1
10:54:56:199 DEBUG 9068 --- [item-service] [http-nio-8081-exec-1] c.d.m.item.mapper.ItemMapper.selectList  : ==>  Preparing: SELECT id, name, price, stock, image, category, brand, spec, sold, comment_count, is_ad, status, create_time, update_time, creater, updater FROM item ORDER BY update_time DESC LIMIT ?
10:54:56:202 DEBUG 9068 --- [item-service] [http-nio-8081-exec-1] c.d.m.item.mapper.ItemMapper.selectList  : ==> Parameters: 20(Long)
10:54:56:232 DEBUG 9068 --- [item-service] [http-nio-8081-exec-1] c.d.m.item.mapper.ItemMapper.selectList  : <==      Total: 20
10:54:56:578 DEBUG 9068 --- [item-service] [http-nio-8081-exec-2] c.d.m.i.m.ItemMapper.selectBatchIds      : ==>  Preparing: SELECT id,name,price,stock,image,category,brand,spec,sold,comment_count,is_ad,status,create_time,update_time,creater,updater FROM item WHERE id IN ( ? , ? , ? , ? )
10:54:56:579 DEBUG 9068 --- [item-service] [http-nio-8081-exec-2] c.d.m.i.m.ItemMapper.selectBatchIds      : ==> Parameters: 176(Long), 177(Long), 163(Long), 172(Long)
10:54:56:585 DEBUG 9068 --- [item-service] [http-nio-8081-exec-2] c.d.m.i.m.ItemMapper.selectBatchIds      : <==      Total: 4
10:54:59:723 DEBUG 9068 --- [item-service] [http-nio-8081-exec-3] c.d.m.i.m.ItemMapper.selectBatchIds      : ==>  Preparing: SELECT id,name,price,stock,image,category,brand,spec,sold,comment_count,is_ad,status,create_time,update_time,creater,updater FROM item WHERE id IN ( ? , ? , ? , ? )
10:54:59:723 DEBUG 9068 --- [item-service] [http-nio-8081-exec-3] c.d.m.i.m.ItemMapper.selectBatchIds      : ==> Parameters: 176(Long), 177(Long), 163(Long), 172(Long)
10:54:59:726 DEBUG 9068 --- [item-service] [http-nio-8081-exec-3] c.d.m.i.m.ItemMapper.selectBatchIds      : <==      Total: 4
10:54:59:822 DEBUG 9068 --- [item-service] [http-nio-8081-exec-4] c.d.m.i.m.ItemMapper.selectBatchIds      : ==>  Preparing: SELECT id,name,price,stock,image,category,brand,spec,sold,comment_count,is_ad,status,create_time,update_time,creater,updater FROM item WHERE id IN ( ? , ? , ? , ? )
10:54:59:823 DEBUG 9068 --- [item-service] [http-nio-8081-exec-4] c.d.m.i.m.ItemMapper.selectBatchIds      : ==> Parameters: 176(Long), 177(Long), 163(Long), 172(Long)
10:54:59:826 DEBUG 9068 --- [item-service] [http-nio-8081-exec-4] c.d.m.i.m.ItemMapper.selectBatchIds      : <==      Total: 4
10:55:01:261 DEBUG 9068 --- [item-service] [http-nio-8081-exec-5] c.d.m.i.m.ItemMapper.selectBatchIds      : ==>  Preparing: SELECT id,name,price,stock,image,category,brand,spec,sold,comment_count,is_ad,status,create_time,update_time,creater,updater FROM item WHERE id IN ( ? , ? , ? , ? )
10:55:01:261 DEBUG 9068 --- [item-service] [http-nio-8081-exec-5] c.d.m.i.m.ItemMapper.selectBatchIds      : ==> Parameters: 176(Long), 177(Long), 163(Long), 172(Long)
10:55:01:263 DEBUG 9068 --- [item-service] [http-nio-8081-exec-5] c.d.m.i.m.ItemMapper.selectBatchIds      : <==      Total: 4
10:55:01:362 DEBUG 9068 --- [item-service] [http-nio-8081-exec-6] c.d.m.i.m.ItemMapper.selectBatchIds      : ==>  Preparing: SELECT id,name,price,stock,image,category,brand,spec,sold,comment_count,is_ad,status,create_time,update_time,creater,updater FROM item WHERE id IN ( ? , ? , ? , ? )
10:55:01:362 DEBUG 9068 --- [item-service] [http-nio-8081-exec-6] c.d.m.i.m.ItemMapper.selectBatchIds      : ==> Parameters: 176(Long), 177(Long), 163(Long), 172(Long)
10:55:01:365 DEBUG 9068 --- [item-service] [http-nio-8081-exec-6] c.d.m.i.m.ItemMapper.selectBatchIds      : <==      Total: 4
10:55:05:794 DEBUG 9068 --- [item-service] [http-nio-8081-exec-7] c.d.m.i.m.ItemMapper.selectBatchIds      : ==>  Preparing: SELECT id,name,price,stock,image,category,brand,spec,sold,comment_count,is_ad,status,create_time,update_time,creater,updater FROM item WHERE id IN ( ? , ? , ? , ? )
10:55:05:794 DEBUG 9068 --- [item-service] [http-nio-8081-exec-7] c.d.m.i.m.ItemMapper.selectBatchIds      : ==> Parameters: 176(Long), 177(Long), 163(Long), 172(Long)
10:55:05:798 DEBUG 9068 --- [item-service] [http-nio-8081-exec-7] c.d.m.i.m.ItemMapper.selectBatchIds      : <==      Total: 4
10:55:05:900 DEBUG 9068 --- [item-service] [http-nio-8081-exec-8] c.d.m.i.m.ItemMapper.selectBatchIds      : ==>  Preparing: SELECT id,name,price,stock,image,category,brand,spec,sold,comment_count,is_ad,status,create_time,update_time,creater,updater FROM item WHERE id IN ( ? , ? , ? , ? )
10:55:05:900 DEBUG 9068 --- [item-service] [http-nio-8081-exec-8] c.d.m.i.m.ItemMapper.selectBatchIds      : ==> Parameters: 176(Long), 177(Long), 163(Long), 172(Long)
10:55:05:903 DEBUG 9068 --- [item-service] [http-nio-8081-exec-8] c.d.m.i.m.ItemMapper.selectBatchIds      : <==      Total: 4
10:55:53:717 DEBUG 9068 --- [item-service] [http-nio-8081-exec-9] c.d.m.i.m.ItemMapper.selectBatchIds      : ==>  Preparing: SELECT id,name,price,stock,image,category,brand,spec,sold,comment_count,is_ad,status,create_time,update_time,creater,updater FROM item WHERE id IN ( ? , ? , ? , ? )
10:55:53:717 DEBUG 9068 --- [item-service] [http-nio-8081-exec-9] c.d.m.i.m.ItemMapper.selectBatchIds      : ==> Parameters: 176(Long), 177(Long), 163(Long), 172(Long)
10:55:53:720 DEBUG 9068 --- [item-service] [http-nio-8081-exec-9] c.d.m.i.m.ItemMapper.selectBatchIds      : <==      Total: 4
10:55:53:802 DEBUG 9068 --- [item-service] [http-nio-8081-exec-10] c.d.m.i.m.ItemMapper.selectBatchIds      : ==>  Preparing: SELECT id,name,price,stock,image,category,brand,spec,sold,comment_count,is_ad,status,create_time,update_time,creater,updater FROM item WHERE id IN ( ? , ? , ? , ? )
10:55:53:802 DEBUG 9068 --- [item-service] [http-nio-8081-exec-10] c.d.m.i.m.ItemMapper.selectBatchIds      : ==> Parameters: 176(Long), 177(Long), 163(Long), 172(Long)
10:55:53:804 DEBUG 9068 --- [item-service] [http-nio-8081-exec-10] c.d.m.i.m.ItemMapper.selectBatchIds      : <==      Total: 4
11:01:23:124 DEBUG 9068 --- [item-service] [http-nio-8081-exec-3] c.d.m.i.m.ItemMapper.selectBatchIds      : ==>  Preparing: SELECT id,name,price,stock,image,category,brand,spec,sold,comment_count,is_ad,status,create_time,update_time,creater,updater FROM item WHERE id IN ( ? , ? , ? , ? )
11:01:23:124 DEBUG 9068 --- [item-service] [http-nio-8081-exec-3] c.d.m.i.m.ItemMapper.selectBatchIds      : ==> Parameters: 176(Long), 177(Long), 163(Long), 172(Long)
11:01:23:127 DEBUG 9068 --- [item-service] [http-nio-8081-exec-3] c.d.m.i.m.ItemMapper.selectBatchIds      : <==      Total: 4
11:01:23:211 DEBUG 9068 --- [item-service] [http-nio-8081-exec-4] c.d.m.i.m.ItemMapper.selectBatchIds      : ==>  Preparing: SELECT id,name,price,stock,image,category,brand,spec,sold,comment_count,is_ad,status,create_time,update_time,creater,updater FROM item WHERE id IN ( ? , ? , ? , ? )
11:01:23:211 DEBUG 9068 --- [item-service] [http-nio-8081-exec-4] c.d.m.i.m.ItemMapper.selectBatchIds      : ==> Parameters: 176(Long), 177(Long), 163(Long), 172(Long)
11:01:23:213 DEBUG 9068 --- [item-service] [http-nio-8081-exec-4] c.d.m.i.m.ItemMapper.selectBatchIds      : <==      Total: 4
11:01:23:907 DEBUG 9068 --- [item-service] [http-nio-8081-exec-5] c.d.m.i.m.ItemMapper.selectBatchIds      : ==>  Preparing: SELECT id,name,price,stock,image,category,brand,spec,sold,comment_count,is_ad,status,create_time,update_time,creater,updater FROM item WHERE id IN ( ? , ? , ? , ? )
11:01:23:907 DEBUG 9068 --- [item-service] [http-nio-8081-exec-5] c.d.m.i.m.ItemMapper.selectBatchIds      : ==> Parameters: 176(Long), 177(Long), 163(Long), 172(Long)
11:01:23:909 DEBUG 9068 --- [item-service] [http-nio-8081-exec-5] c.d.m.i.m.ItemMapper.selectBatchIds      : <==      Total: 4
11:01:24:008 DEBUG 9068 --- [item-service] [http-nio-8081-exec-6] c.d.m.i.m.ItemMapper.selectBatchIds      : ==>  Preparing: SELECT id,name,price,stock,image,category,brand,spec,sold,comment_count,is_ad,status,create_time,update_time,creater,updater FROM item WHERE id IN ( ? , ? , ? , ? )
11:01:24:008 DEBUG 9068 --- [item-service] [http-nio-8081-exec-6] c.d.m.i.m.ItemMapper.selectBatchIds      : ==> Parameters: 176(Long), 177(Long), 163(Long), 172(Long)
11:01:24:011 DEBUG 9068 --- [item-service] [http-nio-8081-exec-6] c.d.m.i.m.ItemMapper.selectBatchIds      : <==      Total: 4
11:01:24:074 DEBUG 9068 --- [item-service] [http-nio-8081-exec-7] c.d.m.i.m.ItemMapper.selectBatchIds      : ==>  Preparing: SELECT id,name,price,stock,image,category,brand,spec,sold,comment_count,is_ad,status,create_time,update_time,creater,updater FROM item WHERE id IN ( ? , ? , ? , ? )
11:01:24:074 DEBUG 9068 --- [item-service] [http-nio-8081-exec-7] c.d.m.i.m.ItemMapper.selectBatchIds      : ==> Parameters: 176(Long), 177(Long), 163(Long), 172(Long)
11:01:24:076 DEBUG 9068 --- [item-service] [http-nio-8081-exec-7] c.d.m.i.m.ItemMapper.selectBatchIds      : <==      Total: 4
11:01:24:162 DEBUG 9068 --- [item-service] [http-nio-8081-exec-8] c.d.m.i.m.ItemMapper.selectBatchIds      : ==>  Preparing: SELECT id,name,price,stock,image,category,brand,spec,sold,comment_count,is_ad,status,create_time,update_time,creater,updater FROM item WHERE id IN ( ? , ? , ? , ? )
11:01:24:163 DEBUG 9068 --- [item-service] [http-nio-8081-exec-8] c.d.m.i.m.ItemMapper.selectBatchIds      : ==> Parameters: 176(Long), 177(Long), 163(Long), 172(Long)
11:01:24:165 DEBUG 9068 --- [item-service] [http-nio-8081-exec-8] c.d.m.i.m.ItemMapper.selectBatchIds      : <==      Total: 4
11:01:24:309 DEBUG 9068 --- [item-service] [http-nio-8081-exec-9] c.d.m.i.m.ItemMapper.selectBatchIds      : ==>  Preparing: SELECT id,name,price,stock,image,category,brand,spec,sold,comment_count,is_ad,status,create_time,update_time,creater,updater FROM item WHERE id IN ( ? , ? , ? , ? )
11:01:24:310 DEBUG 9068 --- [item-service] [http-nio-8081-exec-9] c.d.m.i.m.ItemMapper.selectBatchIds      : ==> Parameters: 176(Long), 177(Long), 163(Long), 172(Long)
11:01:24:312 DEBUG 9068 --- [item-service] [http-nio-8081-exec-9] c.d.m.i.m.ItemMapper.selectBatchIds      : <==      Total: 4
11:01:24:389 DEBUG 9068 --- [item-service] [http-nio-8081-exec-10] c.d.m.i.m.ItemMapper.selectBatchIds      : ==>  Preparing: SELECT id,name,price,stock,image,category,brand,spec,sold,comment_count,is_ad,status,create_time,update_time,creater,updater FROM item WHERE id IN ( ? , ? , ? , ? )
11:01:24:389 DEBUG 9068 --- [item-service] [http-nio-8081-exec-10] c.d.m.i.m.ItemMapper.selectBatchIds      : ==> Parameters: 176(Long), 177(Long), 163(Long), 172(Long)
11:01:24:391 DEBUG 9068 --- [item-service] [http-nio-8081-exec-10] c.d.m.i.m.ItemMapper.selectBatchIds      : <==      Total: 4
11:01:24:477 DEBUG 9068 --- [item-service] [http-nio-8081-exec-1] c.d.m.i.m.ItemMapper.selectBatchIds      : ==>  Preparing: SELECT id,name,price,stock,image,category,brand,spec,sold,comment_count,is_ad,status,create_time,update_time,creater,updater FROM item WHERE id IN ( ? , ? , ? , ? )
11:01:24:478 DEBUG 9068 --- [item-service] [http-nio-8081-exec-1] c.d.m.i.m.ItemMapper.selectBatchIds      : ==> Parameters: 176(Long), 177(Long), 163(Long), 172(Long)
11:01:24:482 DEBUG 9068 --- [item-service] [http-nio-8081-exec-1] c.d.m.i.m.ItemMapper.selectBatchIds      : <==      Total: 4
11:01:24:560 DEBUG 9068 --- [item-service] [http-nio-8081-exec-2] c.d.m.i.m.ItemMapper.selectBatchIds      : ==>  Preparing: SELECT id,name,price,stock,image,category,brand,spec,sold,comment_count,is_ad,status,create_time,update_time,creater,updater FROM item WHERE id IN ( ? , ? , ? , ? )
11:01:24:560 DEBUG 9068 --- [item-service] [http-nio-8081-exec-2] c.d.m.i.m.ItemMapper.selectBatchIds      : ==> Parameters: 176(Long), 177(Long), 163(Long), 172(Long)
11:01:24:562 DEBUG 9068 --- [item-service] [http-nio-8081-exec-2] c.d.m.i.m.ItemMapper.selectBatchIds      : <==      Total: 4
11:01:24:631 DEBUG 9068 --- [item-service] [http-nio-8081-exec-3] c.d.m.i.m.ItemMapper.selectBatchIds      : ==>  Preparing: SELECT id,name,price,stock,image,category,brand,spec,sold,comment_count,is_ad,status,create_time,update_time,creater,updater FROM item WHERE id IN ( ? , ? , ? , ? )
11:01:24:631 DEBUG 9068 --- [item-service] [http-nio-8081-exec-3] c.d.m.i.m.ItemMapper.selectBatchIds      : ==> Parameters: 176(Long), 177(Long), 163(Long), 172(Long)
11:01:24:634 DEBUG 9068 --- [item-service] [http-nio-8081-exec-3] c.d.m.i.m.ItemMapper.selectBatchIds      : <==      Total: 4
11:01:24:709 DEBUG 9068 --- [item-service] [http-nio-8081-exec-4] c.d.m.i.m.ItemMapper.selectBatchIds      : ==>  Preparing: SELECT id,name,price,stock,image,category,brand,spec,sold,comment_count,is_ad,status,create_time,update_time,creater,updater FROM item WHERE id IN ( ? , ? , ? , ? )
11:01:24:710 DEBUG 9068 --- [item-service] [http-nio-8081-exec-4] c.d.m.i.m.ItemMapper.selectBatchIds      : ==> Parameters: 176(Long), 177(Long), 163(Long), 172(Long)
11:01:24:713 DEBUG 9068 --- [item-service] [http-nio-8081-exec-4] c.d.m.i.m.ItemMapper.selectBatchIds      : <==      Total: 4
11:01:24:858 DEBUG 9068 --- [item-service] [http-nio-8081-exec-5] c.d.m.i.m.ItemMapper.selectBatchIds      : ==>  Preparing: SELECT id,name,price,stock,image,category,brand,spec,sold,comment_count,is_ad,status,create_time,update_time,creater,updater FROM item WHERE id IN ( ? , ? , ? , ? )
11:01:24:859 DEBUG 9068 --- [item-service] [http-nio-8081-exec-5] c.d.m.i.m.ItemMapper.selectBatchIds      : ==> Parameters: 176(Long), 177(Long), 163(Long), 172(Long)
11:01:24:861 DEBUG 9068 --- [item-service] [http-nio-8081-exec-5] c.d.m.i.m.ItemMapper.selectBatchIds      : <==      Total: 4
11:01:24:938 DEBUG 9068 --- [item-service] [http-nio-8081-exec-6] c.d.m.i.m.ItemMapper.selectBatchIds      : ==>  Preparing: SELECT id,name,price,stock,image,category,brand,spec,sold,comment_count,is_ad,status,create_time,update_time,creater,updater FROM item WHERE id IN ( ? , ? , ? , ? )
11:01:24:939 DEBUG 9068 --- [item-service] [http-nio-8081-exec-6] c.d.m.i.m.ItemMapper.selectBatchIds      : ==> Parameters: 176(Long), 177(Long), 163(Long), 172(Long)
11:01:24:941 DEBUG 9068 --- [item-service] [http-nio-8081-exec-6] c.d.m.i.m.ItemMapper.selectBatchIds      : <==      Total: 4
11:01:26:208 DEBUG 9068 --- [item-service] [http-nio-8081-exec-7] c.d.m.i.m.ItemMapper.selectBatchIds      : ==>  Preparing: SELECT id,name,price,stock,image,category,brand,spec,sold,comment_count,is_ad,status,create_time,update_time,creater,updater FROM item WHERE id IN ( ? , ? , ? , ? )
11:01:26:208 DEBUG 9068 --- [item-service] [http-nio-8081-exec-7] c.d.m.i.m.ItemMapper.selectBatchIds      : ==> Parameters: 176(Long), 177(Long), 163(Long), 172(Long)
11:01:26:210 DEBUG 9068 --- [item-service] [http-nio-8081-exec-7] c.d.m.i.m.ItemMapper.selectBatchIds      : <==      Total: 4
11:01:26:301 DEBUG 9068 --- [item-service] [http-nio-8081-exec-8] c.d.m.i.m.ItemMapper.selectBatchIds      : ==>  Preparing: SELECT id,name,price,stock,image,category,brand,spec,sold,comment_count,is_ad,status,create_time,update_time,creater,updater FROM item WHERE id IN ( ? , ? , ? , ? )
11:01:26:301 DEBUG 9068 --- [item-service] [http-nio-8081-exec-8] c.d.m.i.m.ItemMapper.selectBatchIds      : ==> Parameters: 176(Long), 177(Long), 163(Long), 172(Long)
11:01:26:304 DEBUG 9068 --- [item-service] [http-nio-8081-exec-8] c.d.m.i.m.ItemMapper.selectBatchIds      : <==      Total: 4
11:01:27:498 DEBUG 9068 --- [item-service] [http-nio-8081-exec-9] c.d.m.i.m.ItemMapper.selectBatchIds      : ==>  Preparing: SELECT id,name,price,stock,image,category,brand,spec,sold,comment_count,is_ad,status,create_time,update_time,creater,updater FROM item WHERE id IN ( ? , ? , ? , ? )
11:01:27:498 DEBUG 9068 --- [item-service] [http-nio-8081-exec-9] c.d.m.i.m.ItemMapper.selectBatchIds      : ==> Parameters: 176(Long), 177(Long), 163(Long), 172(Long)
11:01:27:500 DEBUG 9068 --- [item-service] [http-nio-8081-exec-9] c.d.m.i.m.ItemMapper.selectBatchIds      : <==      Total: 4
11:01:27:595 DEBUG 9068 --- [item-service] [http-nio-8081-exec-10] c.d.m.i.m.ItemMapper.selectBatchIds      : ==>  Preparing: SELECT id,name,price,stock,image,category,brand,spec,sold,comment_count,is_ad,status,create_time,update_time,creater,updater FROM item WHERE id IN ( ? , ? , ? , ? )
11:01:27:596 DEBUG 9068 --- [item-service] [http-nio-8081-exec-10] c.d.m.i.m.ItemMapper.selectBatchIds      : ==> Parameters: 176(Long), 177(Long), 163(Long), 172(Long)
11:01:27:601 DEBUG 9068 --- [item-service] [http-nio-8081-exec-10] c.d.m.i.m.ItemMapper.selectBatchIds      : <==      Total: 4
11:01:30:660 DEBUG 9068 --- [item-service] [http-nio-8081-exec-1] c.d.m.i.m.ItemMapper.selectBatchIds      : ==>  Preparing: SELECT id,name,price,stock,image,category,brand,spec,sold,comment_count,is_ad,status,create_time,update_time,creater,updater FROM item WHERE id IN ( ? , ? , ? , ? )
11:01:30:660 DEBUG 9068 --- [item-service] [http-nio-8081-exec-1] c.d.m.i.m.ItemMapper.selectBatchIds      : ==> Parameters: 176(Long), 177(Long), 163(Long), 172(Long)
11:01:30:663 DEBUG 9068 --- [item-service] [http-nio-8081-exec-1] c.d.m.i.m.ItemMapper.selectBatchIds      : <==      Total: 4
11:01:30:753 DEBUG 9068 --- [item-service] [http-nio-8081-exec-2] c.d.m.i.m.ItemMapper.selectBatchIds      : ==>  Preparing: SELECT id,name,price,stock,image,category,brand,spec,sold,comment_count,is_ad,status,create_time,update_time,creater,updater FROM item WHERE id IN ( ? , ? , ? , ? )
11:01:30:754 DEBUG 9068 --- [item-service] [http-nio-8081-exec-2] c.d.m.i.m.ItemMapper.selectBatchIds      : ==> Parameters: 176(Long), 177(Long), 163(Long), 172(Long)
11:01:30:755 DEBUG 9068 --- [item-service] [http-nio-8081-exec-2] c.d.m.i.m.ItemMapper.selectBatchIds      : <==      Total: 4
11:01:36:302 DEBUG 9068 --- [item-service] [http-nio-8081-exec-3] c.d.m.i.m.ItemMapper.selectBatchIds      : ==>  Preparing: SELECT id,name,price,stock,image,category,brand,spec,sold,comment_count,is_ad,status,create_time,update_time,creater,updater FROM item WHERE id IN ( ? , ? , ? , ? )
11:01:36:303 DEBUG 9068 --- [item-service] [http-nio-8081-exec-3] c.d.m.i.m.ItemMapper.selectBatchIds      : ==> Parameters: 176(Long), 177(Long), 163(Long), 172(Long)
11:01:36:305 DEBUG 9068 --- [item-service] [http-nio-8081-exec-3] c.d.m.i.m.ItemMapper.selectBatchIds      : <==      Total: 4
11:01:36:393 DEBUG 9068 --- [item-service] [http-nio-8081-exec-4] c.d.m.i.m.ItemMapper.selectBatchIds      : ==>  Preparing: SELECT id,name,price,stock,image,category,brand,spec,sold,comment_count,is_ad,status,create_time,update_time,creater,updater FROM item WHERE id IN ( ? , ? , ? , ? )
11:01:36:393 DEBUG 9068 --- [item-service] [http-nio-8081-exec-4] c.d.m.i.m.ItemMapper.selectBatchIds      : ==> Parameters: 176(Long), 177(Long), 163(Long), 172(Long)
11:01:36:395 DEBUG 9068 --- [item-service] [http-nio-8081-exec-4] c.d.m.i.m.ItemMapper.selectBatchIds      : <==      Total: 4
11:05:14:789 DEBUG 9068 --- [item-service] [http-nio-8081-exec-6] c.d.m.i.m.ItemMapper.selectList_mpCount  : ==>  Preparing: SELECT COUNT(*) AS total FROM item
11:05:14:790 DEBUG 9068 --- [item-service] [http-nio-8081-exec-6] c.d.m.i.m.ItemMapper.selectList_mpCount  : ==> Parameters: 
11:05:14:815 DEBUG 9068 --- [item-service] [http-nio-8081-exec-6] c.d.m.i.m.ItemMapper.selectList_mpCount  : <==      Total: 1
11:05:14:822 DEBUG 9068 --- [item-service] [http-nio-8081-exec-6] c.d.m.item.mapper.ItemMapper.selectList  : ==>  Preparing: SELECT id, name, price, stock, image, category, brand, spec, sold, comment_count, is_ad, status, create_time, update_time, creater, updater FROM item ORDER BY update_time DESC LIMIT ?
11:05:14:823 DEBUG 9068 --- [item-service] [http-nio-8081-exec-6] c.d.m.item.mapper.ItemMapper.selectList  : ==> Parameters: 20(Long)
11:05:14:833 DEBUG 9068 --- [item-service] [http-nio-8081-exec-6] c.d.m.item.mapper.ItemMapper.selectList  : <==      Total: 20
11:05:14:900 DEBUG 9068 --- [item-service] [http-nio-8081-exec-7] c.d.m.i.m.ItemMapper.selectBatchIds      : ==>  Preparing: SELECT id,name,price,stock,image,category,brand,spec,sold,comment_count,is_ad,status,create_time,update_time,creater,updater FROM item WHERE id IN ( ? , ? , ? , ? )
11:05:14:902 DEBUG 9068 --- [item-service] [http-nio-8081-exec-7] c.d.m.i.m.ItemMapper.selectBatchIds      : ==> Parameters: 176(Long), 177(Long), 163(Long), 172(Long)
11:05:14:905 DEBUG 9068 --- [item-service] [http-nio-8081-exec-7] c.d.m.i.m.ItemMapper.selectBatchIds      : <==      Total: 4
11:05:15:824 DEBUG 9068 --- [item-service] [http-nio-8081-exec-8] c.d.m.i.m.ItemMapper.selectList_mpCount  : ==>  Preparing: SELECT COUNT(*) AS total FROM item
11:05:15:824 DEBUG 9068 --- [item-service] [http-nio-8081-exec-8] c.d.m.i.m.ItemMapper.selectList_mpCount  : ==> Parameters: 
11:05:15:826 DEBUG 9068 --- [item-service] [http-nio-8081-exec-8] c.d.m.i.m.ItemMapper.selectList_mpCount  : <==      Total: 1
11:05:15:834 DEBUG 9068 --- [item-service] [http-nio-8081-exec-8] c.d.m.item.mapper.ItemMapper.selectList  : ==>  Preparing: SELECT id, name, price, stock, image, category, brand, spec, sold, comment_count, is_ad, status, create_time, update_time, creater, updater FROM item ORDER BY update_time DESC LIMIT ?
11:05:15:834 DEBUG 9068 --- [item-service] [http-nio-8081-exec-8] c.d.m.item.mapper.ItemMapper.selectList  : ==> Parameters: 20(Long)
11:05:15:842 DEBUG 9068 --- [item-service] [http-nio-8081-exec-8] c.d.m.item.mapper.ItemMapper.selectList  : <==      Total: 20
11:05:15:928 DEBUG 9068 --- [item-service] [http-nio-8081-exec-9] c.d.m.i.m.ItemMapper.selectBatchIds      : ==>  Preparing: SELECT id,name,price,stock,image,category,brand,spec,sold,comment_count,is_ad,status,create_time,update_time,creater,updater FROM item WHERE id IN ( ? , ? , ? , ? )
11:05:15:929 DEBUG 9068 --- [item-service] [http-nio-8081-exec-9] c.d.m.i.m.ItemMapper.selectBatchIds      : ==> Parameters: 176(Long), 177(Long), 163(Long), 172(Long)
11:05:15:932 DEBUG 9068 --- [item-service] [http-nio-8081-exec-9] c.d.m.i.m.ItemMapper.selectBatchIds      : <==      Total: 4
11:05:16:069 DEBUG 9068 --- [item-service] [http-nio-8081-exec-10] c.d.m.i.m.ItemMapper.selectList_mpCount  : ==>  Preparing: SELECT COUNT(*) AS total FROM item
11:05:16:069 DEBUG 9068 --- [item-service] [http-nio-8081-exec-10] c.d.m.i.m.ItemMapper.selectList_mpCount  : ==> Parameters: 
11:05:16:071 DEBUG 9068 --- [item-service] [http-nio-8081-exec-10] c.d.m.i.m.ItemMapper.selectList_mpCount  : <==      Total: 1
11:05:16:082 DEBUG 9068 --- [item-service] [http-nio-8081-exec-10] c.d.m.item.mapper.ItemMapper.selectList  : ==>  Preparing: SELECT id, name, price, stock, image, category, brand, spec, sold, comment_count, is_ad, status, create_time, update_time, creater, updater FROM item ORDER BY update_time DESC LIMIT ?
11:05:16:082 DEBUG 9068 --- [item-service] [http-nio-8081-exec-10] c.d.m.item.mapper.ItemMapper.selectList  : ==> Parameters: 20(Long)
11:05:16:087 DEBUG 9068 --- [item-service] [http-nio-8081-exec-10] c.d.m.item.mapper.ItemMapper.selectList  : <==      Total: 20
11:05:16:143 DEBUG 9068 --- [item-service] [http-nio-8081-exec-1] c.d.m.i.m.ItemMapper.selectBatchIds      : ==>  Preparing: SELECT id,name,price,stock,image,category,brand,spec,sold,comment_count,is_ad,status,create_time,update_time,creater,updater FROM item WHERE id IN ( ? , ? , ? , ? )
11:05:16:144 DEBUG 9068 --- [item-service] [http-nio-8081-exec-1] c.d.m.i.m.ItemMapper.selectBatchIds      : ==> Parameters: 176(Long), 177(Long), 163(Long), 172(Long)
11:05:16:147 DEBUG 9068 --- [item-service] [http-nio-8081-exec-1] c.d.m.i.m.ItemMapper.selectBatchIds      : <==      Total: 4
11:05:19:066 DEBUG 9068 --- [item-service] [http-nio-8081-exec-2] c.d.m.i.m.ItemMapper.selectList_mpCount  : ==>  Preparing: SELECT COUNT(*) AS total FROM item
11:05:19:067 DEBUG 9068 --- [item-service] [http-nio-8081-exec-2] c.d.m.i.m.ItemMapper.selectList_mpCount  : ==> Parameters: 
11:05:19:068 DEBUG 9068 --- [item-service] [http-nio-8081-exec-2] c.d.m.i.m.ItemMapper.selectList_mpCount  : <==      Total: 1
11:05:19:075 DEBUG 9068 --- [item-service] [http-nio-8081-exec-2] c.d.m.item.mapper.ItemMapper.selectList  : ==>  Preparing: SELECT id, name, price, stock, image, category, brand, spec, sold, comment_count, is_ad, status, create_time, update_time, creater, updater FROM item ORDER BY update_time DESC LIMIT ?
11:05:19:075 DEBUG 9068 --- [item-service] [http-nio-8081-exec-2] c.d.m.item.mapper.ItemMapper.selectList  : ==> Parameters: 20(Long)
11:05:19:079 DEBUG 9068 --- [item-service] [http-nio-8081-exec-2] c.d.m.item.mapper.ItemMapper.selectList  : <==      Total: 20
11:05:19:158 DEBUG 9068 --- [item-service] [http-nio-8081-exec-3] c.d.m.i.m.ItemMapper.selectBatchIds      : ==>  Preparing: SELECT id,name,price,stock,image,category,brand,spec,sold,comment_count,is_ad,status,create_time,update_time,creater,updater FROM item WHERE id IN ( ? , ? , ? , ? )
11:05:19:158 DEBUG 9068 --- [item-service] [http-nio-8081-exec-3] c.d.m.i.m.ItemMapper.selectBatchIds      : ==> Parameters: 176(Long), 177(Long), 163(Long), 172(Long)
11:05:19:160 DEBUG 9068 --- [item-service] [http-nio-8081-exec-3] c.d.m.i.m.ItemMapper.selectBatchIds      : <==      Total: 4
11:05:21:777 DEBUG 9068 --- [item-service] [http-nio-8081-exec-4] c.d.m.i.m.ItemMapper.selectBatchIds      : ==>  Preparing: SELECT id,name,price,stock,image,category,brand,spec,sold,comment_count,is_ad,status,create_time,update_time,creater,updater FROM item WHERE id IN ( ? , ? , ? , ? )
11:05:21:777 DEBUG 9068 --- [item-service] [http-nio-8081-exec-4] c.d.m.i.m.ItemMapper.selectBatchIds      : ==> Parameters: 176(Long), 177(Long), 163(Long), 172(Long)
11:05:21:778 DEBUG 9068 --- [item-service] [http-nio-8081-exec-4] c.d.m.i.m.ItemMapper.selectBatchIds      : <==      Total: 4
11:05:21:871 DEBUG 9068 --- [item-service] [http-nio-8081-exec-5] c.d.m.i.m.ItemMapper.selectBatchIds      : ==>  Preparing: SELECT id,name,price,stock,image,category,brand,spec,sold,comment_count,is_ad,status,create_time,update_time,creater,updater FROM item WHERE id IN ( ? , ? , ? , ? )
11:05:21:872 DEBUG 9068 --- [item-service] [http-nio-8081-exec-5] c.d.m.i.m.ItemMapper.selectBatchIds      : ==> Parameters: 176(Long), 177(Long), 163(Long), 172(Long)
11:05:21:873 DEBUG 9068 --- [item-service] [http-nio-8081-exec-5] c.d.m.i.m.ItemMapper.selectBatchIds      : <==      Total: 4
11:05:22:974 DEBUG 9068 --- [item-service] [http-nio-8081-exec-6] c.d.m.i.m.ItemMapper.selectBatchIds      : ==>  Preparing: SELECT id,name,price,stock,image,category,brand,spec,sold,comment_count,is_ad,status,create_time,update_time,creater,updater FROM item WHERE id IN ( ? , ? , ? , ? )
11:05:22:975 DEBUG 9068 --- [item-service] [http-nio-8081-exec-6] c.d.m.i.m.ItemMapper.selectBatchIds      : ==> Parameters: 176(Long), 177(Long), 163(Long), 172(Long)
11:05:22:979 DEBUG 9068 --- [item-service] [http-nio-8081-exec-6] c.d.m.i.m.ItemMapper.selectBatchIds      : <==      Total: 4
11:05:23:115 DEBUG 9068 --- [item-service] [http-nio-8081-exec-7] c.d.m.i.m.ItemMapper.selectBatchIds      : ==>  Preparing: SELECT id,name,price,stock,image,category,brand,spec,sold,comment_count,is_ad,status,create_time,update_time,creater,updater FROM item WHERE id IN ( ? , ? , ? , ? )
11:05:23:115 DEBUG 9068 --- [item-service] [http-nio-8081-exec-7] c.d.m.i.m.ItemMapper.selectBatchIds      : ==> Parameters: 176(Long), 177(Long), 163(Long), 172(Long)
11:05:23:120 DEBUG 9068 --- [item-service] [http-nio-8081-exec-7] c.d.m.i.m.ItemMapper.selectBatchIds      : <==      Total: 4
11:05:24:319 DEBUG 9068 --- [item-service] [http-nio-8081-exec-8] c.d.m.i.m.ItemMapper.selectBatchIds      : ==>  Preparing: SELECT id,name,price,stock,image,category,brand,spec,sold,comment_count,is_ad,status,create_time,update_time,creater,updater FROM item WHERE id IN ( ? , ? , ? , ? )
11:05:24:319 DEBUG 9068 --- [item-service] [http-nio-8081-exec-8] c.d.m.i.m.ItemMapper.selectBatchIds      : ==> Parameters: 176(Long), 177(Long), 163(Long), 172(Long)
11:05:24:322 DEBUG 9068 --- [item-service] [http-nio-8081-exec-8] c.d.m.i.m.ItemMapper.selectBatchIds      : <==      Total: 4
11:05:24:420 DEBUG 9068 --- [item-service] [http-nio-8081-exec-9] c.d.m.i.m.ItemMapper.selectBatchIds      : ==>  Preparing: SELECT id,name,price,stock,image,category,brand,spec,sold,comment_count,is_ad,status,create_time,update_time,creater,updater FROM item WHERE id IN ( ? , ? , ? , ? )
11:05:24:420 DEBUG 9068 --- [item-service] [http-nio-8081-exec-9] c.d.m.i.m.ItemMapper.selectBatchIds      : ==> Parameters: 176(Long), 177(Long), 163(Long), 172(Long)
11:05:24:422 DEBUG 9068 --- [item-service] [http-nio-8081-exec-9] c.d.m.i.m.ItemMapper.selectBatchIds      : <==      Total: 4
11:05:25:255 DEBUG 9068 --- [item-service] [http-nio-8081-exec-10] c.d.m.i.m.ItemMapper.selectBatchIds      : ==>  Preparing: SELECT id,name,price,stock,image,category,brand,spec,sold,comment_count,is_ad,status,create_time,update_time,creater,updater FROM item WHERE id IN ( ? , ? , ? , ? )
11:05:25:256 DEBUG 9068 --- [item-service] [http-nio-8081-exec-10] c.d.m.i.m.ItemMapper.selectBatchIds      : ==> Parameters: 176(Long), 177(Long), 163(Long), 172(Long)
11:05:25:257 DEBUG 9068 --- [item-service] [http-nio-8081-exec-10] c.d.m.i.m.ItemMapper.selectBatchIds      : <==      Total: 4
11:05:25:357 DEBUG 9068 --- [item-service] [http-nio-8081-exec-1] c.d.m.i.m.ItemMapper.selectBatchIds      : ==>  Preparing: SELECT id,name,price,stock,image,category,brand,spec,sold,comment_count,is_ad,status,create_time,update_time,creater,updater FROM item WHERE id IN ( ? , ? , ? , ? )
11:05:25:358 DEBUG 9068 --- [item-service] [http-nio-8081-exec-1] c.d.m.i.m.ItemMapper.selectBatchIds      : ==> Parameters: 176(Long), 177(Long), 163(Long), 172(Long)
11:05:25:360 DEBUG 9068 --- [item-service] [http-nio-8081-exec-1] c.d.m.i.m.ItemMapper.selectBatchIds      : <==      Total: 4
11:05:25:900 DEBUG 9068 --- [item-service] [http-nio-8081-exec-2] c.d.m.i.m.ItemMapper.selectBatchIds      : ==>  Preparing: SELECT id,name,price,stock,image,category,brand,spec,sold,comment_count,is_ad,status,create_time,update_time,creater,updater FROM item WHERE id IN ( ? , ? , ? , ? )
11:05:25:900 DEBUG 9068 --- [item-service] [http-nio-8081-exec-2] c.d.m.i.m.ItemMapper.selectBatchIds      : ==> Parameters: 176(Long), 177(Long), 163(Long), 172(Long)
11:05:25:902 DEBUG 9068 --- [item-service] [http-nio-8081-exec-2] c.d.m.i.m.ItemMapper.selectBatchIds      : <==      Total: 4
11:05:25:995 DEBUG 9068 --- [item-service] [http-nio-8081-exec-3] c.d.m.i.m.ItemMapper.selectBatchIds      : ==>  Preparing: SELECT id,name,price,stock,image,category,brand,spec,sold,comment_count,is_ad,status,create_time,update_time,creater,updater FROM item WHERE id IN ( ? , ? , ? , ? )
11:05:25:995 DEBUG 9068 --- [item-service] [http-nio-8081-exec-3] c.d.m.i.m.ItemMapper.selectBatchIds      : ==> Parameters: 176(Long), 177(Long), 163(Long), 172(Long)
11:05:25:997 DEBUG 9068 --- [item-service] [http-nio-8081-exec-3] c.d.m.i.m.ItemMapper.selectBatchIds      : <==      Total: 4
11:05:26:544 DEBUG 9068 --- [item-service] [http-nio-8081-exec-4] c.d.m.i.m.ItemMapper.selectBatchIds      : ==>  Preparing: SELECT id,name,price,stock,image,category,brand,spec,sold,comment_count,is_ad,status,create_time,update_time,creater,updater FROM item WHERE id IN ( ? , ? , ? , ? )
11:05:26:544 DEBUG 9068 --- [item-service] [http-nio-8081-exec-4] c.d.m.i.m.ItemMapper.selectBatchIds      : ==> Parameters: 176(Long), 177(Long), 163(Long), 172(Long)
11:05:26:546 DEBUG 9068 --- [item-service] [http-nio-8081-exec-4] c.d.m.i.m.ItemMapper.selectBatchIds      : <==      Total: 4
11:05:26:641 DEBUG 9068 --- [item-service] [http-nio-8081-exec-5] c.d.m.i.m.ItemMapper.selectBatchIds      : ==>  Preparing: SELECT id,name,price,stock,image,category,brand,spec,sold,comment_count,is_ad,status,create_time,update_time,creater,updater FROM item WHERE id IN ( ? , ? , ? , ? )
11:05:26:641 DEBUG 9068 --- [item-service] [http-nio-8081-exec-5] c.d.m.i.m.ItemMapper.selectBatchIds      : ==> Parameters: 176(Long), 177(Long), 163(Long), 172(Long)
11:05:26:643 DEBUG 9068 --- [item-service] [http-nio-8081-exec-5] c.d.m.i.m.ItemMapper.selectBatchIds      : <==      Total: 4
11:05:27:420 DEBUG 9068 --- [item-service] [http-nio-8081-exec-6] c.d.m.i.m.ItemMapper.selectBatchIds      : ==>  Preparing: SELECT id,name,price,stock,image,category,brand,spec,sold,comment_count,is_ad,status,create_time,update_time,creater,updater FROM item WHERE id IN ( ? , ? , ? , ? )
11:05:27:421 DEBUG 9068 --- [item-service] [http-nio-8081-exec-6] c.d.m.i.m.ItemMapper.selectBatchIds      : ==> Parameters: 176(Long), 177(Long), 163(Long), 172(Long)
11:05:27:423 DEBUG 9068 --- [item-service] [http-nio-8081-exec-6] c.d.m.i.m.ItemMapper.selectBatchIds      : <==      Total: 4
11:05:27:516 DEBUG 9068 --- [item-service] [http-nio-8081-exec-7] c.d.m.i.m.ItemMapper.selectBatchIds      : ==>  Preparing: SELECT id,name,price,stock,image,category,brand,spec,sold,comment_count,is_ad,status,create_time,update_time,creater,updater FROM item WHERE id IN ( ? , ? , ? , ? )
11:05:27:516 DEBUG 9068 --- [item-service] [http-nio-8081-exec-7] c.d.m.i.m.ItemMapper.selectBatchIds      : ==> Parameters: 176(Long), 177(Long), 163(Long), 172(Long)
11:05:27:519 DEBUG 9068 --- [item-service] [http-nio-8081-exec-7] c.d.m.i.m.ItemMapper.selectBatchIds      : <==      Total: 4
11:05:28:255 DEBUG 9068 --- [item-service] [http-nio-8081-exec-8] c.d.m.i.m.ItemMapper.selectBatchIds      : ==>  Preparing: SELECT id,name,price,stock,image,category,brand,spec,sold,comment_count,is_ad,status,create_time,update_time,creater,updater FROM item WHERE id IN ( ? , ? , ? , ? )
11:05:28:256 DEBUG 9068 --- [item-service] [http-nio-8081-exec-8] c.d.m.i.m.ItemMapper.selectBatchIds      : ==> Parameters: 176(Long), 177(Long), 163(Long), 172(Long)
11:05:28:257 DEBUG 9068 --- [item-service] [http-nio-8081-exec-8] c.d.m.i.m.ItemMapper.selectBatchIds      : <==      Total: 4
11:05:28:355 DEBUG 9068 --- [item-service] [http-nio-8081-exec-9] c.d.m.i.m.ItemMapper.selectBatchIds      : ==>  Preparing: SELECT id,name,price,stock,image,category,brand,spec,sold,comment_count,is_ad,status,create_time,update_time,creater,updater FROM item WHERE id IN ( ? , ? , ? , ? )
11:05:28:356 DEBUG 9068 --- [item-service] [http-nio-8081-exec-9] c.d.m.i.m.ItemMapper.selectBatchIds      : ==> Parameters: 176(Long), 177(Long), 163(Long), 172(Long)
11:05:28:357 DEBUG 9068 --- [item-service] [http-nio-8081-exec-9] c.d.m.i.m.ItemMapper.selectBatchIds      : <==      Total: 4
11:12:33:839 DEBUG 9068 --- [item-service] [http-nio-8081-exec-2] c.d.m.i.m.ItemMapper.selectList_mpCount  : ==>  Preparing: SELECT COUNT(*) AS total FROM item
11:12:33:840 DEBUG 9068 --- [item-service] [http-nio-8081-exec-2] c.d.m.i.m.ItemMapper.selectList_mpCount  : ==> Parameters: 
11:12:33:843 DEBUG 9068 --- [item-service] [http-nio-8081-exec-2] c.d.m.i.m.ItemMapper.selectList_mpCount  : <==      Total: 1
11:12:33:854 DEBUG 9068 --- [item-service] [http-nio-8081-exec-2] c.d.m.item.mapper.ItemMapper.selectList  : ==>  Preparing: SELECT id, name, price, stock, image, category, brand, spec, sold, comment_count, is_ad, status, create_time, update_time, creater, updater FROM item ORDER BY update_time DESC LIMIT ?
11:12:33:854 DEBUG 9068 --- [item-service] [http-nio-8081-exec-2] c.d.m.item.mapper.ItemMapper.selectList  : ==> Parameters: 20(Long)
11:12:33:859 DEBUG 9068 --- [item-service] [http-nio-8081-exec-2] c.d.m.item.mapper.ItemMapper.selectList  : <==      Total: 20
11:12:33:954 DEBUG 9068 --- [item-service] [http-nio-8081-exec-3] c.d.m.i.m.ItemMapper.selectBatchIds      : ==>  Preparing: SELECT id,name,price,stock,image,category,brand,spec,sold,comment_count,is_ad,status,create_time,update_time,creater,updater FROM item WHERE id IN ( ? , ? , ? , ? )
11:12:33:955 DEBUG 9068 --- [item-service] [http-nio-8081-exec-3] c.d.m.i.m.ItemMapper.selectBatchIds      : ==> Parameters: 176(Long), 177(Long), 163(Long), 172(Long)
11:12:33:958 DEBUG 9068 --- [item-service] [http-nio-8081-exec-3] c.d.m.i.m.ItemMapper.selectBatchIds      : <==      Total: 4
11:12:35:184 DEBUG 9068 --- [item-service] [http-nio-8081-exec-4] c.d.m.i.m.ItemMapper.selectBatchIds      : ==>  Preparing: SELECT id,name,price,stock,image,category,brand,spec,sold,comment_count,is_ad,status,create_time,update_time,creater,updater FROM item WHERE id IN ( ? , ? , ? , ? )
11:12:35:184 DEBUG 9068 --- [item-service] [http-nio-8081-exec-4] c.d.m.i.m.ItemMapper.selectBatchIds      : ==> Parameters: 176(Long), 177(Long), 163(Long), 172(Long)
11:12:35:187 DEBUG 9068 --- [item-service] [http-nio-8081-exec-4] c.d.m.i.m.ItemMapper.selectBatchIds      : <==      Total: 4
11:12:35:285 DEBUG 9068 --- [item-service] [http-nio-8081-exec-5] c.d.m.i.m.ItemMapper.selectBatchIds      : ==>  Preparing: SELECT id,name,price,stock,image,category,brand,spec,sold,comment_count,is_ad,status,create_time,update_time,creater,updater FROM item WHERE id IN ( ? , ? , ? , ? )
11:12:35:286 DEBUG 9068 --- [item-service] [http-nio-8081-exec-5] c.d.m.i.m.ItemMapper.selectBatchIds      : ==> Parameters: 176(Long), 177(Long), 163(Long), 172(Long)
11:12:35:289 DEBUG 9068 --- [item-service] [http-nio-8081-exec-5] c.d.m.i.m.ItemMapper.selectBatchIds      : <==      Total: 4
11:12:36:271 DEBUG 9068 --- [item-service] [http-nio-8081-exec-6] c.d.m.i.m.ItemMapper.selectBatchIds      : ==>  Preparing: SELECT id,name,price,stock,image,category,brand,spec,sold,comment_count,is_ad,status,create_time,update_time,creater,updater FROM item WHERE id IN ( ? , ? , ? , ? )
11:12:36:272 DEBUG 9068 --- [item-service] [http-nio-8081-exec-6] c.d.m.i.m.ItemMapper.selectBatchIds      : ==> Parameters: 176(Long), 177(Long), 163(Long), 172(Long)
11:12:36:274 DEBUG 9068 --- [item-service] [http-nio-8081-exec-6] c.d.m.i.m.ItemMapper.selectBatchIds      : <==      Total: 4
11:12:36:364 DEBUG 9068 --- [item-service] [http-nio-8081-exec-7] c.d.m.i.m.ItemMapper.selectBatchIds      : ==>  Preparing: SELECT id,name,price,stock,image,category,brand,spec,sold,comment_count,is_ad,status,create_time,update_time,creater,updater FROM item WHERE id IN ( ? , ? , ? , ? )
11:12:36:365 DEBUG 9068 --- [item-service] [http-nio-8081-exec-7] c.d.m.i.m.ItemMapper.selectBatchIds      : ==> Parameters: 176(Long), 177(Long), 163(Long), 172(Long)
11:12:36:366 DEBUG 9068 --- [item-service] [http-nio-8081-exec-7] c.d.m.i.m.ItemMapper.selectBatchIds      : <==      Total: 4
11:12:44:587 DEBUG 9068 --- [item-service] [http-nio-8081-exec-8] c.d.m.i.m.ItemMapper.selectBatchIds      : ==>  Preparing: SELECT id,name,price,stock,image,category,brand,spec,sold,comment_count,is_ad,status,create_time,update_time,creater,updater FROM item WHERE id IN ( ? , ? , ? , ? )
11:12:44:587 DEBUG 9068 --- [item-service] [http-nio-8081-exec-8] c.d.m.i.m.ItemMapper.selectBatchIds      : ==> Parameters: 176(Long), 177(Long), 163(Long), 172(Long)
11:12:44:590 DEBUG 9068 --- [item-service] [http-nio-8081-exec-8] c.d.m.i.m.ItemMapper.selectBatchIds      : <==      Total: 4
11:12:44:689 DEBUG 9068 --- [item-service] [http-nio-8081-exec-9] c.d.m.i.m.ItemMapper.selectBatchIds      : ==>  Preparing: SELECT id,name,price,stock,image,category,brand,spec,sold,comment_count,is_ad,status,create_time,update_time,creater,updater FROM item WHERE id IN ( ? , ? , ? , ? )
11:12:44:689 DEBUG 9068 --- [item-service] [http-nio-8081-exec-9] c.d.m.i.m.ItemMapper.selectBatchIds      : ==> Parameters: 176(Long), 177(Long), 163(Long), 172(Long)
11:12:44:691 DEBUG 9068 --- [item-service] [http-nio-8081-exec-9] c.d.m.i.m.ItemMapper.selectBatchIds      : <==      Total: 4
11:18:49:488 DEBUG 9068 --- [item-service] [http-nio-8081-exec-2] c.d.m.i.m.ItemMapper.selectList_mpCount  : ==>  Preparing: SELECT COUNT(*) AS total FROM item
11:18:49:488 DEBUG 9068 --- [item-service] [http-nio-8081-exec-2] c.d.m.i.m.ItemMapper.selectList_mpCount  : ==> Parameters: 
11:18:49:491 DEBUG 9068 --- [item-service] [http-nio-8081-exec-2] c.d.m.i.m.ItemMapper.selectList_mpCount  : <==      Total: 1
11:18:49:503 DEBUG 9068 --- [item-service] [http-nio-8081-exec-2] c.d.m.item.mapper.ItemMapper.selectList  : ==>  Preparing: SELECT id, name, price, stock, image, category, brand, spec, sold, comment_count, is_ad, status, create_time, update_time, creater, updater FROM item ORDER BY update_time DESC LIMIT ?
11:18:49:503 DEBUG 9068 --- [item-service] [http-nio-8081-exec-2] c.d.m.item.mapper.ItemMapper.selectList  : ==> Parameters: 20(Long)
11:18:49:509 DEBUG 9068 --- [item-service] [http-nio-8081-exec-2] c.d.m.item.mapper.ItemMapper.selectList  : <==      Total: 20
11:18:57:269 DEBUG 9068 --- [item-service] [http-nio-8081-exec-3] c.d.m.i.m.ItemMapper.selectList_mpCount  : ==>  Preparing: SELECT COUNT(*) AS total FROM item
11:18:57:269 DEBUG 9068 --- [item-service] [http-nio-8081-exec-3] c.d.m.i.m.ItemMapper.selectList_mpCount  : ==> Parameters: 
11:18:57:270 DEBUG 9068 --- [item-service] [http-nio-8081-exec-3] c.d.m.i.m.ItemMapper.selectList_mpCount  : <==      Total: 1
11:18:57:281 DEBUG 9068 --- [item-service] [http-nio-8081-exec-3] c.d.m.item.mapper.ItemMapper.selectList  : ==>  Preparing: SELECT id, name, price, stock, image, category, brand, spec, sold, comment_count, is_ad, status, create_time, update_time, creater, updater FROM item ORDER BY update_time DESC LIMIT ?
11:18:57:281 DEBUG 9068 --- [item-service] [http-nio-8081-exec-3] c.d.m.item.mapper.ItemMapper.selectList  : ==> Parameters: 20(Long)
11:18:57:285 DEBUG 9068 --- [item-service] [http-nio-8081-exec-3] c.d.m.item.mapper.ItemMapper.selectList  : <==      Total: 20
11:18:57:361 DEBUG 9068 --- [item-service] [http-nio-8081-exec-4] c.d.m.i.m.ItemMapper.selectBatchIds      : ==>  Preparing: SELECT id,name,price,stock,image,category,brand,spec,sold,comment_count,is_ad,status,create_time,update_time,creater,updater FROM item WHERE id IN ( ? , ? , ? , ? )
11:18:57:361 DEBUG 9068 --- [item-service] [http-nio-8081-exec-4] c.d.m.i.m.ItemMapper.selectBatchIds      : ==> Parameters: 176(Long), 177(Long), 163(Long), 172(Long)
11:18:57:364 DEBUG 9068 --- [item-service] [http-nio-8081-exec-4] c.d.m.i.m.ItemMapper.selectBatchIds      : <==      Total: 4
11:18:58:710 DEBUG 9068 --- [item-service] [http-nio-8081-exec-5] c.d.m.i.m.ItemMapper.selectBatchIds      : ==>  Preparing: SELECT id,name,price,stock,image,category,brand,spec,sold,comment_count,is_ad,status,create_time,update_time,creater,updater FROM item WHERE id IN ( ? , ? , ? , ? )
11:18:58:711 DEBUG 9068 --- [item-service] [http-nio-8081-exec-5] c.d.m.i.m.ItemMapper.selectBatchIds      : ==> Parameters: 176(Long), 177(Long), 163(Long), 172(Long)
11:18:58:712 DEBUG 9068 --- [item-service] [http-nio-8081-exec-5] c.d.m.i.m.ItemMapper.selectBatchIds      : <==      Total: 4
11:18:58:793 DEBUG 9068 --- [item-service] [http-nio-8081-exec-6] c.d.m.i.m.ItemMapper.selectBatchIds      : ==>  Preparing: SELECT id,name,price,stock,image,category,brand,spec,sold,comment_count,is_ad,status,create_time,update_time,creater,updater FROM item WHERE id IN ( ? , ? , ? , ? )
11:18:58:794 DEBUG 9068 --- [item-service] [http-nio-8081-exec-6] c.d.m.i.m.ItemMapper.selectBatchIds      : ==> Parameters: 176(Long), 177(Long), 163(Long), 172(Long)
11:18:58:795 DEBUG 9068 --- [item-service] [http-nio-8081-exec-6] c.d.m.i.m.ItemMapper.selectBatchIds      : <==      Total: 4
11:19:00:078 DEBUG 9068 --- [item-service] [http-nio-8081-exec-7] c.d.m.i.m.ItemMapper.selectBatchIds      : ==>  Preparing: SELECT id,name,price,stock,image,category,brand,spec,sold,comment_count,is_ad,status,create_time,update_time,creater,updater FROM item WHERE id IN ( ? , ? , ? , ? )
11:19:00:078 DEBUG 9068 --- [item-service] [http-nio-8081-exec-7] c.d.m.i.m.ItemMapper.selectBatchIds      : ==> Parameters: 176(Long), 177(Long), 163(Long), 172(Long)
11:19:00:080 DEBUG 9068 --- [item-service] [http-nio-8081-exec-7] c.d.m.i.m.ItemMapper.selectBatchIds      : <==      Total: 4
11:19:00:157 DEBUG 9068 --- [item-service] [http-nio-8081-exec-8] c.d.m.i.m.ItemMapper.selectBatchIds      : ==>  Preparing: SELECT id,name,price,stock,image,category,brand,spec,sold,comment_count,is_ad,status,create_time,update_time,creater,updater FROM item WHERE id IN ( ? , ? , ? , ? )
11:19:00:158 DEBUG 9068 --- [item-service] [http-nio-8081-exec-8] c.d.m.i.m.ItemMapper.selectBatchIds      : ==> Parameters: 176(Long), 177(Long), 163(Long), 172(Long)
11:19:00:160 DEBUG 9068 --- [item-service] [http-nio-8081-exec-8] c.d.m.i.m.ItemMapper.selectBatchIds      : <==      Total: 4
11:19:01:427 DEBUG 9068 --- [item-service] [http-nio-8081-exec-9] c.d.m.i.m.ItemMapper.selectBatchIds      : ==>  Preparing: SELECT id,name,price,stock,image,category,brand,spec,sold,comment_count,is_ad,status,create_time,update_time,creater,updater FROM item WHERE id IN ( ? , ? , ? , ? )
11:19:01:428 DEBUG 9068 --- [item-service] [http-nio-8081-exec-9] c.d.m.i.m.ItemMapper.selectBatchIds      : ==> Parameters: 176(Long), 177(Long), 163(Long), 172(Long)
11:19:01:430 DEBUG 9068 --- [item-service] [http-nio-8081-exec-9] c.d.m.i.m.ItemMapper.selectBatchIds      : <==      Total: 4
11:19:01:523 DEBUG 9068 --- [item-service] [http-nio-8081-exec-10] c.d.m.i.m.ItemMapper.selectBatchIds      : ==>  Preparing: SELECT id,name,price,stock,image,category,brand,spec,sold,comment_count,is_ad,status,create_time,update_time,creater,updater FROM item WHERE id IN ( ? , ? , ? , ? )
11:19:01:523 DEBUG 9068 --- [item-service] [http-nio-8081-exec-10] c.d.m.i.m.ItemMapper.selectBatchIds      : ==> Parameters: 176(Long), 177(Long), 163(Long), 172(Long)
11:19:01:526 DEBUG 9068 --- [item-service] [http-nio-8081-exec-10] c.d.m.i.m.ItemMapper.selectBatchIds      : <==      Total: 4
11:19:02:489 DEBUG 9068 --- [item-service] [http-nio-8081-exec-1] c.d.m.i.m.ItemMapper.selectList_mpCount  : ==>  Preparing: SELECT COUNT(*) AS total FROM item
11:19:02:489 DEBUG 9068 --- [item-service] [http-nio-8081-exec-1] c.d.m.i.m.ItemMapper.selectList_mpCount  : ==> Parameters: 
11:19:02:490 DEBUG 9068 --- [item-service] [http-nio-8081-exec-1] c.d.m.i.m.ItemMapper.selectList_mpCount  : <==      Total: 1
11:19:02:498 DEBUG 9068 --- [item-service] [http-nio-8081-exec-1] c.d.m.item.mapper.ItemMapper.selectList  : ==>  Preparing: SELECT id, name, price, stock, image, category, brand, spec, sold, comment_count, is_ad, status, create_time, update_time, creater, updater FROM item ORDER BY update_time DESC LIMIT ?
11:19:02:499 DEBUG 9068 --- [item-service] [http-nio-8081-exec-1] c.d.m.item.mapper.ItemMapper.selectList  : ==> Parameters: 20(Long)
11:19:02:502 DEBUG 9068 --- [item-service] [http-nio-8081-exec-1] c.d.m.item.mapper.ItemMapper.selectList  : <==      Total: 20
11:19:02:568 DEBUG 9068 --- [item-service] [http-nio-8081-exec-2] c.d.m.i.m.ItemMapper.selectBatchIds      : ==>  Preparing: SELECT id,name,price,stock,image,category,brand,spec,sold,comment_count,is_ad,status,create_time,update_time,creater,updater FROM item WHERE id IN ( ? , ? , ? , ? )
11:19:02:569 DEBUG 9068 --- [item-service] [http-nio-8081-exec-2] c.d.m.i.m.ItemMapper.selectBatchIds      : ==> Parameters: 176(Long), 177(Long), 163(Long), 172(Long)
11:19:02:571 DEBUG 9068 --- [item-service] [http-nio-8081-exec-2] c.d.m.i.m.ItemMapper.selectBatchIds      : <==      Total: 4
11:19:04:079 DEBUG 9068 --- [item-service] [http-nio-8081-exec-3] c.d.m.item.mapper.ItemMapper.selectById  : ==>  Preparing: SELECT id,name,price,stock,image,category,brand,spec,sold,comment_count,is_ad,status,create_time,update_time,creater,updater FROM item WHERE id=?
11:19:04:079 DEBUG 9068 --- [item-service] [http-nio-8081-exec-3] c.d.m.item.mapper.ItemMapper.selectById  : ==> Parameters: 176(Long)
11:19:04:084 DEBUG 9068 --- [item-service] [http-nio-8081-exec-3] c.d.m.item.mapper.ItemMapper.selectById  : <==      Total: 1
11:19:04:151 DEBUG 9068 --- [item-service] [http-nio-8081-exec-4] c.d.m.i.m.ItemMapper.selectBatchIds      : ==>  Preparing: SELECT id,name,price,stock,image,category,brand,spec,sold,comment_count,is_ad,status,create_time,update_time,creater,updater FROM item WHERE id IN ( ? , ? , ? , ? )
11:19:04:151 DEBUG 9068 --- [item-service] [http-nio-8081-exec-4] c.d.m.i.m.ItemMapper.selectBatchIds      : ==> Parameters: 176(Long), 177(Long), 163(Long), 172(Long)
11:19:04:153 DEBUG 9068 --- [item-service] [http-nio-8081-exec-4] c.d.m.i.m.ItemMapper.selectBatchIds      : <==      Total: 4
11:19:10:355 DEBUG 9068 --- [item-service] [http-nio-8081-exec-5] c.d.m.i.m.ItemMapper.selectList_mpCount  : ==>  Preparing: SELECT COUNT(*) AS total FROM item
11:19:10:355 DEBUG 9068 --- [item-service] [http-nio-8081-exec-5] c.d.m.i.m.ItemMapper.selectList_mpCount  : ==> Parameters: 
11:19:10:358 DEBUG 9068 --- [item-service] [http-nio-8081-exec-5] c.d.m.i.m.ItemMapper.selectList_mpCount  : <==      Total: 1
11:19:10:366 DEBUG 9068 --- [item-service] [http-nio-8081-exec-5] c.d.m.item.mapper.ItemMapper.selectList  : ==>  Preparing: SELECT id, name, price, stock, image, category, brand, spec, sold, comment_count, is_ad, status, create_time, update_time, creater, updater FROM item ORDER BY update_time DESC LIMIT ?
11:19:10:366 DEBUG 9068 --- [item-service] [http-nio-8081-exec-5] c.d.m.item.mapper.ItemMapper.selectList  : ==> Parameters: 20(Long)
11:19:10:369 DEBUG 9068 --- [item-service] [http-nio-8081-exec-5] c.d.m.item.mapper.ItemMapper.selectList  : <==      Total: 20
11:19:10:430 DEBUG 9068 --- [item-service] [http-nio-8081-exec-6] c.d.m.i.m.ItemMapper.selectBatchIds      : ==>  Preparing: SELECT id,name,price,stock,image,category,brand,spec,sold,comment_count,is_ad,status,create_time,update_time,creater,updater FROM item WHERE id IN ( ? , ? , ? , ? )
11:19:10:430 DEBUG 9068 --- [item-service] [http-nio-8081-exec-6] c.d.m.i.m.ItemMapper.selectBatchIds      : ==> Parameters: 176(Long), 177(Long), 163(Long), 172(Long)
11:19:10:432 DEBUG 9068 --- [item-service] [http-nio-8081-exec-6] c.d.m.i.m.ItemMapper.selectBatchIds      : <==      Total: 4
11:19:12:228 ERROR 9068 --- [item-service] [http-nio-8081-exec-7] c.d.m.c.advice.CommonExceptionAdvice     : 未预期异常

org.springframework.web.method.annotation.MethodArgumentTypeMismatchException: Failed to convert value of type 'java.lang.String' to required type 'java.lang.Long'; For input string: "brands"
	at org.springframework.web.method.annotation.AbstractNamedValueMethodArgumentResolver.convertIfNecessary(AbstractNamedValueMethodArgumentResolver.java:302) ~[spring-web-6.1.11.jar:6.1.11]
	at org.springframework.web.method.annotation.AbstractNamedValueMethodArgumentResolver.resolveArgument(AbstractNamedValueMethodArgumentResolver.java:137) ~[spring-web-6.1.11.jar:6.1.11]
	at org.springframework.web.method.support.HandlerMethodArgumentResolverComposite.resolveArgument(HandlerMethodArgumentResolverComposite.java:122) ~[spring-web-6.1.11.jar:6.1.11]
	at org.springframework.web.method.support.InvocableHandlerMethod.getMethodArgumentValues(InvocableHandlerMethod.java:224) ~[spring-web-6.1.11.jar:6.1.11]
	at org.springframework.web.method.support.InvocableHandlerMethod.invokeForRequest(InvocableHandlerMethod.java:178) ~[spring-web-6.1.11.jar:6.1.11]
	at org.springframework.web.servlet.mvc.method.annotation.ServletInvocableHandlerMethod.invokeAndHandle(ServletInvocableHandlerMethod.java:118) ~[spring-webmvc-6.1.11.jar:6.1.11]
	at org.springframework.web.servlet.mvc.method.annotation.RequestMappingHandlerAdapter.invokeHandlerMethod(RequestMappingHandlerAdapter.java:926) ~[spring-webmvc-6.1.11.jar:6.1.11]
	at org.springframework.web.servlet.mvc.method.annotation.RequestMappingHandlerAdapter.handleInternal(RequestMappingHandlerAdapter.java:831) ~[spring-webmvc-6.1.11.jar:6.1.11]
	at org.springframework.web.servlet.mvc.method.AbstractHandlerMethodAdapter.handle(AbstractHandlerMethodAdapter.java:87) ~[spring-webmvc-6.1.11.jar:6.1.11]
	at org.springframework.web.servlet.DispatcherServlet.doDispatch(DispatcherServlet.java:1089) ~[spring-webmvc-6.1.11.jar:6.1.11]
	at org.springframework.web.servlet.DispatcherServlet.doService(DispatcherServlet.java:979) ~[spring-webmvc-6.1.11.jar:6.1.11]
	at org.springframework.web.servlet.FrameworkServlet.processRequest(FrameworkServlet.java:1014) ~[spring-webmvc-6.1.11.jar:6.1.11]
	at org.springframework.web.servlet.FrameworkServlet.doGet(FrameworkServlet.java:903) ~[spring-webmvc-6.1.11.jar:6.1.11]
	at jakarta.servlet.http.HttpServlet.service(HttpServlet.java:564) ~[tomcat-embed-core-10.1.26.jar:10.1.26]
	at org.springframework.web.servlet.FrameworkServlet.service(FrameworkServlet.java:885) ~[spring-webmvc-6.1.11.jar:6.1.11]
	at jakarta.servlet.http.HttpServlet.service(HttpServlet.java:658) ~[tomcat-embed-core-10.1.26.jar:10.1.26]
	at org.apache.catalina.core.ApplicationFilterChain.internalDoFilter(ApplicationFilterChain.java:195) ~[tomcat-embed-core-10.1.26.jar:10.1.26]
	at org.apache.catalina.core.ApplicationFilterChain.doFilter(ApplicationFilterChain.java:140) ~[tomcat-embed-core-10.1.26.jar:10.1.26]
	at org.apache.tomcat.websocket.server.WsFilter.doFilter(WsFilter.java:51) ~[tomcat-embed-websocket-10.1.26.jar:10.1.26]
	at org.apache.catalina.core.ApplicationFilterChain.internalDoFilter(ApplicationFilterChain.java:164) ~[tomcat-embed-core-10.1.26.jar:10.1.26]
	at org.apache.catalina.core.ApplicationFilterChain.doFilter(ApplicationFilterChain.java:140) ~[tomcat-embed-core-10.1.26.jar:10.1.26]
	at org.springframework.web.filter.RequestContextFilter.doFilterInternal(RequestContextFilter.java:100) ~[spring-web-6.1.11.jar:6.1.11]
	at org.springframework.web.filter.OncePerRequestFilter.doFilter(OncePerRequestFilter.java:116) ~[spring-web-6.1.11.jar:6.1.11]
	at org.apache.catalina.core.ApplicationFilterChain.internalDoFilter(ApplicationFilterChain.java:164) ~[tomcat-embed-core-10.1.26.jar:10.1.26]
	at org.apache.catalina.core.ApplicationFilterChain.doFilter(ApplicationFilterChain.java:140) ~[tomcat-embed-core-10.1.26.jar:10.1.26]
	at org.springframework.web.filter.FormContentFilter.doFilterInternal(FormContentFilter.java:93) ~[spring-web-6.1.11.jar:6.1.11]
	at org.springframework.web.filter.OncePerRequestFilter.doFilter(OncePerRequestFilter.java:116) ~[spring-web-6.1.11.jar:6.1.11]
	at org.apache.catalina.core.ApplicationFilterChain.internalDoFilter(ApplicationFilterChain.java:164) ~[tomcat-embed-core-10.1.26.jar:10.1.26]
	at org.apache.catalina.core.ApplicationFilterChain.doFilter(ApplicationFilterChain.java:140) ~[tomcat-embed-core-10.1.26.jar:10.1.26]
	at org.springframework.web.filter.ServerHttpObservationFilter.doFilterInternal(ServerHttpObservationFilter.java:113) ~[spring-web-6.1.11.jar:6.1.11]
	at org.springframework.web.filter.OncePerRequestFilter.doFilter(OncePerRequestFilter.java:116) ~[spring-web-6.1.11.jar:6.1.11]
	at org.apache.catalina.core.ApplicationFilterChain.internalDoFilter(ApplicationFilterChain.java:164) ~[tomcat-embed-core-10.1.26.jar:10.1.26]
	at org.apache.catalina.core.ApplicationFilterChain.doFilter(ApplicationFilterChain.java:140) ~[tomcat-embed-core-10.1.26.jar:10.1.26]
	at org.springframework.web.filter.CharacterEncodingFilter.doFilterInternal(CharacterEncodingFilter.java:201) ~[spring-web-6.1.11.jar:6.1.11]
	at org.springframework.web.filter.OncePerRequestFilter.doFilter(OncePerRequestFilter.java:116) ~[spring-web-6.1.11.jar:6.1.11]
	at org.apache.catalina.core.ApplicationFilterChain.internalDoFilter(ApplicationFilterChain.java:164) ~[tomcat-embed-core-10.1.26.jar:10.1.26]
	at org.apache.catalina.core.ApplicationFilterChain.doFilter(ApplicationFilterChain.java:140) ~[tomcat-embed-core-10.1.26.jar:10.1.26]
	at org.apache.catalina.core.StandardWrapperValve.invoke(StandardWrapperValve.java:167) ~[tomcat-embed-core-10.1.26.jar:10.1.26]
	at org.apache.catalina.core.StandardContextValve.invoke(StandardContextValve.java:90) ~[tomcat-embed-core-10.1.26.jar:10.1.26]
	at org.apache.catalina.authenticator.AuthenticatorBase.invoke(AuthenticatorBase.java:483) ~[tomcat-embed-core-10.1.26.jar:10.1.26]
	at org.apache.catalina.core.StandardHostValve.invoke(StandardHostValve.java:115) ~[tomcat-embed-core-10.1.26.jar:10.1.26]
	at org.apache.catalina.valves.ErrorReportValve.invoke(ErrorReportValve.java:93) ~[tomcat-embed-core-10.1.26.jar:10.1.26]
	at org.apache.catalina.core.StandardEngineValve.invoke(StandardEngineValve.java:74) ~[tomcat-embed-core-10.1.26.jar:10.1.26]
	at org.apache.catalina.connector.CoyoteAdapter.service(CoyoteAdapter.java:344) ~[tomcat-embed-core-10.1.26.jar:10.1.26]
	at org.apache.coyote.http11.Http11Processor.service(Http11Processor.java:389) ~[tomcat-embed-core-10.1.26.jar:10.1.26]
	at org.apache.coyote.AbstractProcessorLight.process(AbstractProcessorLight.java:63) ~[tomcat-embed-core-10.1.26.jar:10.1.26]
	at org.apache.coyote.AbstractProtocol$ConnectionHandler.process(AbstractProtocol.java:904) ~[tomcat-embed-core-10.1.26.jar:10.1.26]
	at org.apache.tomcat.util.net.NioEndpoint$SocketProcessor.doRun(NioEndpoint.java:1741) ~[tomcat-embed-core-10.1.26.jar:10.1.26]
	at org.apache.tomcat.util.net.SocketProcessorBase.run(SocketProcessorBase.java:52) ~[tomcat-embed-core-10.1.26.jar:10.1.26]
	at org.apache.tomcat.util.threads.ThreadPoolExecutor.runWorker(ThreadPoolExecutor.java:1190) ~[tomcat-embed-core-10.1.26.jar:10.1.26]
	at org.apache.tomcat.util.threads.ThreadPoolExecutor$Worker.run(ThreadPoolExecutor.java:659) ~[tomcat-embed-core-10.1.26.jar:10.1.26]
	at org.apache.tomcat.util.threads.TaskThread$WrappingRunnable.run(TaskThread.java:63) ~[tomcat-embed-core-10.1.26.jar:10.1.26]
	at java.base/java.lang.Thread.run(Thread.java:1583) ~[na:na]
Caused by: java.lang.NumberFormatException: For input string: "brands"
	at java.base/java.lang.NumberFormatException.forInputString(NumberFormatException.java:67) ~[na:na]
	at java.base/java.lang.Long.parseLong(Long.java:709) ~[na:na]
	at java.base/java.lang.Long.valueOf(Long.java:1157) ~[na:na]
	at org.springframework.util.NumberUtils.parseNumber(NumberUtils.java:206) ~[spring-core-6.1.11.jar:6.1.11]
	at org.springframework.beans.propertyeditors.CustomNumberEditor.setAsText(CustomNumberEditor.java:115) ~[spring-beans-6.1.11.jar:6.1.11]
	at org.springframework.beans.TypeConverterDelegate.doConvertTextValue(TypeConverterDelegate.java:439) ~[spring-beans-6.1.11.jar:6.1.11]
	at org.springframework.beans.TypeConverterDelegate.doConvertValue(TypeConverterDelegate.java:412) ~[spring-beans-6.1.11.jar:6.1.11]
	at org.springframework.beans.TypeConverterDelegate.convertIfNecessary(TypeConverterDelegate.java:161) ~[spring-beans-6.1.11.jar:6.1.11]
	at org.springframework.beans.TypeConverterSupport.convertIfNecessary(TypeConverterSupport.java:80) ~[spring-beans-6.1.11.jar:6.1.11]
	at org.springframework.beans.TypeConverterSupport.convertIfNecessary(TypeConverterSupport.java:53) ~[spring-beans-6.1.11.jar:6.1.11]
	at org.springframework.validation.DataBinder.convertIfNecessary(DataBinder.java:860) ~[spring-context-6.1.11.jar:6.1.11]
	at org.springframework.web.method.annotation.AbstractNamedValueMethodArgumentResolver.convertIfNecessary(AbstractNamedValueMethodArgumentResolver.java:294) ~[spring-web-6.1.11.jar:6.1.11]
	... 52 common frames omitted

11:19:12:231 ERROR 9068 --- [item-service] [http-nio-8081-exec-8] c.d.m.c.advice.CommonExceptionAdvice     : 未预期异常

org.springframework.web.method.annotation.MethodArgumentTypeMismatchException: Failed to convert value of type 'java.lang.String' to required type 'java.lang.Long'; For input string: "categories"
	at org.springframework.web.method.annotation.AbstractNamedValueMethodArgumentResolver.convertIfNecessary(AbstractNamedValueMethodArgumentResolver.java:302) ~[spring-web-6.1.11.jar:6.1.11]
	at org.springframework.web.method.annotation.AbstractNamedValueMethodArgumentResolver.resolveArgument(AbstractNamedValueMethodArgumentResolver.java:137) ~[spring-web-6.1.11.jar:6.1.11]
	at org.springframework.web.method.support.HandlerMethodArgumentResolverComposite.resolveArgument(HandlerMethodArgumentResolverComposite.java:122) ~[spring-web-6.1.11.jar:6.1.11]
	at org.springframework.web.method.support.InvocableHandlerMethod.getMethodArgumentValues(InvocableHandlerMethod.java:224) ~[spring-web-6.1.11.jar:6.1.11]
	at org.springframework.web.method.support.InvocableHandlerMethod.invokeForRequest(InvocableHandlerMethod.java:178) ~[spring-web-6.1.11.jar:6.1.11]
	at org.springframework.web.servlet.mvc.method.annotation.ServletInvocableHandlerMethod.invokeAndHandle(ServletInvocableHandlerMethod.java:118) ~[spring-webmvc-6.1.11.jar:6.1.11]
	at org.springframework.web.servlet.mvc.method.annotation.RequestMappingHandlerAdapter.invokeHandlerMethod(RequestMappingHandlerAdapter.java:926) ~[spring-webmvc-6.1.11.jar:6.1.11]
	at org.springframework.web.servlet.mvc.method.annotation.RequestMappingHandlerAdapter.handleInternal(RequestMappingHandlerAdapter.java:831) ~[spring-webmvc-6.1.11.jar:6.1.11]
	at org.springframework.web.servlet.mvc.method.AbstractHandlerMethodAdapter.handle(AbstractHandlerMethodAdapter.java:87) ~[spring-webmvc-6.1.11.jar:6.1.11]
	at org.springframework.web.servlet.DispatcherServlet.doDispatch(DispatcherServlet.java:1089) ~[spring-webmvc-6.1.11.jar:6.1.11]
	at org.springframework.web.servlet.DispatcherServlet.doService(DispatcherServlet.java:979) ~[spring-webmvc-6.1.11.jar:6.1.11]
	at org.springframework.web.servlet.FrameworkServlet.processRequest(FrameworkServlet.java:1014) ~[spring-webmvc-6.1.11.jar:6.1.11]
	at org.springframework.web.servlet.FrameworkServlet.doGet(FrameworkServlet.java:903) ~[spring-webmvc-6.1.11.jar:6.1.11]
	at jakarta.servlet.http.HttpServlet.service(HttpServlet.java:564) ~[tomcat-embed-core-10.1.26.jar:10.1.26]
	at org.springframework.web.servlet.FrameworkServlet.service(FrameworkServlet.java:885) ~[spring-webmvc-6.1.11.jar:6.1.11]
	at jakarta.servlet.http.HttpServlet.service(HttpServlet.java:658) ~[tomcat-embed-core-10.1.26.jar:10.1.26]
	at org.apache.catalina.core.ApplicationFilterChain.internalDoFilter(ApplicationFilterChain.java:195) ~[tomcat-embed-core-10.1.26.jar:10.1.26]
	at org.apache.catalina.core.ApplicationFilterChain.doFilter(ApplicationFilterChain.java:140) ~[tomcat-embed-core-10.1.26.jar:10.1.26]
	at org.apache.tomcat.websocket.server.WsFilter.doFilter(WsFilter.java:51) ~[tomcat-embed-websocket-10.1.26.jar:10.1.26]
	at org.apache.catalina.core.ApplicationFilterChain.internalDoFilter(ApplicationFilterChain.java:164) ~[tomcat-embed-core-10.1.26.jar:10.1.26]
	at org.apache.catalina.core.ApplicationFilterChain.doFilter(ApplicationFilterChain.java:140) ~[tomcat-embed-core-10.1.26.jar:10.1.26]
	at org.springframework.web.filter.RequestContextFilter.doFilterInternal(RequestContextFilter.java:100) ~[spring-web-6.1.11.jar:6.1.11]
	at org.springframework.web.filter.OncePerRequestFilter.doFilter(OncePerRequestFilter.java:116) ~[spring-web-6.1.11.jar:6.1.11]
	at org.apache.catalina.core.ApplicationFilterChain.internalDoFilter(ApplicationFilterChain.java:164) ~[tomcat-embed-core-10.1.26.jar:10.1.26]
	at org.apache.catalina.core.ApplicationFilterChain.doFilter(ApplicationFilterChain.java:140) ~[tomcat-embed-core-10.1.26.jar:10.1.26]
	at org.springframework.web.filter.FormContentFilter.doFilterInternal(FormContentFilter.java:93) ~[spring-web-6.1.11.jar:6.1.11]
	at org.springframework.web.filter.OncePerRequestFilter.doFilter(OncePerRequestFilter.java:116) ~[spring-web-6.1.11.jar:6.1.11]
	at org.apache.catalina.core.ApplicationFilterChain.internalDoFilter(ApplicationFilterChain.java:164) ~[tomcat-embed-core-10.1.26.jar:10.1.26]
	at org.apache.catalina.core.ApplicationFilterChain.doFilter(ApplicationFilterChain.java:140) ~[tomcat-embed-core-10.1.26.jar:10.1.26]
	at org.springframework.web.filter.ServerHttpObservationFilter.doFilterInternal(ServerHttpObservationFilter.java:113) ~[spring-web-6.1.11.jar:6.1.11]
	at org.springframework.web.filter.OncePerRequestFilter.doFilter(OncePerRequestFilter.java:116) ~[spring-web-6.1.11.jar:6.1.11]
	at org.apache.catalina.core.ApplicationFilterChain.internalDoFilter(ApplicationFilterChain.java:164) ~[tomcat-embed-core-10.1.26.jar:10.1.26]
	at org.apache.catalina.core.ApplicationFilterChain.doFilter(ApplicationFilterChain.java:140) ~[tomcat-embed-core-10.1.26.jar:10.1.26]
	at org.springframework.web.filter.CharacterEncodingFilter.doFilterInternal(CharacterEncodingFilter.java:201) ~[spring-web-6.1.11.jar:6.1.11]
	at org.springframework.web.filter.OncePerRequestFilter.doFilter(OncePerRequestFilter.java:116) ~[spring-web-6.1.11.jar:6.1.11]
	at org.apache.catalina.core.ApplicationFilterChain.internalDoFilter(ApplicationFilterChain.java:164) ~[tomcat-embed-core-10.1.26.jar:10.1.26]
	at org.apache.catalina.core.ApplicationFilterChain.doFilter(ApplicationFilterChain.java:140) ~[tomcat-embed-core-10.1.26.jar:10.1.26]
	at org.apache.catalina.core.StandardWrapperValve.invoke(StandardWrapperValve.java:167) ~[tomcat-embed-core-10.1.26.jar:10.1.26]
	at org.apache.catalina.core.StandardContextValve.invoke(StandardContextValve.java:90) ~[tomcat-embed-core-10.1.26.jar:10.1.26]
	at org.apache.catalina.authenticator.AuthenticatorBase.invoke(AuthenticatorBase.java:483) ~[tomcat-embed-core-10.1.26.jar:10.1.26]
	at org.apache.catalina.core.StandardHostValve.invoke(StandardHostValve.java:115) ~[tomcat-embed-core-10.1.26.jar:10.1.26]
	at org.apache.catalina.valves.ErrorReportValve.invoke(ErrorReportValve.java:93) ~[tomcat-embed-core-10.1.26.jar:10.1.26]
	at org.apache.catalina.core.StandardEngineValve.invoke(StandardEngineValve.java:74) ~[tomcat-embed-core-10.1.26.jar:10.1.26]
	at org.apache.catalina.connector.CoyoteAdapter.service(CoyoteAdapter.java:344) ~[tomcat-embed-core-10.1.26.jar:10.1.26]
	at org.apache.coyote.http11.Http11Processor.service(Http11Processor.java:389) ~[tomcat-embed-core-10.1.26.jar:10.1.26]
	at org.apache.coyote.AbstractProcessorLight.process(AbstractProcessorLight.java:63) ~[tomcat-embed-core-10.1.26.jar:10.1.26]
	at org.apache.coyote.AbstractProtocol$ConnectionHandler.process(AbstractProtocol.java:904) ~[tomcat-embed-core-10.1.26.jar:10.1.26]
	at org.apache.tomcat.util.net.NioEndpoint$SocketProcessor.doRun(NioEndpoint.java:1741) ~[tomcat-embed-core-10.1.26.jar:10.1.26]
	at org.apache.tomcat.util.net.SocketProcessorBase.run(SocketProcessorBase.java:52) ~[tomcat-embed-core-10.1.26.jar:10.1.26]
	at org.apache.tomcat.util.threads.ThreadPoolExecutor.runWorker(ThreadPoolExecutor.java:1190) ~[tomcat-embed-core-10.1.26.jar:10.1.26]
	at org.apache.tomcat.util.threads.ThreadPoolExecutor$Worker.run(ThreadPoolExecutor.java:659) ~[tomcat-embed-core-10.1.26.jar:10.1.26]
	at org.apache.tomcat.util.threads.TaskThread$WrappingRunnable.run(TaskThread.java:63) ~[tomcat-embed-core-10.1.26.jar:10.1.26]
	at java.base/java.lang.Thread.run(Thread.java:1583) ~[na:na]
Caused by: java.lang.NumberFormatException: For input string: "categories"
	at java.base/java.lang.NumberFormatException.forInputString(NumberFormatException.java:67) ~[na:na]
	at java.base/java.lang.Long.parseLong(Long.java:709) ~[na:na]
	at java.base/java.lang.Long.valueOf(Long.java:1157) ~[na:na]
	at org.springframework.util.NumberUtils.parseNumber(NumberUtils.java:206) ~[spring-core-6.1.11.jar:6.1.11]
	at org.springframework.beans.propertyeditors.CustomNumberEditor.setAsText(CustomNumberEditor.java:115) ~[spring-beans-6.1.11.jar:6.1.11]
	at org.springframework.beans.TypeConverterDelegate.doConvertTextValue(TypeConverterDelegate.java:439) ~[spring-beans-6.1.11.jar:6.1.11]
	at org.springframework.beans.TypeConverterDelegate.doConvertValue(TypeConverterDelegate.java:412) ~[spring-beans-6.1.11.jar:6.1.11]
	at org.springframework.beans.TypeConverterDelegate.convertIfNecessary(TypeConverterDelegate.java:161) ~[spring-beans-6.1.11.jar:6.1.11]
	at org.springframework.beans.TypeConverterSupport.convertIfNecessary(TypeConverterSupport.java:80) ~[spring-beans-6.1.11.jar:6.1.11]
	at org.springframework.beans.TypeConverterSupport.convertIfNecessary(TypeConverterSupport.java:53) ~[spring-beans-6.1.11.jar:6.1.11]
	at org.springframework.validation.DataBinder.convertIfNecessary(DataBinder.java:860) ~[spring-context-6.1.11.jar:6.1.11]
	at org.springframework.web.method.annotation.AbstractNamedValueMethodArgumentResolver.convertIfNecessary(AbstractNamedValueMethodArgumentResolver.java:294) ~[spring-web-6.1.11.jar:6.1.11]
	... 52 common frames omitted

11:19:12:271 DEBUG 9068 --- [item-service] [http-nio-8081-exec-9] c.d.m.i.m.ItemMapper.selectList_mpCount  : ==>  Preparing: SELECT COUNT(*) AS total FROM item
11:19:12:272 DEBUG 9068 --- [item-service] [http-nio-8081-exec-9] c.d.m.i.m.ItemMapper.selectList_mpCount  : ==> Parameters: 
11:19:12:273 DEBUG 9068 --- [item-service] [http-nio-8081-exec-9] c.d.m.i.m.ItemMapper.selectList_mpCount  : <==      Total: 1
11:19:12:281 DEBUG 9068 --- [item-service] [http-nio-8081-exec-9] c.d.m.item.mapper.ItemMapper.selectList  : ==>  Preparing: SELECT id, name, price, stock, image, category, brand, spec, sold, comment_count, is_ad, status, create_time, update_time, creater, updater FROM item ORDER BY update_time DESC LIMIT ?
11:19:12:281 DEBUG 9068 --- [item-service] [http-nio-8081-exec-9] c.d.m.item.mapper.ItemMapper.selectList  : ==> Parameters: 20(Long)
11:19:12:284 DEBUG 9068 --- [item-service] [http-nio-8081-exec-9] c.d.m.item.mapper.ItemMapper.selectList  : <==      Total: 20
11:19:12:303 DEBUG 9068 --- [item-service] [http-nio-8081-exec-10] c.d.m.i.m.ItemMapper.selectBatchIds      : ==>  Preparing: SELECT id,name,price,stock,image,category,brand,spec,sold,comment_count,is_ad,status,create_time,update_time,creater,updater FROM item WHERE id IN ( ? , ? , ? , ? )
11:19:12:304 DEBUG 9068 --- [item-service] [http-nio-8081-exec-10] c.d.m.i.m.ItemMapper.selectBatchIds      : ==> Parameters: 176(Long), 177(Long), 163(Long), 172(Long)
11:19:12:306 DEBUG 9068 --- [item-service] [http-nio-8081-exec-10] c.d.m.i.m.ItemMapper.selectBatchIds      : <==      Total: 4
11:19:13:504 DEBUG 9068 --- [item-service] [http-nio-8081-exec-1] c.d.m.i.m.ItemMapper.selectBatchIds      : ==>  Preparing: SELECT id,name,price,stock,image,category,brand,spec,sold,comment_count,is_ad,status,create_time,update_time,creater,updater FROM item WHERE id IN ( ? , ? , ? , ? )
11:19:13:505 DEBUG 9068 --- [item-service] [http-nio-8081-exec-1] c.d.m.i.m.ItemMapper.selectBatchIds      : ==> Parameters: 176(Long), 177(Long), 163(Long), 172(Long)
11:19:13:506 DEBUG 9068 --- [item-service] [http-nio-8081-exec-1] c.d.m.i.m.ItemMapper.selectBatchIds      : <==      Total: 4
11:19:13:573 DEBUG 9068 --- [item-service] [http-nio-8081-exec-2] c.d.m.i.m.ItemMapper.selectBatchIds      : ==>  Preparing: SELECT id,name,price,stock,image,category,brand,spec,sold,comment_count,is_ad,status,create_time,update_time,creater,updater FROM item WHERE id IN ( ? , ? , ? , ? )
11:19:13:574 DEBUG 9068 --- [item-service] [http-nio-8081-exec-2] c.d.m.i.m.ItemMapper.selectBatchIds      : ==> Parameters: 176(Long), 177(Long), 163(Long), 172(Long)
11:19:13:576 DEBUG 9068 --- [item-service] [http-nio-8081-exec-2] c.d.m.i.m.ItemMapper.selectBatchIds      : <==      Total: 4
11:19:17:016 DEBUG 9068 --- [item-service] [http-nio-8081-exec-3] c.d.m.i.m.ItemMapper.selectBatchIds      : ==>  Preparing: SELECT id,name,price,stock,image,category,brand,spec,sold,comment_count,is_ad,status,create_time,update_time,creater,updater FROM item WHERE id IN ( ? , ? , ? , ? )
11:19:17:017 DEBUG 9068 --- [item-service] [http-nio-8081-exec-3] c.d.m.i.m.ItemMapper.selectBatchIds      : ==> Parameters: 176(Long), 177(Long), 163(Long), 172(Long)
11:19:17:018 DEBUG 9068 --- [item-service] [http-nio-8081-exec-3] c.d.m.i.m.ItemMapper.selectBatchIds      : <==      Total: 4
11:19:17:103 DEBUG 9068 --- [item-service] [http-nio-8081-exec-4] c.d.m.i.m.ItemMapper.selectBatchIds      : ==>  Preparing: SELECT id,name,price,stock,image,category,brand,spec,sold,comment_count,is_ad,status,create_time,update_time,creater,updater FROM item WHERE id IN ( ? , ? , ? , ? )
11:19:17:103 DEBUG 9068 --- [item-service] [http-nio-8081-exec-4] c.d.m.i.m.ItemMapper.selectBatchIds      : ==> Parameters: 176(Long), 177(Long), 163(Long), 172(Long)
11:19:17:105 DEBUG 9068 --- [item-service] [http-nio-8081-exec-4] c.d.m.i.m.ItemMapper.selectBatchIds      : <==      Total: 4
11:19:21:076 DEBUG 9068 --- [item-service] [http-nio-8081-exec-5] c.d.m.i.m.ItemMapper.selectBatchIds      : ==>  Preparing: SELECT id,name,price,stock,image,category,brand,spec,sold,comment_count,is_ad,status,create_time,update_time,creater,updater FROM item WHERE id IN ( ? , ? , ? , ? )
11:19:21:077 DEBUG 9068 --- [item-service] [http-nio-8081-exec-5] c.d.m.i.m.ItemMapper.selectBatchIds      : ==> Parameters: 176(Long), 177(Long), 163(Long), 172(Long)
11:19:21:078 DEBUG 9068 --- [item-service] [http-nio-8081-exec-5] c.d.m.i.m.ItemMapper.selectBatchIds      : <==      Total: 4
11:19:21:404  WARN 9068 --- [item-service] [http-nio-8081-exec-6] c.d.m.item.service.impl.ItemServiceImpl  : SqlSession [org.apache.ibatis.session.defaults.DefaultSqlSession@9528fe8] Transaction not enabled
11:19:21:406 DEBUG 9068 --- [item-service] [http-nio-8081-exec-6] c.d.m.i.mapper.ItemMapper.updateStock    : ==>  Preparing: UPDATE item.item SET stock = stock - ? WHERE id = ? AND stock >= ?
11:19:21:410 DEBUG 9068 --- [item-service] [http-nio-8081-exec-6] c.d.m.i.mapper.ItemMapper.updateStock    : ==> Parameters: 1(Integer), 163(Long), 1(Integer)
11:19:21:415 DEBUG 9068 --- [item-service] [http-nio-8081-exec-6] c.d.m.i.mapper.ItemMapper.updateStock    : ==> Parameters: 1(Integer), 172(Long), 1(Integer)
11:19:21:415 DEBUG 9068 --- [item-service] [http-nio-8081-exec-6] c.d.m.i.mapper.ItemMapper.updateStock    : ==> Parameters: 1(Integer), 177(Long), 1(Integer)
11:19:21:415 DEBUG 9068 --- [item-service] [http-nio-8081-exec-6] c.d.m.i.mapper.ItemMapper.updateStock    : ==> Parameters: 2(Integer), 176(Long), 2(Integer)
11:19:21:643 DEBUG 9068 --- [item-service] [http-nio-8081-exec-8] c.d.m.i.m.ItemMapper.selectBatchIds      : ==>  Preparing: SELECT id,name,price,stock,image,category,brand,spec,sold,comment_count,is_ad,status,create_time,update_time,creater,updater FROM item WHERE id IN ( ? , ? , ? , ? )
11:19:21:644 DEBUG 9068 --- [item-service] [http-nio-8081-exec-8] c.d.m.i.m.ItemMapper.selectBatchIds      : ==> Parameters: 176(Long), 177(Long), 163(Long), 172(Long)
11:19:21:646 DEBUG 9068 --- [item-service] [http-nio-8081-exec-8] c.d.m.i.m.ItemMapper.selectBatchIds      : <==      Total: 4
12:13:41:226 DEBUG 9068 --- [item-service] [http-nio-8081-exec-1] c.d.m.i.m.ItemMapper.selectList_mpCount  : ==>  Preparing: SELECT COUNT(*) AS total FROM item
12:13:41:230 DEBUG 9068 --- [item-service] [http-nio-8081-exec-1] c.d.m.i.m.ItemMapper.selectList_mpCount  : ==> Parameters: 
12:13:41:238 DEBUG 9068 --- [item-service] [http-nio-8081-exec-1] c.d.m.i.m.ItemMapper.selectList_mpCount  : <==      Total: 1
12:13:41:245 DEBUG 9068 --- [item-service] [http-nio-8081-exec-1] c.d.m.item.mapper.ItemMapper.selectList  : ==>  Preparing: SELECT id, name, price, stock, image, category, brand, spec, sold, comment_count, is_ad, status, create_time, update_time, creater, updater FROM item ORDER BY update_time DESC LIMIT ?
12:13:41:246 DEBUG 9068 --- [item-service] [http-nio-8081-exec-1] c.d.m.item.mapper.ItemMapper.selectList  : ==> Parameters: 20(Long)
12:13:41:259 DEBUG 9068 --- [item-service] [http-nio-8081-exec-1] c.d.m.item.mapper.ItemMapper.selectList  : <==      Total: 20
12:13:45:150 ERROR 9068 --- [item-service] [http-nio-8081-exec-3] c.d.m.c.advice.CommonExceptionAdvice     : 未预期异常

org.springframework.web.method.annotation.MethodArgumentTypeMismatchException: Failed to convert value of type 'java.lang.String' to required type 'java.lang.Long'; For input string: "categories"
	at org.springframework.web.method.annotation.AbstractNamedValueMethodArgumentResolver.convertIfNecessary(AbstractNamedValueMethodArgumentResolver.java:302) ~[spring-web-6.1.11.jar:6.1.11]
	at org.springframework.web.method.annotation.AbstractNamedValueMethodArgumentResolver.resolveArgument(AbstractNamedValueMethodArgumentResolver.java:137) ~[spring-web-6.1.11.jar:6.1.11]
	at org.springframework.web.method.support.HandlerMethodArgumentResolverComposite.resolveArgument(HandlerMethodArgumentResolverComposite.java:122) ~[spring-web-6.1.11.jar:6.1.11]
	at org.springframework.web.method.support.InvocableHandlerMethod.getMethodArgumentValues(InvocableHandlerMethod.java:224) ~[spring-web-6.1.11.jar:6.1.11]
	at org.springframework.web.method.support.InvocableHandlerMethod.invokeForRequest(InvocableHandlerMethod.java:178) ~[spring-web-6.1.11.jar:6.1.11]
	at org.springframework.web.servlet.mvc.method.annotation.ServletInvocableHandlerMethod.invokeAndHandle(ServletInvocableHandlerMethod.java:118) ~[spring-webmvc-6.1.11.jar:6.1.11]
	at org.springframework.web.servlet.mvc.method.annotation.RequestMappingHandlerAdapter.invokeHandlerMethod(RequestMappingHandlerAdapter.java:926) ~[spring-webmvc-6.1.11.jar:6.1.11]
	at org.springframework.web.servlet.mvc.method.annotation.RequestMappingHandlerAdapter.handleInternal(RequestMappingHandlerAdapter.java:831) ~[spring-webmvc-6.1.11.jar:6.1.11]
	at org.springframework.web.servlet.mvc.method.AbstractHandlerMethodAdapter.handle(AbstractHandlerMethodAdapter.java:87) ~[spring-webmvc-6.1.11.jar:6.1.11]
	at org.springframework.web.servlet.DispatcherServlet.doDispatch(DispatcherServlet.java:1089) ~[spring-webmvc-6.1.11.jar:6.1.11]
	at org.springframework.web.servlet.DispatcherServlet.doService(DispatcherServlet.java:979) ~[spring-webmvc-6.1.11.jar:6.1.11]
	at org.springframework.web.servlet.FrameworkServlet.processRequest(FrameworkServlet.java:1014) ~[spring-webmvc-6.1.11.jar:6.1.11]
	at org.springframework.web.servlet.FrameworkServlet.doGet(FrameworkServlet.java:903) ~[spring-webmvc-6.1.11.jar:6.1.11]
	at jakarta.servlet.http.HttpServlet.service(HttpServlet.java:564) ~[tomcat-embed-core-10.1.26.jar:10.1.26]
	at org.springframework.web.servlet.FrameworkServlet.service(FrameworkServlet.java:885) ~[spring-webmvc-6.1.11.jar:6.1.11]
	at jakarta.servlet.http.HttpServlet.service(HttpServlet.java:658) ~[tomcat-embed-core-10.1.26.jar:10.1.26]
	at org.apache.catalina.core.ApplicationFilterChain.internalDoFilter(ApplicationFilterChain.java:195) ~[tomcat-embed-core-10.1.26.jar:10.1.26]
	at org.apache.catalina.core.ApplicationFilterChain.doFilter(ApplicationFilterChain.java:140) ~[tomcat-embed-core-10.1.26.jar:10.1.26]
	at org.apache.tomcat.websocket.server.WsFilter.doFilter(WsFilter.java:51) ~[tomcat-embed-websocket-10.1.26.jar:10.1.26]
	at org.apache.catalina.core.ApplicationFilterChain.internalDoFilter(ApplicationFilterChain.java:164) ~[tomcat-embed-core-10.1.26.jar:10.1.26]
	at org.apache.catalina.core.ApplicationFilterChain.doFilter(ApplicationFilterChain.java:140) ~[tomcat-embed-core-10.1.26.jar:10.1.26]
	at org.springframework.web.filter.RequestContextFilter.doFilterInternal(RequestContextFilter.java:100) ~[spring-web-6.1.11.jar:6.1.11]
	at org.springframework.web.filter.OncePerRequestFilter.doFilter(OncePerRequestFilter.java:116) ~[spring-web-6.1.11.jar:6.1.11]
	at org.apache.catalina.core.ApplicationFilterChain.internalDoFilter(ApplicationFilterChain.java:164) ~[tomcat-embed-core-10.1.26.jar:10.1.26]
	at org.apache.catalina.core.ApplicationFilterChain.doFilter(ApplicationFilterChain.java:140) ~[tomcat-embed-core-10.1.26.jar:10.1.26]
	at org.springframework.web.filter.FormContentFilter.doFilterInternal(FormContentFilter.java:93) ~[spring-web-6.1.11.jar:6.1.11]
	at org.springframework.web.filter.OncePerRequestFilter.doFilter(OncePerRequestFilter.java:116) ~[spring-web-6.1.11.jar:6.1.11]
	at org.apache.catalina.core.ApplicationFilterChain.internalDoFilter(ApplicationFilterChain.java:164) ~[tomcat-embed-core-10.1.26.jar:10.1.26]
	at org.apache.catalina.core.ApplicationFilterChain.doFilter(ApplicationFilterChain.java:140) ~[tomcat-embed-core-10.1.26.jar:10.1.26]
	at org.springframework.web.filter.ServerHttpObservationFilter.doFilterInternal(ServerHttpObservationFilter.java:113) ~[spring-web-6.1.11.jar:6.1.11]
	at org.springframework.web.filter.OncePerRequestFilter.doFilter(OncePerRequestFilter.java:116) ~[spring-web-6.1.11.jar:6.1.11]
	at org.apache.catalina.core.ApplicationFilterChain.internalDoFilter(ApplicationFilterChain.java:164) ~[tomcat-embed-core-10.1.26.jar:10.1.26]
	at org.apache.catalina.core.ApplicationFilterChain.doFilter(ApplicationFilterChain.java:140) ~[tomcat-embed-core-10.1.26.jar:10.1.26]
	at org.springframework.web.filter.CharacterEncodingFilter.doFilterInternal(CharacterEncodingFilter.java:201) ~[spring-web-6.1.11.jar:6.1.11]
	at org.springframework.web.filter.OncePerRequestFilter.doFilter(OncePerRequestFilter.java:116) ~[spring-web-6.1.11.jar:6.1.11]
	at org.apache.catalina.core.ApplicationFilterChain.internalDoFilter(ApplicationFilterChain.java:164) ~[tomcat-embed-core-10.1.26.jar:10.1.26]
	at org.apache.catalina.core.ApplicationFilterChain.doFilter(ApplicationFilterChain.java:140) ~[tomcat-embed-core-10.1.26.jar:10.1.26]
	at org.apache.catalina.core.StandardWrapperValve.invoke(StandardWrapperValve.java:167) ~[tomcat-embed-core-10.1.26.jar:10.1.26]
	at org.apache.catalina.core.StandardContextValve.invoke(StandardContextValve.java:90) ~[tomcat-embed-core-10.1.26.jar:10.1.26]
	at org.apache.catalina.authenticator.AuthenticatorBase.invoke(AuthenticatorBase.java:483) ~[tomcat-embed-core-10.1.26.jar:10.1.26]
	at org.apache.catalina.core.StandardHostValve.invoke(StandardHostValve.java:115) ~[tomcat-embed-core-10.1.26.jar:10.1.26]
	at org.apache.catalina.valves.ErrorReportValve.invoke(ErrorReportValve.java:93) ~[tomcat-embed-core-10.1.26.jar:10.1.26]
	at org.apache.catalina.core.StandardEngineValve.invoke(StandardEngineValve.java:74) ~[tomcat-embed-core-10.1.26.jar:10.1.26]
	at org.apache.catalina.connector.CoyoteAdapter.service(CoyoteAdapter.java:344) ~[tomcat-embed-core-10.1.26.jar:10.1.26]
	at org.apache.coyote.http11.Http11Processor.service(Http11Processor.java:389) ~[tomcat-embed-core-10.1.26.jar:10.1.26]
	at org.apache.coyote.AbstractProcessorLight.process(AbstractProcessorLight.java:63) ~[tomcat-embed-core-10.1.26.jar:10.1.26]
	at org.apache.coyote.AbstractProtocol$ConnectionHandler.process(AbstractProtocol.java:904) ~[tomcat-embed-core-10.1.26.jar:10.1.26]
	at org.apache.tomcat.util.net.NioEndpoint$SocketProcessor.doRun(NioEndpoint.java:1741) ~[tomcat-embed-core-10.1.26.jar:10.1.26]
	at org.apache.tomcat.util.net.SocketProcessorBase.run(SocketProcessorBase.java:52) ~[tomcat-embed-core-10.1.26.jar:10.1.26]
	at org.apache.tomcat.util.threads.ThreadPoolExecutor.runWorker(ThreadPoolExecutor.java:1190) ~[tomcat-embed-core-10.1.26.jar:10.1.26]
	at org.apache.tomcat.util.threads.ThreadPoolExecutor$Worker.run(ThreadPoolExecutor.java:659) ~[tomcat-embed-core-10.1.26.jar:10.1.26]
	at org.apache.tomcat.util.threads.TaskThread$WrappingRunnable.run(TaskThread.java:63) ~[tomcat-embed-core-10.1.26.jar:10.1.26]
	at java.base/java.lang.Thread.run(Thread.java:1583) ~[na:na]
Caused by: java.lang.NumberFormatException: For input string: "categories"
	at java.base/java.lang.NumberFormatException.forInputString(NumberFormatException.java:67) ~[na:na]
	at java.base/java.lang.Long.parseLong(Long.java:709) ~[na:na]
	at java.base/java.lang.Long.valueOf(Long.java:1157) ~[na:na]
	at org.springframework.util.NumberUtils.parseNumber(NumberUtils.java:206) ~[spring-core-6.1.11.jar:6.1.11]
	at org.springframework.beans.propertyeditors.CustomNumberEditor.setAsText(CustomNumberEditor.java:115) ~[spring-beans-6.1.11.jar:6.1.11]
	at org.springframework.beans.TypeConverterDelegate.doConvertTextValue(TypeConverterDelegate.java:439) ~[spring-beans-6.1.11.jar:6.1.11]
	at org.springframework.beans.TypeConverterDelegate.doConvertValue(TypeConverterDelegate.java:412) ~[spring-beans-6.1.11.jar:6.1.11]
	at org.springframework.beans.TypeConverterDelegate.convertIfNecessary(TypeConverterDelegate.java:161) ~[spring-beans-6.1.11.jar:6.1.11]
	at org.springframework.beans.TypeConverterSupport.convertIfNecessary(TypeConverterSupport.java:80) ~[spring-beans-6.1.11.jar:6.1.11]
	at org.springframework.beans.TypeConverterSupport.convertIfNecessary(TypeConverterSupport.java:53) ~[spring-beans-6.1.11.jar:6.1.11]
	at org.springframework.validation.DataBinder.convertIfNecessary(DataBinder.java:860) ~[spring-context-6.1.11.jar:6.1.11]
	at org.springframework.web.method.annotation.AbstractNamedValueMethodArgumentResolver.convertIfNecessary(AbstractNamedValueMethodArgumentResolver.java:294) ~[spring-web-6.1.11.jar:6.1.11]
	... 52 common frames omitted

12:13:45:150 ERROR 9068 --- [item-service] [http-nio-8081-exec-2] c.d.m.c.advice.CommonExceptionAdvice     : 未预期异常

org.springframework.web.method.annotation.MethodArgumentTypeMismatchException: Failed to convert value of type 'java.lang.String' to required type 'java.lang.Long'; For input string: "brands"
	at org.springframework.web.method.annotation.AbstractNamedValueMethodArgumentResolver.convertIfNecessary(AbstractNamedValueMethodArgumentResolver.java:302) ~[spring-web-6.1.11.jar:6.1.11]
	at org.springframework.web.method.annotation.AbstractNamedValueMethodArgumentResolver.resolveArgument(AbstractNamedValueMethodArgumentResolver.java:137) ~[spring-web-6.1.11.jar:6.1.11]
	at org.springframework.web.method.support.HandlerMethodArgumentResolverComposite.resolveArgument(HandlerMethodArgumentResolverComposite.java:122) ~[spring-web-6.1.11.jar:6.1.11]
	at org.springframework.web.method.support.InvocableHandlerMethod.getMethodArgumentValues(InvocableHandlerMethod.java:224) ~[spring-web-6.1.11.jar:6.1.11]
	at org.springframework.web.method.support.InvocableHandlerMethod.invokeForRequest(InvocableHandlerMethod.java:178) ~[spring-web-6.1.11.jar:6.1.11]
	at org.springframework.web.servlet.mvc.method.annotation.ServletInvocableHandlerMethod.invokeAndHandle(ServletInvocableHandlerMethod.java:118) ~[spring-webmvc-6.1.11.jar:6.1.11]
	at org.springframework.web.servlet.mvc.method.annotation.RequestMappingHandlerAdapter.invokeHandlerMethod(RequestMappingHandlerAdapter.java:926) ~[spring-webmvc-6.1.11.jar:6.1.11]
	at org.springframework.web.servlet.mvc.method.annotation.RequestMappingHandlerAdapter.handleInternal(RequestMappingHandlerAdapter.java:831) ~[spring-webmvc-6.1.11.jar:6.1.11]
	at org.springframework.web.servlet.mvc.method.AbstractHandlerMethodAdapter.handle(AbstractHandlerMethodAdapter.java:87) ~[spring-webmvc-6.1.11.jar:6.1.11]
	at org.springframework.web.servlet.DispatcherServlet.doDispatch(DispatcherServlet.java:1089) ~[spring-webmvc-6.1.11.jar:6.1.11]
	at org.springframework.web.servlet.DispatcherServlet.doService(DispatcherServlet.java:979) ~[spring-webmvc-6.1.11.jar:6.1.11]
	at org.springframework.web.servlet.FrameworkServlet.processRequest(FrameworkServlet.java:1014) ~[spring-webmvc-6.1.11.jar:6.1.11]
	at org.springframework.web.servlet.FrameworkServlet.doGet(FrameworkServlet.java:903) ~[spring-webmvc-6.1.11.jar:6.1.11]
	at jakarta.servlet.http.HttpServlet.service(HttpServlet.java:564) ~[tomcat-embed-core-10.1.26.jar:10.1.26]
	at org.springframework.web.servlet.FrameworkServlet.service(FrameworkServlet.java:885) ~[spring-webmvc-6.1.11.jar:6.1.11]
	at jakarta.servlet.http.HttpServlet.service(HttpServlet.java:658) ~[tomcat-embed-core-10.1.26.jar:10.1.26]
	at org.apache.catalina.core.ApplicationFilterChain.internalDoFilter(ApplicationFilterChain.java:195) ~[tomcat-embed-core-10.1.26.jar:10.1.26]
	at org.apache.catalina.core.ApplicationFilterChain.doFilter(ApplicationFilterChain.java:140) ~[tomcat-embed-core-10.1.26.jar:10.1.26]
	at org.apache.tomcat.websocket.server.WsFilter.doFilter(WsFilter.java:51) ~[tomcat-embed-websocket-10.1.26.jar:10.1.26]
	at org.apache.catalina.core.ApplicationFilterChain.internalDoFilter(ApplicationFilterChain.java:164) ~[tomcat-embed-core-10.1.26.jar:10.1.26]
	at org.apache.catalina.core.ApplicationFilterChain.doFilter(ApplicationFilterChain.java:140) ~[tomcat-embed-core-10.1.26.jar:10.1.26]
	at org.springframework.web.filter.RequestContextFilter.doFilterInternal(RequestContextFilter.java:100) ~[spring-web-6.1.11.jar:6.1.11]
	at org.springframework.web.filter.OncePerRequestFilter.doFilter(OncePerRequestFilter.java:116) ~[spring-web-6.1.11.jar:6.1.11]
	at org.apache.catalina.core.ApplicationFilterChain.internalDoFilter(ApplicationFilterChain.java:164) ~[tomcat-embed-core-10.1.26.jar:10.1.26]
	at org.apache.catalina.core.ApplicationFilterChain.doFilter(ApplicationFilterChain.java:140) ~[tomcat-embed-core-10.1.26.jar:10.1.26]
	at org.springframework.web.filter.FormContentFilter.doFilterInternal(FormContentFilter.java:93) ~[spring-web-6.1.11.jar:6.1.11]
	at org.springframework.web.filter.OncePerRequestFilter.doFilter(OncePerRequestFilter.java:116) ~[spring-web-6.1.11.jar:6.1.11]
	at org.apache.catalina.core.ApplicationFilterChain.internalDoFilter(ApplicationFilterChain.java:164) ~[tomcat-embed-core-10.1.26.jar:10.1.26]
	at org.apache.catalina.core.ApplicationFilterChain.doFilter(ApplicationFilterChain.java:140) ~[tomcat-embed-core-10.1.26.jar:10.1.26]
	at org.springframework.web.filter.ServerHttpObservationFilter.doFilterInternal(ServerHttpObservationFilter.java:113) ~[spring-web-6.1.11.jar:6.1.11]
	at org.springframework.web.filter.OncePerRequestFilter.doFilter(OncePerRequestFilter.java:116) ~[spring-web-6.1.11.jar:6.1.11]
	at org.apache.catalina.core.ApplicationFilterChain.internalDoFilter(ApplicationFilterChain.java:164) ~[tomcat-embed-core-10.1.26.jar:10.1.26]
	at org.apache.catalina.core.ApplicationFilterChain.doFilter(ApplicationFilterChain.java:140) ~[tomcat-embed-core-10.1.26.jar:10.1.26]
	at org.springframework.web.filter.CharacterEncodingFilter.doFilterInternal(CharacterEncodingFilter.java:201) ~[spring-web-6.1.11.jar:6.1.11]
	at org.springframework.web.filter.OncePerRequestFilter.doFilter(OncePerRequestFilter.java:116) ~[spring-web-6.1.11.jar:6.1.11]
	at org.apache.catalina.core.ApplicationFilterChain.internalDoFilter(ApplicationFilterChain.java:164) ~[tomcat-embed-core-10.1.26.jar:10.1.26]
	at org.apache.catalina.core.ApplicationFilterChain.doFilter(ApplicationFilterChain.java:140) ~[tomcat-embed-core-10.1.26.jar:10.1.26]
	at org.apache.catalina.core.StandardWrapperValve.invoke(StandardWrapperValve.java:167) ~[tomcat-embed-core-10.1.26.jar:10.1.26]
	at org.apache.catalina.core.StandardContextValve.invoke(StandardContextValve.java:90) ~[tomcat-embed-core-10.1.26.jar:10.1.26]
	at org.apache.catalina.authenticator.AuthenticatorBase.invoke(AuthenticatorBase.java:483) ~[tomcat-embed-core-10.1.26.jar:10.1.26]
	at org.apache.catalina.core.StandardHostValve.invoke(StandardHostValve.java:115) ~[tomcat-embed-core-10.1.26.jar:10.1.26]
	at org.apache.catalina.valves.ErrorReportValve.invoke(ErrorReportValve.java:93) ~[tomcat-embed-core-10.1.26.jar:10.1.26]
	at org.apache.catalina.core.StandardEngineValve.invoke(StandardEngineValve.java:74) ~[tomcat-embed-core-10.1.26.jar:10.1.26]
	at org.apache.catalina.connector.CoyoteAdapter.service(CoyoteAdapter.java:344) ~[tomcat-embed-core-10.1.26.jar:10.1.26]
	at org.apache.coyote.http11.Http11Processor.service(Http11Processor.java:389) ~[tomcat-embed-core-10.1.26.jar:10.1.26]
	at org.apache.coyote.AbstractProcessorLight.process(AbstractProcessorLight.java:63) ~[tomcat-embed-core-10.1.26.jar:10.1.26]
	at org.apache.coyote.AbstractProtocol$ConnectionHandler.process(AbstractProtocol.java:904) ~[tomcat-embed-core-10.1.26.jar:10.1.26]
	at org.apache.tomcat.util.net.NioEndpoint$SocketProcessor.doRun(NioEndpoint.java:1741) ~[tomcat-embed-core-10.1.26.jar:10.1.26]
	at org.apache.tomcat.util.net.SocketProcessorBase.run(SocketProcessorBase.java:52) ~[tomcat-embed-core-10.1.26.jar:10.1.26]
	at org.apache.tomcat.util.threads.ThreadPoolExecutor.runWorker(ThreadPoolExecutor.java:1190) ~[tomcat-embed-core-10.1.26.jar:10.1.26]
	at org.apache.tomcat.util.threads.ThreadPoolExecutor$Worker.run(ThreadPoolExecutor.java:659) ~[tomcat-embed-core-10.1.26.jar:10.1.26]
	at org.apache.tomcat.util.threads.TaskThread$WrappingRunnable.run(TaskThread.java:63) ~[tomcat-embed-core-10.1.26.jar:10.1.26]
	at java.base/java.lang.Thread.run(Thread.java:1583) ~[na:na]
Caused by: java.lang.NumberFormatException: For input string: "brands"
	at java.base/java.lang.NumberFormatException.forInputString(NumberFormatException.java:67) ~[na:na]
	at java.base/java.lang.Long.parseLong(Long.java:709) ~[na:na]
	at java.base/java.lang.Long.valueOf(Long.java:1157) ~[na:na]
	at org.springframework.util.NumberUtils.parseNumber(NumberUtils.java:206) ~[spring-core-6.1.11.jar:6.1.11]
	at org.springframework.beans.propertyeditors.CustomNumberEditor.setAsText(CustomNumberEditor.java:115) ~[spring-beans-6.1.11.jar:6.1.11]
	at org.springframework.beans.TypeConverterDelegate.doConvertTextValue(TypeConverterDelegate.java:439) ~[spring-beans-6.1.11.jar:6.1.11]
	at org.springframework.beans.TypeConverterDelegate.doConvertValue(TypeConverterDelegate.java:412) ~[spring-beans-6.1.11.jar:6.1.11]
	at org.springframework.beans.TypeConverterDelegate.convertIfNecessary(TypeConverterDelegate.java:161) ~[spring-beans-6.1.11.jar:6.1.11]
	at org.springframework.beans.TypeConverterSupport.convertIfNecessary(TypeConverterSupport.java:80) ~[spring-beans-6.1.11.jar:6.1.11]
	at org.springframework.beans.TypeConverterSupport.convertIfNecessary(TypeConverterSupport.java:53) ~[spring-beans-6.1.11.jar:6.1.11]
	at org.springframework.validation.DataBinder.convertIfNecessary(DataBinder.java:860) ~[spring-context-6.1.11.jar:6.1.11]
	at org.springframework.web.method.annotation.AbstractNamedValueMethodArgumentResolver.convertIfNecessary(AbstractNamedValueMethodArgumentResolver.java:294) ~[spring-web-6.1.11.jar:6.1.11]
	... 52 common frames omitted

12:13:45:182 DEBUG 9068 --- [item-service] [http-nio-8081-exec-4] c.d.m.i.m.ItemMapper.selectList_mpCount  : ==>  Preparing: SELECT COUNT(*) AS total FROM item
12:13:45:183 DEBUG 9068 --- [item-service] [http-nio-8081-exec-4] c.d.m.i.m.ItemMapper.selectList_mpCount  : ==> Parameters: 
12:13:45:184 DEBUG 9068 --- [item-service] [http-nio-8081-exec-4] c.d.m.i.m.ItemMapper.selectList_mpCount  : <==      Total: 1
12:13:45:190 DEBUG 9068 --- [item-service] [http-nio-8081-exec-4] c.d.m.item.mapper.ItemMapper.selectList  : ==>  Preparing: SELECT id, name, price, stock, image, category, brand, spec, sold, comment_count, is_ad, status, create_time, update_time, creater, updater FROM item ORDER BY update_time DESC LIMIT ?
12:13:45:190 DEBUG 9068 --- [item-service] [http-nio-8081-exec-4] c.d.m.item.mapper.ItemMapper.selectList  : ==> Parameters: 20(Long)
12:13:45:193 DEBUG 9068 --- [item-service] [http-nio-8081-exec-4] c.d.m.item.mapper.ItemMapper.selectList  : <==      Total: 20
12:13:55:129 DEBUG 9068 --- [item-service] [http-nio-8081-exec-5] c.d.m.i.m.ItemMapper.selectBatchIds      : ==>  Preparing: SELECT id,name,price,stock,image,category,brand,spec,sold,comment_count,is_ad,status,create_time,update_time,creater,updater FROM item WHERE id IN ( ? )
12:13:55:129 DEBUG 9068 --- [item-service] [http-nio-8081-exec-5] c.d.m.i.m.ItemMapper.selectBatchIds      : ==> Parameters: 173(Long)
12:13:55:131 DEBUG 9068 --- [item-service] [http-nio-8081-exec-5] c.d.m.i.m.ItemMapper.selectBatchIds      : <==      Total: 1
12:13:55:204 DEBUG 9068 --- [item-service] [http-nio-8081-exec-6] c.d.m.i.m.ItemMapper.selectBatchIds      : ==>  Preparing: SELECT id,name,price,stock,image,category,brand,spec,sold,comment_count,is_ad,status,create_time,update_time,creater,updater FROM item WHERE id IN ( ? )
12:13:55:204 DEBUG 9068 --- [item-service] [http-nio-8081-exec-6] c.d.m.i.m.ItemMapper.selectBatchIds      : ==> Parameters: 173(Long)
12:13:55:206 DEBUG 9068 --- [item-service] [http-nio-8081-exec-6] c.d.m.i.m.ItemMapper.selectBatchIds      : <==      Total: 1
12:13:56:945 DEBUG 9068 --- [item-service] [http-nio-8081-exec-8] c.d.m.i.m.ItemMapper.selectBatchIds      : ==>  Preparing: SELECT id,name,price,stock,image,category,brand,spec,sold,comment_count,is_ad,status,create_time,update_time,creater,updater FROM item WHERE id IN ( ? )
12:13:56:945 DEBUG 9068 --- [item-service] [http-nio-8081-exec-8] c.d.m.i.m.ItemMapper.selectBatchIds      : ==> Parameters: 173(Long)
12:13:56:948 DEBUG 9068 --- [item-service] [http-nio-8081-exec-8] c.d.m.i.m.ItemMapper.selectBatchIds      : <==      Total: 1
12:13:57:042 DEBUG 9068 --- [item-service] [http-nio-8081-exec-7] c.d.m.i.m.ItemMapper.selectBatchIds      : ==>  Preparing: SELECT id,name,price,stock,image,category,brand,spec,sold,comment_count,is_ad,status,create_time,update_time,creater,updater FROM item WHERE id IN ( ? )
12:13:57:043 DEBUG 9068 --- [item-service] [http-nio-8081-exec-7] c.d.m.i.m.ItemMapper.selectBatchIds      : ==> Parameters: 173(Long)
12:13:57:044 DEBUG 9068 --- [item-service] [http-nio-8081-exec-7] c.d.m.i.m.ItemMapper.selectBatchIds      : <==      Total: 1
12:14:14:378 DEBUG 9068 --- [item-service] [http-nio-8081-exec-9] c.d.m.i.m.ItemMapper.selectBatchIds      : ==>  Preparing: SELECT id,name,price,stock,image,category,brand,spec,sold,comment_count,is_ad,status,create_time,update_time,creater,updater FROM item WHERE id IN ( ? )
12:14:14:378 DEBUG 9068 --- [item-service] [http-nio-8081-exec-9] c.d.m.i.m.ItemMapper.selectBatchIds      : ==> Parameters: 173(Long)
12:14:14:380 DEBUG 9068 --- [item-service] [http-nio-8081-exec-9] c.d.m.i.m.ItemMapper.selectBatchIds      : <==      Total: 1
12:14:14:418  WARN 9068 --- [item-service] [http-nio-8081-exec-10] c.d.m.item.service.impl.ItemServiceImpl  : SqlSession [org.apache.ibatis.session.defaults.DefaultSqlSession@724cc63a] Transaction not enabled
12:14:14:419 DEBUG 9068 --- [item-service] [http-nio-8081-exec-10] c.d.m.i.mapper.ItemMapper.updateStock    : ==>  Preparing: UPDATE item.item SET stock = stock - ? WHERE id = ? AND stock >= ?
12:14:14:419 DEBUG 9068 --- [item-service] [http-nio-8081-exec-10] c.d.m.i.mapper.ItemMapper.updateStock    : ==> Parameters: 1(Integer), 173(Long), 1(Integer)
12:14:14:564 DEBUG 9068 --- [item-service] [http-nio-8081-exec-1] c.d.m.i.m.ItemMapper.selectBatchIds      : ==>  Preparing: SELECT id,name,price,stock,image,category,brand,spec,sold,comment_count,is_ad,status,create_time,update_time,creater,updater FROM item WHERE id IN ( ? )
12:14:14:564 DEBUG 9068 --- [item-service] [http-nio-8081-exec-1] c.d.m.i.m.ItemMapper.selectBatchIds      : ==> Parameters: 173(Long)
12:14:14:566 DEBUG 9068 --- [item-service] [http-nio-8081-exec-1] c.d.m.i.m.ItemMapper.selectBatchIds      : <==      Total: 1
12:16:26:326 DEBUG 9068 --- [item-service] [http-nio-8081-exec-5] c.d.m.i.m.ItemMapper.selectBatchIds      : ==>  Preparing: SELECT id,name,price,stock,image,category,brand,spec,sold,comment_count,is_ad,status,create_time,update_time,creater,updater FROM item WHERE id IN ( ? )
12:16:26:326 DEBUG 9068 --- [item-service] [http-nio-8081-exec-5] c.d.m.i.m.ItemMapper.selectBatchIds      : ==> Parameters: 173(Long)
12:16:26:328 DEBUG 9068 --- [item-service] [http-nio-8081-exec-5] c.d.m.i.m.ItemMapper.selectBatchIds      : <==      Total: 1
12:29:04:988  WARN 9068 --- [item-service] [Thread-3] c.a.n.common.http.HttpClientBeanHolder   : [HttpClientBeanHolder] Start destroying common HttpClient
12:29:04:989  WARN 9068 --- [item-service] [Thread-5] c.a.nacos.common.notify.NotifyCenter     : [NotifyCenter] Start destroying Publisher
12:29:04:989  WARN 9068 --- [item-service] [Thread-5] c.a.nacos.common.notify.NotifyCenter     : [NotifyCenter] Destruction of the end
12:29:05:012  WARN 9068 --- [item-service] [Thread-3] c.a.n.common.http.HttpClientBeanHolder   : [HttpClientBeanHolder] Destruction of the end
12:29:05:482  INFO 9068 --- [item-service] [SpringApplicationShutdownHook] c.a.c.n.registry.NacosServiceRegistry    : De-registering from Nacos Server now...
12:29:05:484  INFO 9068 --- [item-service] [SpringApplicationShutdownHook] com.alibaba.nacos.client.naming          : [DEREGISTER-SERVICE] public deregistering service item-service with instance: Instance{instanceId='null', ip='100.2.20.214', port=8081, weight=1.0, healthy=true, enabled=true, ephemeral=true, clusterName='', serviceName='null', metadata={}}
12:29:05:502  INFO 9068 --- [item-service] [SpringApplicationShutdownHook] c.a.c.n.registry.NacosServiceRegistry    : De-registration finished.
12:29:05:504  INFO 9068 --- [item-service] [SpringApplicationShutdownHook] com.alibaba.nacos.client.naming          : com.alibaba.nacos.client.naming.cache.ServiceInfoHolder do shutdown begin
12:29:05:504  INFO 9068 --- [item-service] [SpringApplicationShutdownHook] com.alibaba.nacos.client.naming          : com.alibaba.nacos.client.naming.backups.FailoverReactor do shutdown begin
12:29:05:504  INFO 9068 --- [item-service] [SpringApplicationShutdownHook] com.alibaba.nacos.client.naming          : com.alibaba.nacos.client.naming.backups.FailoverReactor do shutdown stop
12:29:05:504  INFO 9068 --- [item-service] [SpringApplicationShutdownHook] com.alibaba.nacos.client.naming          : com.alibaba.nacos.client.naming.cache.ServiceInfoHolder do shutdown stop
12:29:05:505  INFO 9068 --- [item-service] [SpringApplicationShutdownHook] com.alibaba.nacos.client.naming          : com.alibaba.nacos.client.naming.remote.NamingClientProxyDelegate do shutdown begin
12:29:05:505  INFO 9068 --- [item-service] [SpringApplicationShutdownHook] com.alibaba.nacos.client.naming          : com.alibaba.nacos.client.naming.core.ServiceInfoUpdateService do shutdown begin
12:29:05:505  INFO 9068 --- [item-service] [SpringApplicationShutdownHook] com.alibaba.nacos.client.naming          : com.alibaba.nacos.client.naming.core.ServiceInfoUpdateService do shutdown stop
12:29:05:505  INFO 9068 --- [item-service] [SpringApplicationShutdownHook] com.alibaba.nacos.client.naming          : com.alibaba.nacos.client.naming.core.ServerListManager do shutdown begin
12:29:05:505  WARN 9068 --- [item-service] [SpringApplicationShutdownHook] com.alibaba.nacos.client.naming          : [NamingHttpClientManager] Start destroying NacosRestTemplate
12:29:05:505  WARN 9068 --- [item-service] [SpringApplicationShutdownHook] com.alibaba.nacos.client.naming          : [NamingHttpClientManager] Destruction of the end
12:29:05:505  INFO 9068 --- [item-service] [SpringApplicationShutdownHook] com.alibaba.nacos.client.naming          : com.alibaba.nacos.client.naming.core.ServerListManager do shutdown stop
12:29:05:506  INFO 9068 --- [item-service] [SpringApplicationShutdownHook] com.alibaba.nacos.client.naming          : com.alibaba.nacos.client.naming.remote.http.NamingHttpClientProxy do shutdown begin
12:29:05:506  WARN 9068 --- [item-service] [SpringApplicationShutdownHook] com.alibaba.nacos.client.naming          : [NamingHttpClientManager] Start destroying NacosRestTemplate
12:29:05:506  WARN 9068 --- [item-service] [SpringApplicationShutdownHook] com.alibaba.nacos.client.naming          : [NamingHttpClientManager] Destruction of the end
12:29:05:506  INFO 9068 --- [item-service] [SpringApplicationShutdownHook] com.alibaba.nacos.client.naming          : com.alibaba.nacos.client.naming.remote.http.NamingHttpClientProxy do shutdown stop
12:29:05:506  INFO 9068 --- [item-service] [SpringApplicationShutdownHook] com.alibaba.nacos.client.naming          : Shutdown naming grpc client proxy for  uuid->7b7ee7bc-45ad-4376-bde0-dc23c180e152
12:29:05:506  INFO 9068 --- [item-service] [SpringApplicationShutdownHook] com.alibaba.nacos.client.naming          : Shutdown grpc redo service executor java.util.concurrent.ScheduledThreadPoolExecutor@23972e02[Running, pool size = 1, active threads = 0, queued tasks = 1, completed tasks = 1903]
12:29:05:507  INFO 9068 --- [item-service] [SpringApplicationShutdownHook] com.alibaba.nacos.common.remote.client   : Shutdown rpc client, set status to shutdown
12:29:05:507  INFO 9068 --- [item-service] [SpringApplicationShutdownHook] com.alibaba.nacos.common.remote.client   : Shutdown client event executor java.util.concurrent.ScheduledThreadPoolExecutor@3545bfea[Running, pool size = 2, active threads = 2, queued tasks = 0, completed tasks = 0]
12:29:05:509  INFO 9068 --- [item-service] [SpringApplicationShutdownHook] com.alibaba.nacos.common.remote.client   : Close current connection 1780455231963_172.19.0.1_44766
12:29:05:518  INFO 9068 --- [item-service] [nacos-grpc-client-executor-localhost-1141] c.a.n.c.remote.client.grpc.GrpcClient    : [1780455231963_172.19.0.1_44766]Ignore complete event,isRunning:false,isAbandon=false
12:29:05:526  INFO 9068 --- [item-service] [SpringApplicationShutdownHook] c.a.n.c.remote.client.grpc.GrpcClient    : Shutdown grpc executor java.util.concurrent.ThreadPoolExecutor@738a977d[Running, pool size = 4, active threads = 0, queued tasks = 0, completed tasks = 1142]
12:29:05:526  INFO 9068 --- [item-service] [SpringApplicationShutdownHook] com.alibaba.nacos.client.naming          : shutdown and remove naming rpc client  for uuid ->7b7ee7bc-45ad-4376-bde0-dc23c180e152
12:29:05:527  INFO 9068 --- [item-service] [SpringApplicationShutdownHook] c.a.n.c.a.r.identify.CredentialWatcher   : [null] CredentialWatcher is stopped
12:29:05:527  INFO 9068 --- [item-service] [SpringApplicationShutdownHook] c.a.n.c.a.r.identify.CredentialService   : [null] CredentialService is freed
12:29:05:527  INFO 9068 --- [item-service] [SpringApplicationShutdownHook] com.alibaba.nacos.client.naming          : com.alibaba.nacos.client.naming.remote.NamingClientProxyDelegate do shutdown stop
12:29:05:534  INFO 9068 --- [item-service] [SpringApplicationShutdownHook] com.zaxxer.hikari.HikariDataSource       : HikariPool-1 - Shutdown initiated...
12:29:05:543  INFO 9068 --- [item-service] [SpringApplicationShutdownHook] com.zaxxer.hikari.HikariDataSource       : HikariPool-1 - Shutdown completed.
12:30:45:472  INFO 3060 --- [item-service] [main] c.alibaba.nacos.client.utils.ParamUtil   : [settings] [req-serv] nacos-server port:8848
12:30:45:474  INFO 3060 --- [item-service] [main] c.alibaba.nacos.client.utils.ParamUtil   : [settings] [http-client] connect timeout:1000
12:30:45:474  INFO 3060 --- [item-service] [Thread-2] c.a.n.c.a.r.identify.CredentialWatcher   : null No credential found
12:30:45:475  INFO 3060 --- [item-service] [main] c.alibaba.nacos.client.utils.ParamUtil   : PER_TASK_CONFIG_SIZE: 3000.0
12:30:45:498  INFO 3060 --- [item-service] [main] com.alibaba.nacos.common.labels          : DefaultLabelsCollectorManager get labels.....
12:30:45:499  INFO 3060 --- [item-service] [main] com.alibaba.nacos.common.labels          : Process LabelsCollector with [name:defaultNacosLabelsCollector]
12:30:45:499  INFO 3060 --- [item-service] [main] com.alibaba.nacos.common.labels          : default nacos collect properties raw labels: null
12:30:45:500  INFO 3060 --- [item-service] [main] com.alibaba.nacos.common.labels          : default nacos collect properties labels: {}
12:30:45:500  INFO 3060 --- [item-service] [main] com.alibaba.nacos.common.labels          : default nacos collect jvm raw labels: null
12:30:45:500  INFO 3060 --- [item-service] [main] com.alibaba.nacos.common.labels          : default nacos collect jvm labels: {}
12:30:45:500  INFO 3060 --- [item-service] [main] com.alibaba.nacos.common.labels          : default nacos collect env raw labels: null
12:30:45:501  INFO 3060 --- [item-service] [main] com.alibaba.nacos.common.labels          : default nacos collect env labels: {}
12:30:45:501  INFO 3060 --- [item-service] [main] com.alibaba.nacos.common.labels          : DefaultLabelsCollectorManager get labels finished,labels :{}
12:30:45:510  INFO 3060 --- [item-service] [main] c.a.n.p.a.s.c.ClientAuthPluginManager    : [ClientAuthPluginManager] Load ClientAuthService com.alibaba.nacos.client.auth.impl.NacosClientAuthServiceImpl success.
12:30:45:510  INFO 3060 --- [item-service] [main] c.a.n.p.a.s.c.ClientAuthPluginManager    : [ClientAuthPluginManager] Load ClientAuthService com.alibaba.nacos.client.auth.ram.RamClientAuthServiceImpl success.
12:30:45:517  INFO 3060 --- [item-service] [main] c.a.n.c.c.impl.LocalConfigInfoProcessor  : LOCAL_SNAPSHOT_PATH:C:\Users\14416\nacos\config
12:30:45:522  INFO 3060 --- [item-service] [main] com.alibaba.nacos.common.remote.client   : [RpcClientFactory] create a new rpc client of cf4fb19d-8458-4622-94ae-a8b48495e2c9_config-0
12:30:45:550  INFO 3060 --- [item-service] [main] com.alibaba.nacos.common.remote.client   : [cf4fb19d-8458-4622-94ae-a8b48495e2c9_config-0] Register server push request handler:com.alibaba.nacos.client.config.impl.ClientWorker$ConfigRpcTransportClient$$Lambda/0x00000260a3381f00
12:30:45:550  INFO 3060 --- [item-service] [main] com.alibaba.nacos.common.remote.client   : [cf4fb19d-8458-4622-94ae-a8b48495e2c9_config-0] Register server push request handler:com.alibaba.nacos.client.config.impl.ClientWorker$ConfigRpcTransportClient$$Lambda/0x00000260a3382330
12:30:45:551  INFO 3060 --- [item-service] [main] com.alibaba.nacos.common.remote.client   : [cf4fb19d-8458-4622-94ae-a8b48495e2c9_config-0] Registry connection listener to current client:com.alibaba.nacos.client.config.impl.ClientWorker$ConfigRpcTransportClient$1
12:30:45:551  INFO 3060 --- [item-service] [main] com.alibaba.nacos.common.remote.client   : [cf4fb19d-8458-4622-94ae-a8b48495e2c9_config-0] RpcClient init, ServerListFactory = com.alibaba.nacos.client.config.impl.ClientWorker$ConfigRpcTransportClient$2
12:30:45:556  INFO 3060 --- [item-service] [main] com.alibaba.nacos.common.remote.client   : [cf4fb19d-8458-4622-94ae-a8b48495e2c9_config-0] Try to connect to server on start up, server: {serverIp = 'localhost', server main port = 8848}
12:30:45:588  INFO 3060 --- [item-service] [main] c.a.n.c.remote.client.grpc.GrpcClient    : grpc client connection server:localhost ip,serverPort:9848,grpcTslConfig:{"sslProvider":"","enableTls":false,"mutualAuthEnable":false,"trustAll":false}
12:30:46:199  INFO 3060 --- [item-service] [main] c.a.n.c.a.AbstractAbilityControlManager  : Ready to get current node abilities...
12:30:46:202  INFO 3060 --- [item-service] [main] c.a.n.c.a.AbstractAbilityControlManager  : Ready to initialize current node abilities, support modes: [SDK_CLIENT]
12:30:46:203  INFO 3060 --- [item-service] [main] c.a.n.c.a.AbstractAbilityControlManager  : Initialize current abilities finish...
12:30:46:204  INFO 3060 --- [item-service] [main] c.a.n.c.a.d.NacosAbilityManagerHolder    : [AbilityControlManager] Successfully initialize AbilityControlManager
12:30:46:235  INFO 3060 --- [item-service] [main] com.alibaba.nacos.common.remote.client   : [cf4fb19d-8458-4622-94ae-a8b48495e2c9_config-0] Success to connect to server [localhost:8848] on start up, connectionId = 1780461046112_172.19.0.1_57008
12:30:46:236  INFO 3060 --- [item-service] [com.alibaba.nacos.client.remote.worker.0] com.alibaba.nacos.common.remote.client   : [cf4fb19d-8458-4622-94ae-a8b48495e2c9_config-0] Notify connected event to listeners.
12:30:46:236  INFO 3060 --- [item-service] [com.alibaba.nacos.client.remote.worker.0] c.a.n.client.config.impl.ClientWorker    : [cf4fb19d-8458-4622-94ae-a8b48495e2c9_config-0] Connected,notify listen context...
12:30:46:236  INFO 3060 --- [item-service] [main] com.alibaba.nacos.common.remote.client   : [cf4fb19d-8458-4622-94ae-a8b48495e2c9_config-0] Register server push request handler:com.alibaba.nacos.common.remote.client.RpcClient$ConnectResetRequestHandler
12:30:46:244  INFO 3060 --- [item-service] [main] com.alibaba.nacos.common.remote.client   : [cf4fb19d-8458-4622-94ae-a8b48495e2c9_config-0] Register server push request handler:com.alibaba.nacos.common.remote.client.RpcClient$$Lambda/0x00000260a3516350
12:30:46:300  INFO 3060 --- [item-service] [main] c.a.nacos.client.config.impl.Limiter     : limitTime:5.0
12:30:46:320  WARN 3060 --- [item-service] [main] c.a.c.n.c.NacosPropertySourceBuilder     : Ignore the empty nacos configuration and get it based on dataId[item-service] & group[DEFAULT_GROUP]
12:30:46:329  WARN 3060 --- [item-service] [main] c.a.c.n.c.NacosPropertySourceBuilder     : Ignore the empty nacos configuration and get it based on dataId[item-service.yaml] & group[DEFAULT_GROUP]
12:30:46:337  WARN 3060 --- [item-service] [main] c.a.c.n.c.NacosPropertySourceBuilder     : Ignore the empty nacos configuration and get it based on dataId[item-service-local.yaml] & group[DEFAULT_GROUP]
12:30:46:338  INFO 3060 --- [item-service] [main] b.c.PropertySourceBootstrapConfiguration : Located property source: [BootstrapPropertySource {name='bootstrapProperties-item-service-local.yaml,DEFAULT_GROUP'}, BootstrapPropertySource {name='bootstrapProperties-item-service.yaml,DEFAULT_GROUP'}, BootstrapPropertySource {name='bootstrapProperties-item-service,DEFAULT_GROUP'}]
12:30:46:351  INFO 3060 --- [item-service] [main] com.digital.mall.item.ItemApplication    : The following 1 profile is active: "local"
12:30:47:655  INFO 3060 --- [item-service] [main] .s.d.r.c.RepositoryConfigurationDelegate : Multiple Spring Data modules found, entering strict repository configuration mode
12:30:47:659  INFO 3060 --- [item-service] [main] .s.d.r.c.RepositoryConfigurationDelegate : Bootstrapping Spring Data Redis repositories in DEFAULT mode.
12:30:47:697  INFO 3060 --- [item-service] [main] .s.d.r.c.RepositoryConfigurationDelegate : Finished Spring Data repository scanning in 23 ms. Found 0 Redis repository interfaces.
12:30:47:938  INFO 3060 --- [item-service] [main] o.s.cloud.context.scope.GenericScope     : BeanFactory id=d0dbacba-a863-3669-8fda-fc8f0287dd8d
12:30:48:180  WARN 3060 --- [item-service] [main] trationDelegate$BeanPostProcessorChecker : Bean 'org.springframework.cloud.client.loadbalancer.LoadBalancerAutoConfiguration$DeferringLoadBalancerInterceptorConfig' of type [org.springframework.cloud.client.loadbalancer.LoadBalancerAutoConfiguration$DeferringLoadBalancerInterceptorConfig] is not eligible for getting processed by all BeanPostProcessors (for example: not eligible for auto-proxying). The currently created BeanPostProcessor [lbRestClientPostProcessor] is declared through a non-static factory method on that class; consider declaring it as static instead.
12:30:48:183  WARN 3060 --- [item-service] [main] trationDelegate$BeanPostProcessorChecker : Bean 'deferringLoadBalancerInterceptor' of type [org.springframework.cloud.client.loadbalancer.DeferringLoadBalancerInterceptor] is not eligible for getting processed by all BeanPostProcessors (for example: not eligible for auto-proxying). Is this bean getting eagerly injected into a currently created BeanPostProcessor [lbRestClientPostProcessor]? Check the corresponding BeanPostProcessor declaration and its dependencies.
12:30:48:377  INFO 3060 --- [item-service] [main] o.s.b.w.embedded.tomcat.TomcatWebServer  : Tomcat initialized with port 8081 (http)
12:30:48:388  INFO 3060 --- [item-service] [main] o.apache.catalina.core.StandardService   : Starting service [Tomcat]
12:30:48:389  INFO 3060 --- [item-service] [main] o.apache.catalina.core.StandardEngine    : Starting Servlet engine: [Apache Tomcat/10.1.26]
12:30:48:470  INFO 3060 --- [item-service] [main] o.a.c.c.C.[Tomcat].[localhost].[/]       : Initializing Spring embedded WebApplicationContext
12:30:48:471  INFO 3060 --- [item-service] [main] w.s.c.ServletWebServerApplicationContext : Root WebApplicationContext: initialization completed in 2103 ms
12:30:49:657  INFO 3060 --- [item-service] [main] org.redisson.Version                     : Redisson 3.27.0
12:30:49:971  INFO 3060 --- [item-service] [redisson-netty-1-5] o.redisson.connection.ConnectionsHolder  : 1 connections initialized for localhost/127.0.0.1:6379
12:30:50:057  INFO 3060 --- [item-service] [redisson-netty-1-20] o.redisson.connection.ConnectionsHolder  : 24 connections initialized for localhost/127.0.0.1:6379
12:30:50:837  INFO 3060 --- [item-service] [main] o.s.b.a.e.web.EndpointLinksResolver      : Exposing 1 endpoint(s) beneath base path '/actuator'
12:30:50:923  INFO 3060 --- [item-service] [main] o.s.b.w.embedded.tomcat.TomcatWebServer  : Tomcat started on port 8081 (http) with context path ''
12:30:50:929  INFO 3060 --- [item-service] [main] com.alibaba.nacos.client.naming          : initializer namespace from ans.namespace attribute : null
12:30:50:929  INFO 3060 --- [item-service] [main] com.alibaba.nacos.client.naming          : initializer namespace from ALIBABA_ALIWARE_NAMESPACE attribute :null
12:30:50:929  INFO 3060 --- [item-service] [main] com.alibaba.nacos.client.naming          : initializer namespace from namespace attribute :null
12:30:50:934  INFO 3060 --- [item-service] [main] com.alibaba.nacos.client.naming          : FailoverDataSource type is class com.alibaba.nacos.client.naming.backups.datasource.DiskFailoverDataSource
12:30:50:937  INFO 3060 --- [item-service] [main] c.a.n.p.a.s.c.ClientAuthPluginManager    : [ClientAuthPluginManager] Load ClientAuthService com.alibaba.nacos.client.auth.impl.NacosClientAuthServiceImpl success.
12:30:50:938  INFO 3060 --- [item-service] [main] c.a.n.p.a.s.c.ClientAuthPluginManager    : [ClientAuthPluginManager] Load ClientAuthService com.alibaba.nacos.client.auth.ram.RamClientAuthServiceImpl success.
12:30:50:941  INFO 3060 --- [item-service] [main] com.alibaba.nacos.common.remote.client   : [RpcClientFactory] create a new rpc client of d3db56ca-2df5-4eef-8a1e-93a86411a974
12:30:50:942  INFO 3060 --- [item-service] [main] com.alibaba.nacos.client.naming          : Create naming rpc client for uuid->d3db56ca-2df5-4eef-8a1e-93a86411a974
12:30:50:944  INFO 3060 --- [item-service] [main] com.alibaba.nacos.common.remote.client   : [d3db56ca-2df5-4eef-8a1e-93a86411a974] RpcClient init, ServerListFactory = com.alibaba.nacos.client.naming.core.ServerListManager
12:30:50:944  INFO 3060 --- [item-service] [main] com.alibaba.nacos.common.remote.client   : [d3db56ca-2df5-4eef-8a1e-93a86411a974] Registry connection listener to current client:com.alibaba.nacos.client.naming.remote.gprc.redo.NamingGrpcRedoService
12:30:50:944  INFO 3060 --- [item-service] [main] com.alibaba.nacos.common.remote.client   : [d3db56ca-2df5-4eef-8a1e-93a86411a974] Register server push request handler:com.alibaba.nacos.client.naming.remote.gprc.NamingPushRequestHandler
12:30:50:945  INFO 3060 --- [item-service] [main] com.alibaba.nacos.common.remote.client   : [d3db56ca-2df5-4eef-8a1e-93a86411a974] Try to connect to server on start up, server: {serverIp = 'localhost', server main port = 8848}
12:30:50:945  INFO 3060 --- [item-service] [main] c.a.n.c.remote.client.grpc.GrpcClient    : grpc client connection server:localhost ip,serverPort:9848,grpcTslConfig:{"sslProvider":"","enableTls":false,"mutualAuthEnable":false,"trustAll":false}
12:30:50:961  INFO 3060 --- [item-service] [main] com.alibaba.nacos.common.remote.client   : [d3db56ca-2df5-4eef-8a1e-93a86411a974] Success to connect to server [localhost:8848] on start up, connectionId = 1780461050952_172.19.0.1_57030
12:30:50:961  INFO 3060 --- [item-service] [main] com.alibaba.nacos.common.remote.client   : [d3db56ca-2df5-4eef-8a1e-93a86411a974] Register server push request handler:com.alibaba.nacos.common.remote.client.RpcClient$ConnectResetRequestHandler
12:30:50:961  INFO 3060 --- [item-service] [com.alibaba.nacos.client.remote.worker.0] com.alibaba.nacos.common.remote.client   : [d3db56ca-2df5-4eef-8a1e-93a86411a974] Notify connected event to listeners.
12:30:50:961  INFO 3060 --- [item-service] [main] com.alibaba.nacos.common.remote.client   : [d3db56ca-2df5-4eef-8a1e-93a86411a974] Register server push request handler:com.alibaba.nacos.common.remote.client.RpcClient$$Lambda/0x00000260a3516350
12:30:50:961  INFO 3060 --- [item-service] [com.alibaba.nacos.client.remote.worker.0] com.alibaba.nacos.client.naming          : Grpc connection connect
12:30:50:962  INFO 3060 --- [item-service] [main] com.alibaba.nacos.client.naming          : [REGISTER-SERVICE] public registering service item-service with instance Instance{instanceId='null', ip='100.2.20.214', port=8081, weight=1.0, healthy=true, enabled=true, ephemeral=true, clusterName='', serviceName='null', metadata={IPv6=null, preserved.register.source=SPRING_CLOUD}}
12:30:50:975  INFO 3060 --- [item-service] [main] c.a.c.n.registry.NacosServiceRegistry    : nacos registry, DEFAULT_GROUP item-service 100.2.20.214:8081 register finished
12:30:50:992  INFO 3060 --- [item-service] [main] com.digital.mall.item.ItemApplication    : Started ItemApplication in 6.578 seconds (process running for 7.413)
12:30:50:999  INFO 3060 --- [item-service] [main] c.a.nacos.client.config.impl.CacheData   : config listener notify warn timeout millis use default 60000 millis 
12:30:50:999  INFO 3060 --- [item-service] [main] c.a.nacos.client.config.impl.CacheData   : nacos.cache.data.init.snapshot = true 
12:30:50:999  INFO 3060 --- [item-service] [main] c.a.n.client.config.impl.ClientWorker    : [fixed-localhost_8848] [subscribe] item-service.yaml+DEFAULT_GROUP
12:30:51:007  INFO 3060 --- [item-service] [main] c.a.nacos.client.config.impl.CacheData   : [fixed-localhost_8848] [add-listener] ok, tenant=, dataId=item-service.yaml, group=DEFAULT_GROUP, cnt=1
12:30:51:007  INFO 3060 --- [item-service] [main] c.a.c.n.refresh.NacosContextRefresher    : [Nacos Config] Listening config: dataId=item-service.yaml, group=DEFAULT_GROUP
12:30:51:008  INFO 3060 --- [item-service] [main] c.a.n.client.config.impl.ClientWorker    : [fixed-localhost_8848] [subscribe] item-service-local.yaml+DEFAULT_GROUP
12:30:51:008  INFO 3060 --- [item-service] [main] c.a.nacos.client.config.impl.CacheData   : [fixed-localhost_8848] [add-listener] ok, tenant=, dataId=item-service-local.yaml, group=DEFAULT_GROUP, cnt=1
12:30:51:008  INFO 3060 --- [item-service] [main] c.a.c.n.refresh.NacosContextRefresher    : [Nacos Config] Listening config: dataId=item-service-local.yaml, group=DEFAULT_GROUP
12:30:51:008  INFO 3060 --- [item-service] [main] c.a.n.client.config.impl.ClientWorker    : [fixed-localhost_8848] [subscribe] item-service+DEFAULT_GROUP
12:30:51:008  INFO 3060 --- [item-service] [main] c.a.nacos.client.config.impl.CacheData   : [fixed-localhost_8848] [add-listener] ok, tenant=, dataId=item-service, group=DEFAULT_GROUP, cnt=1
12:30:51:008  INFO 3060 --- [item-service] [main] c.a.c.n.refresh.NacosContextRefresher    : [Nacos Config] Listening config: dataId=item-service, group=DEFAULT_GROUP
12:30:51:461  INFO 3060 --- [item-service] [RMI TCP Connection(4)-100.2.20.214] o.s.a.r.c.CachingConnectionFactory       : Attempting to connect to: [localhost:5672]
12:30:51:462  INFO 3060 --- [item-service] [RMI TCP Connection(5)-100.2.20.214] o.a.c.c.C.[Tomcat].[localhost].[/]       : Initializing Spring DispatcherServlet 'dispatcherServlet'
12:30:51:462  INFO 3060 --- [item-service] [RMI TCP Connection(5)-100.2.20.214] o.s.web.servlet.DispatcherServlet        : Initializing Servlet 'dispatcherServlet'
12:30:51:465  INFO 3060 --- [item-service] [RMI TCP Connection(5)-100.2.20.214] o.s.web.servlet.DispatcherServlet        : Completed initialization in 3 ms
12:30:51:512  INFO 3060 --- [item-service] [RMI TCP Connection(4)-100.2.20.214] o.s.a.r.c.CachingConnectionFactory       : Created new connection: rabbitConnectionFactory#3d056418:0/SimpleConnection@1e242300 [delegate=amqp://guest@127.0.0.1:5672/, localPort=61496]
12:30:51:535  INFO 3060 --- [item-service] [RMI TCP Connection(4)-100.2.20.214] com.zaxxer.hikari.HikariDataSource       : HikariPool-1 - Starting...
12:30:51:650  INFO 3060 --- [item-service] [RMI TCP Connection(4)-100.2.20.214] com.zaxxer.hikari.pool.HikariPool        : HikariPool-1 - Added connection org.postgresql.jdbc.PgConnection@705d977d
12:30:51:652  INFO 3060 --- [item-service] [RMI TCP Connection(4)-100.2.20.214] com.zaxxer.hikari.HikariDataSource       : HikariPool-1 - Start completed.
12:31:24:506  INFO 3060 --- [item-service] [http-nio-8081-exec-1] c.d.m.c.interceptor.UserinfoInterceptor  : [UserinfoInterceptor] request=/items user-info=null
12:31:24:559 DEBUG 3060 --- [item-service] [http-nio-8081-exec-1] c.d.m.i.m.ItemMapper.selectBatchIds      : ==>  Preparing: SELECT id,name,price,stock,image,category,brand,spec,sold,comment_count,is_ad,status,create_time,update_time,creater,updater FROM item WHERE id IN ( ? )
12:31:24:569 DEBUG 3060 --- [item-service] [http-nio-8081-exec-1] c.d.m.i.m.ItemMapper.selectBatchIds      : ==> Parameters: 173(Long)
12:31:24:590 DEBUG 3060 --- [item-service] [http-nio-8081-exec-1] c.d.m.i.m.ItemMapper.selectBatchIds      : <==      Total: 1
12:42:05:126  INFO 3060 --- [item-service] [http-nio-8081-exec-2] c.d.m.c.interceptor.UserinfoInterceptor  : [UserinfoInterceptor] request=/items user-info=null
12:42:05:130 DEBUG 3060 --- [item-service] [http-nio-8081-exec-2] c.d.m.i.m.ItemMapper.selectBatchIds      : ==>  Preparing: SELECT id,name,price,stock,image,category,brand,spec,sold,comment_count,is_ad,status,create_time,update_time,creater,updater FROM item WHERE id IN ( ? )
12:42:05:130 DEBUG 3060 --- [item-service] [http-nio-8081-exec-2] c.d.m.i.m.ItemMapper.selectBatchIds      : ==> Parameters: 173(Long)
12:42:05:134 DEBUG 3060 --- [item-service] [http-nio-8081-exec-2] c.d.m.i.m.ItemMapper.selectBatchIds      : <==      Total: 1
12:42:21:662  INFO 3060 --- [item-service] [http-nio-8081-exec-5] c.d.m.c.interceptor.UserinfoInterceptor  : [UserinfoInterceptor] request=/items user-info=null
12:42:21:664 DEBUG 3060 --- [item-service] [http-nio-8081-exec-5] c.d.m.i.m.ItemMapper.selectBatchIds      : ==>  Preparing: SELECT id,name,price,stock,image,category,brand,spec,sold,comment_count,is_ad,status,create_time,update_time,creater,updater FROM item WHERE id IN ( ? )
12:42:21:665 DEBUG 3060 --- [item-service] [http-nio-8081-exec-5] c.d.m.i.m.ItemMapper.selectBatchIds      : ==> Parameters: 173(Long)
12:42:21:667 DEBUG 3060 --- [item-service] [http-nio-8081-exec-5] c.d.m.i.m.ItemMapper.selectBatchIds      : <==      Total: 1
12:42:23:058  INFO 3060 --- [item-service] [http-nio-8081-exec-4] c.d.m.c.interceptor.UserinfoInterceptor  : [UserinfoInterceptor] request=/items user-info=null
12:42:23:059 DEBUG 3060 --- [item-service] [http-nio-8081-exec-4] c.d.m.i.m.ItemMapper.selectBatchIds      : ==>  Preparing: SELECT id,name,price,stock,image,category,brand,spec,sold,comment_count,is_ad,status,create_time,update_time,creater,updater FROM item WHERE id IN ( ? )
12:42:23:059 DEBUG 3060 --- [item-service] [http-nio-8081-exec-4] c.d.m.i.m.ItemMapper.selectBatchIds      : ==> Parameters: 173(Long)
12:42:23:062 DEBUG 3060 --- [item-service] [http-nio-8081-exec-4] c.d.m.i.m.ItemMapper.selectBatchIds      : <==      Total: 1
12:42:23:128  INFO 3060 --- [item-service] [http-nio-8081-exec-6] c.d.m.c.interceptor.UserinfoInterceptor  : [UserinfoInterceptor] request=/items user-info=null
12:42:23:129 DEBUG 3060 --- [item-service] [http-nio-8081-exec-6] c.d.m.i.m.ItemMapper.selectBatchIds      : ==>  Preparing: SELECT id,name,price,stock,image,category,brand,spec,sold,comment_count,is_ad,status,create_time,update_time,creater,updater FROM item WHERE id IN ( ? )
12:42:23:129 DEBUG 3060 --- [item-service] [http-nio-8081-exec-6] c.d.m.i.m.ItemMapper.selectBatchIds      : ==> Parameters: 173(Long)
12:42:23:132 DEBUG 3060 --- [item-service] [http-nio-8081-exec-6] c.d.m.i.m.ItemMapper.selectBatchIds      : <==      Total: 1
12:42:25:094  INFO 3060 --- [item-service] [http-nio-8081-exec-7] c.d.m.c.interceptor.UserinfoInterceptor  : [UserinfoInterceptor] request=/items/page user-info=null
12:42:25:229 DEBUG 3060 --- [item-service] [http-nio-8081-exec-7] c.d.m.i.m.ItemMapper.selectList_mpCount  : ==>  Preparing: SELECT COUNT(*) AS total FROM item
12:42:25:229 DEBUG 3060 --- [item-service] [http-nio-8081-exec-7] c.d.m.i.m.ItemMapper.selectList_mpCount  : ==> Parameters: 
12:42:25:238 DEBUG 3060 --- [item-service] [http-nio-8081-exec-7] c.d.m.i.m.ItemMapper.selectList_mpCount  : <==      Total: 1
12:42:25:249 DEBUG 3060 --- [item-service] [http-nio-8081-exec-7] c.d.m.item.mapper.ItemMapper.selectList  : ==>  Preparing: SELECT id, name, price, stock, image, category, brand, spec, sold, comment_count, is_ad, status, create_time, update_time, creater, updater FROM item ORDER BY update_time DESC LIMIT ?
12:42:25:250 DEBUG 3060 --- [item-service] [http-nio-8081-exec-7] c.d.m.item.mapper.ItemMapper.selectList  : ==> Parameters: 20(Long)
12:42:25:259 DEBUG 3060 --- [item-service] [http-nio-8081-exec-7] c.d.m.item.mapper.ItemMapper.selectList  : <==      Total: 20
12:43:43:911  INFO 3060 --- [item-service] [http-nio-8081-exec-10] c.d.m.c.interceptor.UserinfoInterceptor  : [UserinfoInterceptor] request=/items/page user-info=null
12:43:43:923 DEBUG 3060 --- [item-service] [http-nio-8081-exec-10] c.d.m.i.m.ItemMapper.selectList_mpCount  : ==>  Preparing: SELECT COUNT(*) AS total FROM item
12:43:43:924 DEBUG 3060 --- [item-service] [http-nio-8081-exec-10] c.d.m.i.m.ItemMapper.selectList_mpCount  : ==> Parameters: 
12:43:43:926 DEBUG 3060 --- [item-service] [http-nio-8081-exec-10] c.d.m.i.m.ItemMapper.selectList_mpCount  : <==      Total: 1
12:43:43:942 DEBUG 3060 --- [item-service] [http-nio-8081-exec-10] c.d.m.item.mapper.ItemMapper.selectList  : ==>  Preparing: SELECT id, name, price, stock, image, category, brand, spec, sold, comment_count, is_ad, status, create_time, update_time, creater, updater FROM item ORDER BY update_time DESC LIMIT ?
12:43:43:943 DEBUG 3060 --- [item-service] [http-nio-8081-exec-10] c.d.m.item.mapper.ItemMapper.selectList  : ==> Parameters: 20(Long)
12:43:43:949 DEBUG 3060 --- [item-service] [http-nio-8081-exec-10] c.d.m.item.mapper.ItemMapper.selectList  : <==      Total: 20
12:43:43:993  INFO 3060 --- [item-service] [http-nio-8081-exec-1] c.d.m.c.interceptor.UserinfoInterceptor  : [UserinfoInterceptor] request=/items user-info=null
12:43:43:994 DEBUG 3060 --- [item-service] [http-nio-8081-exec-1] c.d.m.i.m.ItemMapper.selectBatchIds      : ==>  Preparing: SELECT id,name,price,stock,image,category,brand,spec,sold,comment_count,is_ad,status,create_time,update_time,creater,updater FROM item WHERE id IN ( ? , ? , ? , ? )
12:43:43:995 DEBUG 3060 --- [item-service] [http-nio-8081-exec-1] c.d.m.i.m.ItemMapper.selectBatchIds      : ==> Parameters: 176(Long), 177(Long), 163(Long), 172(Long)
12:43:43:998 DEBUG 3060 --- [item-service] [http-nio-8081-exec-1] c.d.m.i.m.ItemMapper.selectBatchIds      : <==      Total: 4
12:43:45:040  INFO 3060 --- [item-service] [http-nio-8081-exec-3] c.d.m.c.interceptor.UserinfoInterceptor  : [UserinfoInterceptor] request=/items user-info=null
12:43:45:043 DEBUG 3060 --- [item-service] [http-nio-8081-exec-3] c.d.m.i.m.ItemMapper.selectBatchIds      : ==>  Preparing: SELECT id,name,price,stock,image,category,brand,spec,sold,comment_count,is_ad,status,create_time,update_time,creater,updater FROM item WHERE id IN ( ? , ? , ? , ? )
12:43:45:043 DEBUG 3060 --- [item-service] [http-nio-8081-exec-3] c.d.m.i.m.ItemMapper.selectBatchIds      : ==> Parameters: 176(Long), 177(Long), 163(Long), 172(Long)
12:43:45:045 DEBUG 3060 --- [item-service] [http-nio-8081-exec-3] c.d.m.i.m.ItemMapper.selectBatchIds      : <==      Total: 4
12:43:45:146  INFO 3060 --- [item-service] [http-nio-8081-exec-2] c.d.m.c.interceptor.UserinfoInterceptor  : [UserinfoInterceptor] request=/items user-info=null
12:43:45:147 DEBUG 3060 --- [item-service] [http-nio-8081-exec-2] c.d.m.i.m.ItemMapper.selectBatchIds      : ==>  Preparing: SELECT id,name,price,stock,image,category,brand,spec,sold,comment_count,is_ad,status,create_time,update_time,creater,updater FROM item WHERE id IN ( ? , ? , ? , ? )
12:43:45:147 DEBUG 3060 --- [item-service] [http-nio-8081-exec-2] c.d.m.i.m.ItemMapper.selectBatchIds      : ==> Parameters: 176(Long), 177(Long), 163(Long), 172(Long)
12:43:45:149 DEBUG 3060 --- [item-service] [http-nio-8081-exec-2] c.d.m.i.m.ItemMapper.selectBatchIds      : <==      Total: 4
12:43:45:967  INFO 3060 --- [item-service] [http-nio-8081-exec-5] c.d.m.c.interceptor.UserinfoInterceptor  : [UserinfoInterceptor] request=/items user-info=null
12:43:45:969 DEBUG 3060 --- [item-service] [http-nio-8081-exec-5] c.d.m.i.m.ItemMapper.selectBatchIds      : ==>  Preparing: SELECT id,name,price,stock,image,category,brand,spec,sold,comment_count,is_ad,status,create_time,update_time,creater,updater FROM item WHERE id IN ( ? , ? , ? , ? )
12:43:45:969 DEBUG 3060 --- [item-service] [http-nio-8081-exec-5] c.d.m.i.m.ItemMapper.selectBatchIds      : ==> Parameters: 176(Long), 177(Long), 163(Long), 172(Long)
12:43:45:971 DEBUG 3060 --- [item-service] [http-nio-8081-exec-5] c.d.m.i.m.ItemMapper.selectBatchIds      : <==      Total: 4
12:43:46:045  INFO 3060 --- [item-service] [http-nio-8081-exec-4] c.d.m.c.interceptor.UserinfoInterceptor  : [UserinfoInterceptor] request=/items user-info=null
12:43:46:045 DEBUG 3060 --- [item-service] [http-nio-8081-exec-4] c.d.m.i.m.ItemMapper.selectBatchIds      : ==>  Preparing: SELECT id,name,price,stock,image,category,brand,spec,sold,comment_count,is_ad,status,create_time,update_time,creater,updater FROM item WHERE id IN ( ? , ? , ? , ? )
12:43:46:045 DEBUG 3060 --- [item-service] [http-nio-8081-exec-4] c.d.m.i.m.ItemMapper.selectBatchIds      : ==> Parameters: 176(Long), 177(Long), 163(Long), 172(Long)
12:43:46:048 DEBUG 3060 --- [item-service] [http-nio-8081-exec-4] c.d.m.i.m.ItemMapper.selectBatchIds      : <==      Total: 4
12:43:47:252  INFO 3060 --- [item-service] [http-nio-8081-exec-6] c.d.m.c.interceptor.UserinfoInterceptor  : [UserinfoInterceptor] request=/items user-info=null
12:43:47:254 DEBUG 3060 --- [item-service] [http-nio-8081-exec-6] c.d.m.i.m.ItemMapper.selectBatchIds      : ==>  Preparing: SELECT id,name,price,stock,image,category,brand,spec,sold,comment_count,is_ad,status,create_time,update_time,creater,updater FROM item WHERE id IN ( ? , ? , ? , ? )
12:43:47:255 DEBUG 3060 --- [item-service] [http-nio-8081-exec-6] c.d.m.i.m.ItemMapper.selectBatchIds      : ==> Parameters: 176(Long), 177(Long), 163(Long), 172(Long)
12:43:47:257 DEBUG 3060 --- [item-service] [http-nio-8081-exec-6] c.d.m.i.m.ItemMapper.selectBatchIds      : <==      Total: 4
12:43:47:411  INFO 3060 --- [item-service] [http-nio-8081-exec-7] c.d.m.c.interceptor.UserinfoInterceptor  : [UserinfoInterceptor] request=/items/stock/deduct user-info=null
12:43:47:425  WARN 3060 --- [item-service] [http-nio-8081-exec-7] c.d.m.item.service.impl.ItemServiceImpl  : SqlSession [org.apache.ibatis.session.defaults.DefaultSqlSession@63238c73] Transaction not enabled
12:43:47:427 DEBUG 3060 --- [item-service] [http-nio-8081-exec-7] c.d.m.i.mapper.ItemMapper.updateStock    : ==>  Preparing: UPDATE item.item SET stock = stock - ? WHERE id = ? AND stock >= ?
12:43:47:428 DEBUG 3060 --- [item-service] [http-nio-8081-exec-7] c.d.m.i.mapper.ItemMapper.updateStock    : ==> Parameters: 1(Integer), 163(Long), 1(Integer)
12:43:47:430 DEBUG 3060 --- [item-service] [http-nio-8081-exec-7] c.d.m.i.mapper.ItemMapper.updateStock    : ==> Parameters: 1(Integer), 172(Long), 1(Integer)
12:43:47:430 DEBUG 3060 --- [item-service] [http-nio-8081-exec-7] c.d.m.i.mapper.ItemMapper.updateStock    : ==> Parameters: 1(Integer), 177(Long), 1(Integer)
12:43:47:430 DEBUG 3060 --- [item-service] [http-nio-8081-exec-7] c.d.m.i.mapper.ItemMapper.updateStock    : ==> Parameters: 2(Integer), 176(Long), 2(Integer)
12:43:47:591  INFO 3060 --- [item-service] [http-nio-8081-exec-8] c.d.m.c.interceptor.UserinfoInterceptor  : [UserinfoInterceptor] request=/items user-info=null
12:43:47:593 DEBUG 3060 --- [item-service] [http-nio-8081-exec-8] c.d.m.i.m.ItemMapper.selectBatchIds      : ==>  Preparing: SELECT id,name,price,stock,image,category,brand,spec,sold,comment_count,is_ad,status,create_time,update_time,creater,updater FROM item WHERE id IN ( ? , ? , ? , ? )
12:43:47:593 DEBUG 3060 --- [item-service] [http-nio-8081-exec-8] c.d.m.i.m.ItemMapper.selectBatchIds      : ==> Parameters: 176(Long), 177(Long), 163(Long), 172(Long)
12:43:47:595 DEBUG 3060 --- [item-service] [http-nio-8081-exec-8] c.d.m.i.m.ItemMapper.selectBatchIds      : <==      Total: 4
12:43:50:081  INFO 3060 --- [item-service] [http-nio-8081-exec-9] c.d.m.c.interceptor.UserinfoInterceptor  : [UserinfoInterceptor] request=/items user-info=null
12:43:50:085 DEBUG 3060 --- [item-service] [http-nio-8081-exec-9] c.d.m.i.m.ItemMapper.selectBatchIds      : ==>  Preparing: SELECT id,name,price,stock,image,category,brand,spec,sold,comment_count,is_ad,status,create_time,update_time,creater,updater FROM item WHERE id IN ( ? , ? , ? , ? )
12:43:50:085 DEBUG 3060 --- [item-service] [http-nio-8081-exec-9] c.d.m.i.m.ItemMapper.selectBatchIds      : ==> Parameters: 176(Long), 177(Long), 163(Long), 172(Long)
12:43:50:087 DEBUG 3060 --- [item-service] [http-nio-8081-exec-9] c.d.m.i.m.ItemMapper.selectBatchIds      : <==      Total: 4
12:51:47:254  INFO 3060 --- [item-service] [http-nio-8081-exec-2] c.d.m.c.interceptor.UserinfoInterceptor  : [UserinfoInterceptor] request=/items/page user-info=null
12:51:47:265 DEBUG 3060 --- [item-service] [http-nio-8081-exec-2] c.d.m.i.m.ItemMapper.selectList_mpCount  : ==>  Preparing: SELECT COUNT(*) AS total FROM item
12:51:47:266 DEBUG 3060 --- [item-service] [http-nio-8081-exec-2] c.d.m.i.m.ItemMapper.selectList_mpCount  : ==> Parameters: 
12:51:47:268 DEBUG 3060 --- [item-service] [http-nio-8081-exec-2] c.d.m.i.m.ItemMapper.selectList_mpCount  : <==      Total: 1
12:51:47:277 DEBUG 3060 --- [item-service] [http-nio-8081-exec-2] c.d.m.item.mapper.ItemMapper.selectList  : ==>  Preparing: SELECT id, name, price, stock, image, category, brand, spec, sold, comment_count, is_ad, status, create_time, update_time, creater, updater FROM item ORDER BY update_time DESC LIMIT ?
12:51:47:277 DEBUG 3060 --- [item-service] [http-nio-8081-exec-2] c.d.m.item.mapper.ItemMapper.selectList  : ==> Parameters: 20(Long)
12:51:47:281 DEBUG 3060 --- [item-service] [http-nio-8081-exec-2] c.d.m.item.mapper.ItemMapper.selectList  : <==      Total: 20
12:51:47:340  INFO 3060 --- [item-service] [http-nio-8081-exec-5] c.d.m.c.interceptor.UserinfoInterceptor  : [UserinfoInterceptor] request=/items user-info=null
12:51:47:341 DEBUG 3060 --- [item-service] [http-nio-8081-exec-5] c.d.m.i.m.ItemMapper.selectBatchIds      : ==>  Preparing: SELECT id,name,price,stock,image,category,brand,spec,sold,comment_count,is_ad,status,create_time,update_time,creater,updater FROM item WHERE id IN ( ? , ? , ? , ? )
12:51:47:341 DEBUG 3060 --- [item-service] [http-nio-8081-exec-5] c.d.m.i.m.ItemMapper.selectBatchIds      : ==> Parameters: 176(Long), 177(Long), 163(Long), 172(Long)
12:51:47:344 DEBUG 3060 --- [item-service] [http-nio-8081-exec-5] c.d.m.i.m.ItemMapper.selectBatchIds      : <==      Total: 4
12:51:48:788  INFO 3060 --- [item-service] [http-nio-8081-exec-4] c.d.m.c.interceptor.UserinfoInterceptor  : [UserinfoInterceptor] request=/items user-info=null
12:51:48:789 DEBUG 3060 --- [item-service] [http-nio-8081-exec-4] c.d.m.i.m.ItemMapper.selectBatchIds      : ==>  Preparing: SELECT id,name,price,stock,image,category,brand,spec,sold,comment_count,is_ad,status,create_time,update_time,creater,updater FROM item WHERE id IN ( ? , ? , ? , ? )
12:51:48:790 DEBUG 3060 --- [item-service] [http-nio-8081-exec-4] c.d.m.i.m.ItemMapper.selectBatchIds      : ==> Parameters: 176(Long), 177(Long), 163(Long), 172(Long)
12:51:48:792 DEBUG 3060 --- [item-service] [http-nio-8081-exec-4] c.d.m.i.m.ItemMapper.selectBatchIds      : <==      Total: 4
12:51:48:875  INFO 3060 --- [item-service] [http-nio-8081-exec-6] c.d.m.c.interceptor.UserinfoInterceptor  : [UserinfoInterceptor] request=/items user-info=null
12:51:48:876 DEBUG 3060 --- [item-service] [http-nio-8081-exec-6] c.d.m.i.m.ItemMapper.selectBatchIds      : ==>  Preparing: SELECT id,name,price,stock,image,category,brand,spec,sold,comment_count,is_ad,status,create_time,update_time,creater,updater FROM item WHERE id IN ( ? , ? , ? , ? )
12:51:48:877 DEBUG 3060 --- [item-service] [http-nio-8081-exec-6] c.d.m.i.m.ItemMapper.selectBatchIds      : ==> Parameters: 176(Long), 177(Long), 163(Long), 172(Long)
12:51:48:878 DEBUG 3060 --- [item-service] [http-nio-8081-exec-6] c.d.m.i.m.ItemMapper.selectBatchIds      : <==      Total: 4
12:51:49:852  INFO 3060 --- [item-service] [http-nio-8081-exec-7] c.d.m.c.interceptor.UserinfoInterceptor  : [UserinfoInterceptor] request=/items user-info=null
12:51:49:855 DEBUG 3060 --- [item-service] [http-nio-8081-exec-7] c.d.m.i.m.ItemMapper.selectBatchIds      : ==>  Preparing: SELECT id,name,price,stock,image,category,brand,spec,sold,comment_count,is_ad,status,create_time,update_time,creater,updater FROM item WHERE id IN ( ? , ? , ? , ? )
12:51:49:855 DEBUG 3060 --- [item-service] [http-nio-8081-exec-7] c.d.m.i.m.ItemMapper.selectBatchIds      : ==> Parameters: 176(Long), 177(Long), 163(Long), 172(Long)
12:51:49:857 DEBUG 3060 --- [item-service] [http-nio-8081-exec-7] c.d.m.i.m.ItemMapper.selectBatchIds      : <==      Total: 4
12:51:49:950  INFO 3060 --- [item-service] [http-nio-8081-exec-8] c.d.m.c.interceptor.UserinfoInterceptor  : [UserinfoInterceptor] request=/items user-info=null
12:51:49:950 DEBUG 3060 --- [item-service] [http-nio-8081-exec-8] c.d.m.i.m.ItemMapper.selectBatchIds      : ==>  Preparing: SELECT id,name,price,stock,image,category,brand,spec,sold,comment_count,is_ad,status,create_time,update_time,creater,updater FROM item WHERE id IN ( ? , ? , ? , ? )
12:51:49:951 DEBUG 3060 --- [item-service] [http-nio-8081-exec-8] c.d.m.i.m.ItemMapper.selectBatchIds      : ==> Parameters: 176(Long), 177(Long), 163(Long), 172(Long)
12:51:49:953 DEBUG 3060 --- [item-service] [http-nio-8081-exec-8] c.d.m.i.m.ItemMapper.selectBatchIds      : <==      Total: 4
12:51:50:809  INFO 3060 --- [item-service] [http-nio-8081-exec-9] c.d.m.c.interceptor.UserinfoInterceptor  : [UserinfoInterceptor] request=/items user-info=null
12:51:50:810 DEBUG 3060 --- [item-service] [http-nio-8081-exec-9] c.d.m.i.m.ItemMapper.selectBatchIds      : ==>  Preparing: SELECT id,name,price,stock,image,category,brand,spec,sold,comment_count,is_ad,status,create_time,update_time,creater,updater FROM item WHERE id IN ( ? , ? , ? , ? )
12:51:50:811 DEBUG 3060 --- [item-service] [http-nio-8081-exec-9] c.d.m.i.m.ItemMapper.selectBatchIds      : ==> Parameters: 176(Long), 177(Long), 163(Long), 172(Long)
12:51:50:812 DEBUG 3060 --- [item-service] [http-nio-8081-exec-9] c.d.m.i.m.ItemMapper.selectBatchIds      : <==      Total: 4
12:51:50:832  INFO 3060 --- [item-service] [http-nio-8081-exec-10] c.d.m.c.interceptor.UserinfoInterceptor  : [UserinfoInterceptor] request=/items/stock/deduct user-info=null
12:51:50:833  WARN 3060 --- [item-service] [http-nio-8081-exec-10] c.d.m.item.service.impl.ItemServiceImpl  : SqlSession [org.apache.ibatis.session.defaults.DefaultSqlSession@3f9e4524] Transaction not enabled
12:51:50:833 DEBUG 3060 --- [item-service] [http-nio-8081-exec-10] c.d.m.i.mapper.ItemMapper.updateStock    : ==>  Preparing: UPDATE item.item SET stock = stock - ? WHERE id = ? AND stock >= ?
12:51:50:833 DEBUG 3060 --- [item-service] [http-nio-8081-exec-10] c.d.m.i.mapper.ItemMapper.updateStock    : ==> Parameters: 1(Integer), 163(Long), 1(Integer)
12:51:50:834 DEBUG 3060 --- [item-service] [http-nio-8081-exec-10] c.d.m.i.mapper.ItemMapper.updateStock    : ==> Parameters: 1(Integer), 172(Long), 1(Integer)
12:51:50:834 DEBUG 3060 --- [item-service] [http-nio-8081-exec-10] c.d.m.i.mapper.ItemMapper.updateStock    : ==> Parameters: 1(Integer), 177(Long), 1(Integer)
12:51:50:834 DEBUG 3060 --- [item-service] [http-nio-8081-exec-10] c.d.m.i.mapper.ItemMapper.updateStock    : ==> Parameters: 2(Integer), 176(Long), 2(Integer)
12:51:50:999  INFO 3060 --- [item-service] [http-nio-8081-exec-1] c.d.m.c.interceptor.UserinfoInterceptor  : [UserinfoInterceptor] request=/items user-info=null
12:51:51:000 DEBUG 3060 --- [item-service] [http-nio-8081-exec-1] c.d.m.i.m.ItemMapper.selectBatchIds      : ==>  Preparing: SELECT id,name,price,stock,image,category,brand,spec,sold,comment_count,is_ad,status,create_time,update_time,creater,updater FROM item WHERE id IN ( ? , ? , ? , ? )
12:51:51:000 DEBUG 3060 --- [item-service] [http-nio-8081-exec-1] c.d.m.i.m.ItemMapper.selectBatchIds      : ==> Parameters: 176(Long), 177(Long), 163(Long), 172(Long)
12:51:51:003 DEBUG 3060 --- [item-service] [http-nio-8081-exec-1] c.d.m.i.m.ItemMapper.selectBatchIds      : <==      Total: 4
13:04:34:759  WARN 3060 --- [item-service] [Thread-5] c.a.nacos.common.notify.NotifyCenter     : [NotifyCenter] Start destroying Publisher
13:04:34:759  WARN 3060 --- [item-service] [Thread-3] c.a.n.common.http.HttpClientBeanHolder   : [HttpClientBeanHolder] Start destroying common HttpClient
13:04:34:761  WARN 3060 --- [item-service] [Thread-5] c.a.nacos.common.notify.NotifyCenter     : [NotifyCenter] Destruction of the end
13:04:34:770  WARN 3060 --- [item-service] [Thread-3] c.a.n.common.http.HttpClientBeanHolder   : [HttpClientBeanHolder] Destruction of the end
13:04:35:115  INFO 3060 --- [item-service] [SpringApplicationShutdownHook] c.a.c.n.registry.NacosServiceRegistry    : De-registering from Nacos Server now...
13:04:35:118  INFO 3060 --- [item-service] [SpringApplicationShutdownHook] com.alibaba.nacos.client.naming          : [DEREGISTER-SERVICE] public deregistering service item-service with instance: Instance{instanceId='null', ip='100.2.20.214', port=8081, weight=1.0, healthy=true, enabled=true, ephemeral=true, clusterName='', serviceName='null', metadata={}}
13:04:35:131  INFO 3060 --- [item-service] [SpringApplicationShutdownHook] c.a.c.n.registry.NacosServiceRegistry    : De-registration finished.
13:04:35:132  INFO 3060 --- [item-service] [SpringApplicationShutdownHook] com.alibaba.nacos.client.naming          : com.alibaba.nacos.client.naming.cache.ServiceInfoHolder do shutdown begin
13:04:35:133  INFO 3060 --- [item-service] [SpringApplicationShutdownHook] com.alibaba.nacos.client.naming          : com.alibaba.nacos.client.naming.backups.FailoverReactor do shutdown begin
13:04:35:133  INFO 3060 --- [item-service] [SpringApplicationShutdownHook] com.alibaba.nacos.client.naming          : com.alibaba.nacos.client.naming.backups.FailoverReactor do shutdown stop
13:04:35:133  INFO 3060 --- [item-service] [SpringApplicationShutdownHook] com.alibaba.nacos.client.naming          : com.alibaba.nacos.client.naming.cache.ServiceInfoHolder do shutdown stop
13:04:35:134  INFO 3060 --- [item-service] [SpringApplicationShutdownHook] com.alibaba.nacos.client.naming          : com.alibaba.nacos.client.naming.remote.NamingClientProxyDelegate do shutdown begin
13:04:35:134  INFO 3060 --- [item-service] [SpringApplicationShutdownHook] com.alibaba.nacos.client.naming          : com.alibaba.nacos.client.naming.core.ServiceInfoUpdateService do shutdown begin
13:04:35:134  INFO 3060 --- [item-service] [SpringApplicationShutdownHook] com.alibaba.nacos.client.naming          : com.alibaba.nacos.client.naming.core.ServiceInfoUpdateService do shutdown stop
13:04:35:134  INFO 3060 --- [item-service] [SpringApplicationShutdownHook] com.alibaba.nacos.client.naming          : com.alibaba.nacos.client.naming.core.ServerListManager do shutdown begin
13:04:35:134  WARN 3060 --- [item-service] [SpringApplicationShutdownHook] com.alibaba.nacos.client.naming          : [NamingHttpClientManager] Start destroying NacosRestTemplate
13:04:35:134  WARN 3060 --- [item-service] [SpringApplicationShutdownHook] com.alibaba.nacos.client.naming          : [NamingHttpClientManager] Destruction of the end
13:04:35:134  INFO 3060 --- [item-service] [SpringApplicationShutdownHook] com.alibaba.nacos.client.naming          : com.alibaba.nacos.client.naming.core.ServerListManager do shutdown stop
13:04:35:134  INFO 3060 --- [item-service] [SpringApplicationShutdownHook] com.alibaba.nacos.client.naming          : com.alibaba.nacos.client.naming.remote.http.NamingHttpClientProxy do shutdown begin
13:04:35:134  WARN 3060 --- [item-service] [SpringApplicationShutdownHook] com.alibaba.nacos.client.naming          : [NamingHttpClientManager] Start destroying NacosRestTemplate
13:04:35:134  WARN 3060 --- [item-service] [SpringApplicationShutdownHook] com.alibaba.nacos.client.naming          : [NamingHttpClientManager] Destruction of the end
13:04:35:134  INFO 3060 --- [item-service] [SpringApplicationShutdownHook] com.alibaba.nacos.client.naming          : com.alibaba.nacos.client.naming.remote.http.NamingHttpClientProxy do shutdown stop
13:04:35:134  INFO 3060 --- [item-service] [SpringApplicationShutdownHook] com.alibaba.nacos.client.naming          : Shutdown naming grpc client proxy for  uuid->d3db56ca-2df5-4eef-8a1e-93a86411a974
13:04:35:134  INFO 3060 --- [item-service] [SpringApplicationShutdownHook] com.alibaba.nacos.client.naming          : Shutdown grpc redo service executor java.util.concurrent.ScheduledThreadPoolExecutor@18d6ac02[Running, pool size = 1, active threads = 0, queued tasks = 1, completed tasks = 673]
13:04:35:135  INFO 3060 --- [item-service] [SpringApplicationShutdownHook] com.alibaba.nacos.common.remote.client   : Shutdown rpc client, set status to shutdown
13:04:35:136  INFO 3060 --- [item-service] [SpringApplicationShutdownHook] com.alibaba.nacos.common.remote.client   : Shutdown client event executor java.util.concurrent.ScheduledThreadPoolExecutor@7a90796c[Running, pool size = 2, active threads = 2, queued tasks = 0, completed tasks = 0]
13:04:35:136  INFO 3060 --- [item-service] [SpringApplicationShutdownHook] com.alibaba.nacos.common.remote.client   : Close current connection 1780461050952_172.19.0.1_57030
13:04:35:140  INFO 3060 --- [item-service] [nacos-grpc-client-executor-localhost-414] c.a.n.c.remote.client.grpc.GrpcClient    : [1780461050952_172.19.0.1_57030]Ignore complete event,isRunning:false,isAbandon=false
13:04:35:154  INFO 3060 --- [item-service] [SpringApplicationShutdownHook] c.a.n.c.remote.client.grpc.GrpcClient    : Shutdown grpc executor java.util.concurrent.ThreadPoolExecutor@1dfadb7[Running, pool size = 3, active threads = 0, queued tasks = 0, completed tasks = 415]
13:04:35:155  INFO 3060 --- [item-service] [SpringApplicationShutdownHook] com.alibaba.nacos.client.naming          : shutdown and remove naming rpc client  for uuid ->d3db56ca-2df5-4eef-8a1e-93a86411a974
13:04:35:155  INFO 3060 --- [item-service] [SpringApplicationShutdownHook] c.a.n.c.a.r.identify.CredentialWatcher   : [null] CredentialWatcher is stopped
13:04:35:155  INFO 3060 --- [item-service] [SpringApplicationShutdownHook] c.a.n.c.a.r.identify.CredentialService   : [null] CredentialService is freed
13:04:35:155  INFO 3060 --- [item-service] [SpringApplicationShutdownHook] com.alibaba.nacos.client.naming          : com.alibaba.nacos.client.naming.remote.NamingClientProxyDelegate do shutdown stop
13:04:35:163  INFO 3060 --- [item-service] [SpringApplicationShutdownHook] com.zaxxer.hikari.HikariDataSource       : HikariPool-1 - Shutdown initiated...
13:04:35:170  INFO 3060 --- [item-service] [SpringApplicationShutdownHook] com.zaxxer.hikari.HikariDataSource       : HikariPool-1 - Shutdown completed.
13:04:55:865  INFO 11440 --- [item-service] [main] c.alibaba.nacos.client.utils.ParamUtil   : [settings] [req-serv] nacos-server port:8848
13:04:55:867  INFO 11440 --- [item-service] [main] c.alibaba.nacos.client.utils.ParamUtil   : [settings] [http-client] connect timeout:1000
13:04:55:867  INFO 11440 --- [item-service] [Thread-2] c.a.n.c.a.r.identify.CredentialWatcher   : null No credential found
13:04:55:868  INFO 11440 --- [item-service] [main] c.alibaba.nacos.client.utils.ParamUtil   : PER_TASK_CONFIG_SIZE: 3000.0
13:04:55:891  INFO 11440 --- [item-service] [main] com.alibaba.nacos.common.labels          : DefaultLabelsCollectorManager get labels.....
13:04:55:891  INFO 11440 --- [item-service] [main] com.alibaba.nacos.common.labels          : Process LabelsCollector with [name:defaultNacosLabelsCollector]
13:04:55:891  INFO 11440 --- [item-service] [main] com.alibaba.nacos.common.labels          : default nacos collect properties raw labels: null
13:04:55:892  INFO 11440 --- [item-service] [main] com.alibaba.nacos.common.labels          : default nacos collect properties labels: {}
13:04:55:892  INFO 11440 --- [item-service] [main] com.alibaba.nacos.common.labels          : default nacos collect jvm raw labels: null
13:04:55:892  INFO 11440 --- [item-service] [main] com.alibaba.nacos.common.labels          : default nacos collect jvm labels: {}
13:04:55:893  INFO 11440 --- [item-service] [main] com.alibaba.nacos.common.labels          : default nacos collect env raw labels: null
13:04:55:893  INFO 11440 --- [item-service] [main] com.alibaba.nacos.common.labels          : default nacos collect env labels: {}
13:04:55:893  INFO 11440 --- [item-service] [main] com.alibaba.nacos.common.labels          : DefaultLabelsCollectorManager get labels finished,labels :{}
13:04:55:899  INFO 11440 --- [item-service] [main] c.a.n.p.a.s.c.ClientAuthPluginManager    : [ClientAuthPluginManager] Load ClientAuthService com.alibaba.nacos.client.auth.impl.NacosClientAuthServiceImpl success.
13:04:55:899  INFO 11440 --- [item-service] [main] c.a.n.p.a.s.c.ClientAuthPluginManager    : [ClientAuthPluginManager] Load ClientAuthService com.alibaba.nacos.client.auth.ram.RamClientAuthServiceImpl success.
13:04:55:905  INFO 11440 --- [item-service] [main] c.a.n.c.c.impl.LocalConfigInfoProcessor  : LOCAL_SNAPSHOT_PATH:C:\Users\14416\nacos\config
13:04:55:908  INFO 11440 --- [item-service] [main] com.alibaba.nacos.common.remote.client   : [RpcClientFactory] create a new rpc client of 2583dc35-7eea-4ef5-a030-d41b1bf53328_config-0
13:04:55:930  INFO 11440 --- [item-service] [main] com.alibaba.nacos.common.remote.client   : [2583dc35-7eea-4ef5-a030-d41b1bf53328_config-0] Register server push request handler:com.alibaba.nacos.client.config.impl.ClientWorker$ConfigRpcTransportClient$$Lambda/0x0000026dad384bb0
13:04:55:930  INFO 11440 --- [item-service] [main] com.alibaba.nacos.common.remote.client   : [2583dc35-7eea-4ef5-a030-d41b1bf53328_config-0] Register server push request handler:com.alibaba.nacos.client.config.impl.ClientWorker$ConfigRpcTransportClient$$Lambda/0x0000026dad384fe0
13:04:55:930  INFO 11440 --- [item-service] [main] com.alibaba.nacos.common.remote.client   : [2583dc35-7eea-4ef5-a030-d41b1bf53328_config-0] Registry connection listener to current client:com.alibaba.nacos.client.config.impl.ClientWorker$ConfigRpcTransportClient$1
13:04:55:930  INFO 11440 --- [item-service] [main] com.alibaba.nacos.common.remote.client   : [2583dc35-7eea-4ef5-a030-d41b1bf53328_config-0] RpcClient init, ServerListFactory = com.alibaba.nacos.client.config.impl.ClientWorker$ConfigRpcTransportClient$2
13:04:55:935  INFO 11440 --- [item-service] [main] com.alibaba.nacos.common.remote.client   : [2583dc35-7eea-4ef5-a030-d41b1bf53328_config-0] Try to connect to server on start up, server: {serverIp = 'localhost', server main port = 8848}
13:04:55:972  INFO 11440 --- [item-service] [main] c.a.n.c.remote.client.grpc.GrpcClient    : grpc client connection server:localhost ip,serverPort:9848,grpcTslConfig:{"sslProvider":"","enableTls":false,"mutualAuthEnable":false,"trustAll":false}
13:04:56:550  INFO 11440 --- [item-service] [main] c.a.n.c.a.AbstractAbilityControlManager  : Ready to get current node abilities...
13:04:56:552  INFO 11440 --- [item-service] [main] c.a.n.c.a.AbstractAbilityControlManager  : Ready to initialize current node abilities, support modes: [SDK_CLIENT]
13:04:56:553  INFO 11440 --- [item-service] [main] c.a.n.c.a.AbstractAbilityControlManager  : Initialize current abilities finish...
13:04:56:553  INFO 11440 --- [item-service] [main] c.a.n.c.a.d.NacosAbilityManagerHolder    : [AbilityControlManager] Successfully initialize AbilityControlManager
13:04:56:574  INFO 11440 --- [item-service] [main] com.alibaba.nacos.common.remote.client   : [2583dc35-7eea-4ef5-a030-d41b1bf53328_config-0] Success to connect to server [localhost:8848] on start up, connectionId = 1780463096449_172.19.0.1_42872
13:04:56:576  INFO 11440 --- [item-service] [com.alibaba.nacos.client.remote.worker.0] com.alibaba.nacos.common.remote.client   : [2583dc35-7eea-4ef5-a030-d41b1bf53328_config-0] Notify connected event to listeners.
13:04:56:576  INFO 11440 --- [item-service] [com.alibaba.nacos.client.remote.worker.0] c.a.n.client.config.impl.ClientWorker    : [2583dc35-7eea-4ef5-a030-d41b1bf53328_config-0] Connected,notify listen context...
13:04:56:576  INFO 11440 --- [item-service] [main] com.alibaba.nacos.common.remote.client   : [2583dc35-7eea-4ef5-a030-d41b1bf53328_config-0] Register server push request handler:com.alibaba.nacos.common.remote.client.RpcClient$ConnectResetRequestHandler
13:04:56:576  INFO 11440 --- [item-service] [main] com.alibaba.nacos.common.remote.client   : [2583dc35-7eea-4ef5-a030-d41b1bf53328_config-0] Register server push request handler:com.alibaba.nacos.common.remote.client.RpcClient$$Lambda/0x0000026dad518230
13:04:56:624  INFO 11440 --- [item-service] [main] c.a.nacos.client.config.impl.Limiter     : limitTime:5.0
13:04:56:642  WARN 11440 --- [item-service] [main] c.a.c.n.c.NacosPropertySourceBuilder     : Ignore the empty nacos configuration and get it based on dataId[item-service] & group[DEFAULT_GROUP]
13:04:56:650  WARN 11440 --- [item-service] [main] c.a.c.n.c.NacosPropertySourceBuilder     : Ignore the empty nacos configuration and get it based on dataId[item-service.yaml] & group[DEFAULT_GROUP]
13:04:56:656  WARN 11440 --- [item-service] [main] c.a.c.n.c.NacosPropertySourceBuilder     : Ignore the empty nacos configuration and get it based on dataId[item-service-local.yaml] & group[DEFAULT_GROUP]
13:04:56:657  INFO 11440 --- [item-service] [main] b.c.PropertySourceBootstrapConfiguration : Located property source: [BootstrapPropertySource {name='bootstrapProperties-item-service-local.yaml,DEFAULT_GROUP'}, BootstrapPropertySource {name='bootstrapProperties-item-service.yaml,DEFAULT_GROUP'}, BootstrapPropertySource {name='bootstrapProperties-item-service,DEFAULT_GROUP'}]
13:04:56:669  INFO 11440 --- [item-service] [main] com.digital.mall.item.ItemApplication    : The following 1 profile is active: "local"
13:04:57:566  INFO 11440 --- [item-service] [main] .s.d.r.c.RepositoryConfigurationDelegate : Multiple Spring Data modules found, entering strict repository configuration mode
13:04:57:570  INFO 11440 --- [item-service] [main] .s.d.r.c.RepositoryConfigurationDelegate : Bootstrapping Spring Data Redis repositories in DEFAULT mode.
13:04:57:599  INFO 11440 --- [item-service] [main] .s.d.r.c.RepositoryConfigurationDelegate : Finished Spring Data repository scanning in 11 ms. Found 0 Redis repository interfaces.
13:04:57:880  INFO 11440 --- [item-service] [main] o.s.cloud.context.scope.GenericScope     : BeanFactory id=d0dbacba-a863-3669-8fda-fc8f0287dd8d
13:04:58:143  WARN 11440 --- [item-service] [main] trationDelegate$BeanPostProcessorChecker : Bean 'org.springframework.cloud.client.loadbalancer.LoadBalancerAutoConfiguration$DeferringLoadBalancerInterceptorConfig' of type [org.springframework.cloud.client.loadbalancer.LoadBalancerAutoConfiguration$DeferringLoadBalancerInterceptorConfig] is not eligible for getting processed by all BeanPostProcessors (for example: not eligible for auto-proxying). The currently created BeanPostProcessor [lbRestClientPostProcessor] is declared through a non-static factory method on that class; consider declaring it as static instead.
13:04:58:145  WARN 11440 --- [item-service] [main] trationDelegate$BeanPostProcessorChecker : Bean 'deferringLoadBalancerInterceptor' of type [org.springframework.cloud.client.loadbalancer.DeferringLoadBalancerInterceptor] is not eligible for getting processed by all BeanPostProcessors (for example: not eligible for auto-proxying). Is this bean getting eagerly injected into a currently created BeanPostProcessor [lbRestClientPostProcessor]? Check the corresponding BeanPostProcessor declaration and its dependencies.
13:04:58:378  INFO 11440 --- [item-service] [main] o.s.b.w.embedded.tomcat.TomcatWebServer  : Tomcat initialized with port 8081 (http)
13:04:58:392  INFO 11440 --- [item-service] [main] o.apache.catalina.core.StandardService   : Starting service [Tomcat]
13:04:58:392  INFO 11440 --- [item-service] [main] o.apache.catalina.core.StandardEngine    : Starting Servlet engine: [Apache Tomcat/10.1.26]
13:04:58:464  INFO 11440 --- [item-service] [main] o.a.c.c.C.[Tomcat].[localhost].[/]       : Initializing Spring embedded WebApplicationContext
13:04:58:464  INFO 11440 --- [item-service] [main] w.s.c.ServletWebServerApplicationContext : Root WebApplicationContext: initialization completed in 1777 ms
13:04:59:359  INFO 11440 --- [item-service] [main] org.redisson.Version                     : Redisson 3.27.0
13:04:59:605  INFO 11440 --- [item-service] [redisson-netty-1-5] o.redisson.connection.ConnectionsHolder  : 1 connections initialized for localhost/127.0.0.1:6379
13:04:59:672  INFO 11440 --- [item-service] [redisson-netty-1-20] o.redisson.connection.ConnectionsHolder  : 24 connections initialized for localhost/127.0.0.1:6379
13:05:00:448  INFO 11440 --- [item-service] [main] o.s.b.a.e.web.EndpointLinksResolver      : Exposing 1 endpoint(s) beneath base path '/actuator'
13:05:00:524  INFO 11440 --- [item-service] [main] o.s.b.w.embedded.tomcat.TomcatWebServer  : Tomcat started on port 8081 (http) with context path ''
13:05:00:527  INFO 11440 --- [item-service] [main] com.alibaba.nacos.client.naming          : initializer namespace from ans.namespace attribute : null
13:05:00:529  INFO 11440 --- [item-service] [main] com.alibaba.nacos.client.naming          : initializer namespace from ALIBABA_ALIWARE_NAMESPACE attribute :null
13:05:00:529  INFO 11440 --- [item-service] [main] com.alibaba.nacos.client.naming          : initializer namespace from namespace attribute :null
13:05:00:531  INFO 11440 --- [item-service] [main] com.alibaba.nacos.client.naming          : FailoverDataSource type is class com.alibaba.nacos.client.naming.backups.datasource.DiskFailoverDataSource
13:05:00:535  INFO 11440 --- [item-service] [main] c.a.n.p.a.s.c.ClientAuthPluginManager    : [ClientAuthPluginManager] Load ClientAuthService com.alibaba.nacos.client.auth.impl.NacosClientAuthServiceImpl success.
13:05:00:535  INFO 11440 --- [item-service] [main] c.a.n.p.a.s.c.ClientAuthPluginManager    : [ClientAuthPluginManager] Load ClientAuthService com.alibaba.nacos.client.auth.ram.RamClientAuthServiceImpl success.
13:05:00:538  INFO 11440 --- [item-service] [main] com.alibaba.nacos.common.remote.client   : [RpcClientFactory] create a new rpc client of 6763f567-c2f2-48c5-807c-9444a7c65316
13:05:00:540  INFO 11440 --- [item-service] [main] com.alibaba.nacos.client.naming          : Create naming rpc client for uuid->6763f567-c2f2-48c5-807c-9444a7c65316
13:05:00:540  INFO 11440 --- [item-service] [main] com.alibaba.nacos.common.remote.client   : [6763f567-c2f2-48c5-807c-9444a7c65316] RpcClient init, ServerListFactory = com.alibaba.nacos.client.naming.core.ServerListManager
13:05:00:540  INFO 11440 --- [item-service] [main] com.alibaba.nacos.common.remote.client   : [6763f567-c2f2-48c5-807c-9444a7c65316] Registry connection listener to current client:com.alibaba.nacos.client.naming.remote.gprc.redo.NamingGrpcRedoService
13:05:00:540  INFO 11440 --- [item-service] [main] com.alibaba.nacos.common.remote.client   : [6763f567-c2f2-48c5-807c-9444a7c65316] Register server push request handler:com.alibaba.nacos.client.naming.remote.gprc.NamingPushRequestHandler
13:05:00:541  INFO 11440 --- [item-service] [main] com.alibaba.nacos.common.remote.client   : [6763f567-c2f2-48c5-807c-9444a7c65316] Try to connect to server on start up, server: {serverIp = 'localhost', server main port = 8848}
13:05:00:541  INFO 11440 --- [item-service] [main] c.a.n.c.remote.client.grpc.GrpcClient    : grpc client connection server:localhost ip,serverPort:9848,grpcTslConfig:{"sslProvider":"","enableTls":false,"mutualAuthEnable":false,"trustAll":false}
13:05:00:558  INFO 11440 --- [item-service] [main] com.alibaba.nacos.common.remote.client   : [6763f567-c2f2-48c5-807c-9444a7c65316] Success to connect to server [localhost:8848] on start up, connectionId = 1780463100548_172.19.0.1_42896
13:05:00:558  INFO 11440 --- [item-service] [main] com.alibaba.nacos.common.remote.client   : [6763f567-c2f2-48c5-807c-9444a7c65316] Register server push request handler:com.alibaba.nacos.common.remote.client.RpcClient$ConnectResetRequestHandler
13:05:00:558  INFO 11440 --- [item-service] [main] com.alibaba.nacos.common.remote.client   : [6763f567-c2f2-48c5-807c-9444a7c65316] Register server push request handler:com.alibaba.nacos.common.remote.client.RpcClient$$Lambda/0x0000026dad518230
13:05:00:558  INFO 11440 --- [item-service] [com.alibaba.nacos.client.remote.worker.0] com.alibaba.nacos.common.remote.client   : [6763f567-c2f2-48c5-807c-9444a7c65316] Notify connected event to listeners.
13:05:00:558  INFO 11440 --- [item-service] [com.alibaba.nacos.client.remote.worker.0] com.alibaba.nacos.client.naming          : Grpc connection connect
13:05:00:559  INFO 11440 --- [item-service] [main] com.alibaba.nacos.client.naming          : [REGISTER-SERVICE] public registering service item-service with instance Instance{instanceId='null', ip='100.2.20.214', port=8081, weight=1.0, healthy=true, enabled=true, ephemeral=true, clusterName='', serviceName='null', metadata={IPv6=null, preserved.register.source=SPRING_CLOUD}}
13:05:00:574  INFO 11440 --- [item-service] [main] c.a.c.n.registry.NacosServiceRegistry    : nacos registry, DEFAULT_GROUP item-service 100.2.20.214:8081 register finished
13:05:00:588  INFO 11440 --- [item-service] [main] com.digital.mall.item.ItemApplication    : Started ItemApplication in 5.67 seconds (process running for 6.252)
13:05:00:595  INFO 11440 --- [item-service] [main] c.a.nacos.client.config.impl.CacheData   : config listener notify warn timeout millis use default 60000 millis 
13:05:00:596  INFO 11440 --- [item-service] [main] c.a.nacos.client.config.impl.CacheData   : nacos.cache.data.init.snapshot = true 
13:05:00:596  INFO 11440 --- [item-service] [main] c.a.n.client.config.impl.ClientWorker    : [fixed-localhost_8848] [subscribe] item-service.yaml+DEFAULT_GROUP
13:05:00:604  INFO 11440 --- [item-service] [main] c.a.nacos.client.config.impl.CacheData   : [fixed-localhost_8848] [add-listener] ok, tenant=, dataId=item-service.yaml, group=DEFAULT_GROUP, cnt=1
13:05:00:604  INFO 11440 --- [item-service] [main] c.a.c.n.refresh.NacosContextRefresher    : [Nacos Config] Listening config: dataId=item-service.yaml, group=DEFAULT_GROUP
13:05:00:604  INFO 11440 --- [item-service] [main] c.a.n.client.config.impl.ClientWorker    : [fixed-localhost_8848] [subscribe] item-service-local.yaml+DEFAULT_GROUP
13:05:00:604  INFO 11440 --- [item-service] [main] c.a.nacos.client.config.impl.CacheData   : [fixed-localhost_8848] [add-listener] ok, tenant=, dataId=item-service-local.yaml, group=DEFAULT_GROUP, cnt=1
13:05:00:604  INFO 11440 --- [item-service] [main] c.a.c.n.refresh.NacosContextRefresher    : [Nacos Config] Listening config: dataId=item-service-local.yaml, group=DEFAULT_GROUP
13:05:00:605  INFO 11440 --- [item-service] [main] c.a.n.client.config.impl.ClientWorker    : [fixed-localhost_8848] [subscribe] item-service+DEFAULT_GROUP
13:05:00:605  INFO 11440 --- [item-service] [main] c.a.nacos.client.config.impl.CacheData   : [fixed-localhost_8848] [add-listener] ok, tenant=, dataId=item-service, group=DEFAULT_GROUP, cnt=1
13:05:00:605  INFO 11440 --- [item-service] [main] c.a.c.n.refresh.NacosContextRefresher    : [Nacos Config] Listening config: dataId=item-service, group=DEFAULT_GROUP
13:05:01:133  INFO 11440 --- [item-service] [RMI TCP Connection(3)-100.2.20.214] o.s.a.r.c.CachingConnectionFactory       : Attempting to connect to: [localhost:5672]
13:05:01:133  INFO 11440 --- [item-service] [RMI TCP Connection(2)-100.2.20.214] o.a.c.c.C.[Tomcat].[localhost].[/]       : Initializing Spring DispatcherServlet 'dispatcherServlet'
13:05:01:133  INFO 11440 --- [item-service] [RMI TCP Connection(2)-100.2.20.214] o.s.web.servlet.DispatcherServlet        : Initializing Servlet 'dispatcherServlet'
13:05:01:135  INFO 11440 --- [item-service] [RMI TCP Connection(2)-100.2.20.214] o.s.web.servlet.DispatcherServlet        : Completed initialization in 2 ms
13:05:01:173  INFO 11440 --- [item-service] [RMI TCP Connection(3)-100.2.20.214] o.s.a.r.c.CachingConnectionFactory       : Created new connection: rabbitConnectionFactory#1131fcfd:0/SimpleConnection@3e22d30a [delegate=amqp://guest@127.0.0.1:5672/, localPort=50081]
13:05:01:196  INFO 11440 --- [item-service] [RMI TCP Connection(3)-100.2.20.214] com.zaxxer.hikari.HikariDataSource       : HikariPool-1 - Starting...
13:05:01:314  INFO 11440 --- [item-service] [RMI TCP Connection(3)-100.2.20.214] com.zaxxer.hikari.pool.HikariPool        : HikariPool-1 - Added connection org.postgresql.jdbc.PgConnection@4db6a82e
13:05:01:317  INFO 11440 --- [item-service] [RMI TCP Connection(3)-100.2.20.214] com.zaxxer.hikari.HikariDataSource       : HikariPool-1 - Start completed.
13:05:27:310  INFO 11440 --- [item-service] [http-nio-8081-exec-1] c.d.m.c.interceptor.UserinfoInterceptor  : [UserinfoInterceptor] request=/items user-info=2061794238225747970
13:05:27:367 DEBUG 11440 --- [item-service] [http-nio-8081-exec-1] c.d.m.i.m.ItemMapper.selectBatchIds      : ==>  Preparing: SELECT id,name,price,stock,image,category,brand,spec,sold,comment_count,is_ad,status,create_time,update_time,creater,updater FROM item WHERE id IN ( ? , ? , ? , ? )
13:05:27:378 DEBUG 11440 --- [item-service] [http-nio-8081-exec-1] c.d.m.i.m.ItemMapper.selectBatchIds      : ==> Parameters: 176(Long), 177(Long), 163(Long), 172(Long)
13:05:27:405 DEBUG 11440 --- [item-service] [http-nio-8081-exec-1] c.d.m.i.m.ItemMapper.selectBatchIds      : <==      Total: 4
13:05:29:832  INFO 11440 --- [item-service] [http-nio-8081-exec-2] c.d.m.c.interceptor.UserinfoInterceptor  : [UserinfoInterceptor] request=/items/page user-info=null
13:05:29:976 DEBUG 11440 --- [item-service] [http-nio-8081-exec-2] c.d.m.i.m.ItemMapper.selectList_mpCount  : ==>  Preparing: SELECT COUNT(*) AS total FROM item
13:05:29:977 DEBUG 11440 --- [item-service] [http-nio-8081-exec-2] c.d.m.i.m.ItemMapper.selectList_mpCount  : ==> Parameters: 
13:05:29:985 DEBUG 11440 --- [item-service] [http-nio-8081-exec-2] c.d.m.i.m.ItemMapper.selectList_mpCount  : <==      Total: 1
13:05:29:998 DEBUG 11440 --- [item-service] [http-nio-8081-exec-2] c.d.m.item.mapper.ItemMapper.selectList  : ==>  Preparing: SELECT id, name, price, stock, image, category, brand, spec, sold, comment_count, is_ad, status, create_time, update_time, creater, updater FROM item ORDER BY update_time DESC LIMIT ?
13:05:29:998 DEBUG 11440 --- [item-service] [http-nio-8081-exec-2] c.d.m.item.mapper.ItemMapper.selectList  : ==> Parameters: 20(Long)
13:05:30:011 DEBUG 11440 --- [item-service] [http-nio-8081-exec-2] c.d.m.item.mapper.ItemMapper.selectList  : <==      Total: 20
13:05:35:490  INFO 11440 --- [item-service] [http-nio-8081-exec-3] c.d.m.c.interceptor.UserinfoInterceptor  : [UserinfoInterceptor] request=/items/page user-info=null
13:05:35:504 DEBUG 11440 --- [item-service] [http-nio-8081-exec-3] c.d.m.i.m.ItemMapper.selectList_mpCount  : ==>  Preparing: SELECT COUNT(*) AS total FROM item
13:05:35:504 DEBUG 11440 --- [item-service] [http-nio-8081-exec-3] c.d.m.i.m.ItemMapper.selectList_mpCount  : ==> Parameters: 
13:05:35:506 DEBUG 11440 --- [item-service] [http-nio-8081-exec-3] c.d.m.i.m.ItemMapper.selectList_mpCount  : <==      Total: 1
13:05:35:514 DEBUG 11440 --- [item-service] [http-nio-8081-exec-3] c.d.m.item.mapper.ItemMapper.selectList  : ==>  Preparing: SELECT id, name, price, stock, image, category, brand, spec, sold, comment_count, is_ad, status, create_time, update_time, creater, updater FROM item ORDER BY update_time DESC LIMIT ?
13:05:35:515 DEBUG 11440 --- [item-service] [http-nio-8081-exec-3] c.d.m.item.mapper.ItemMapper.selectList  : ==> Parameters: 20(Long)
13:05:35:520 DEBUG 11440 --- [item-service] [http-nio-8081-exec-3] c.d.m.item.mapper.ItemMapper.selectList  : <==      Total: 20
13:05:35:601  INFO 11440 --- [item-service] [http-nio-8081-exec-4] c.d.m.c.interceptor.UserinfoInterceptor  : [UserinfoInterceptor] request=/items user-info=2061794238225747970
13:05:35:603 DEBUG 11440 --- [item-service] [http-nio-8081-exec-4] c.d.m.i.m.ItemMapper.selectBatchIds      : ==>  Preparing: SELECT id,name,price,stock,image,category,brand,spec,sold,comment_count,is_ad,status,create_time,update_time,creater,updater FROM item WHERE id IN ( ? , ? , ? , ? )
13:05:35:603 DEBUG 11440 --- [item-service] [http-nio-8081-exec-4] c.d.m.i.m.ItemMapper.selectBatchIds      : ==> Parameters: 176(Long), 177(Long), 163(Long), 172(Long)
13:05:35:606 DEBUG 11440 --- [item-service] [http-nio-8081-exec-4] c.d.m.i.m.ItemMapper.selectBatchIds      : <==      Total: 4
13:05:36:596  INFO 11440 --- [item-service] [http-nio-8081-exec-8] c.d.m.c.interceptor.UserinfoInterceptor  : [UserinfoInterceptor] request=/items user-info=2061794238225747970
13:05:36:599 DEBUG 11440 --- [item-service] [http-nio-8081-exec-8] c.d.m.i.m.ItemMapper.selectBatchIds      : ==>  Preparing: SELECT id,name,price,stock,image,category,brand,spec,sold,comment_count,is_ad,status,create_time,update_time,creater,updater FROM item WHERE id IN ( ? , ? , ? , ? )
13:05:36:599 DEBUG 11440 --- [item-service] [http-nio-8081-exec-8] c.d.m.i.m.ItemMapper.selectBatchIds      : ==> Parameters: 176(Long), 177(Long), 163(Long), 172(Long)
13:05:36:602 DEBUG 11440 --- [item-service] [http-nio-8081-exec-8] c.d.m.i.m.ItemMapper.selectBatchIds      : <==      Total: 4
13:05:36:700  INFO 11440 --- [item-service] [http-nio-8081-exec-6] c.d.m.c.interceptor.UserinfoInterceptor  : [UserinfoInterceptor] request=/items user-info=2061794238225747970
13:05:36:701 DEBUG 11440 --- [item-service] [http-nio-8081-exec-6] c.d.m.i.m.ItemMapper.selectBatchIds      : ==>  Preparing: SELECT id,name,price,stock,image,category,brand,spec,sold,comment_count,is_ad,status,create_time,update_time,creater,updater FROM item WHERE id IN ( ? , ? , ? , ? )
13:05:36:701 DEBUG 11440 --- [item-service] [http-nio-8081-exec-6] c.d.m.i.m.ItemMapper.selectBatchIds      : ==> Parameters: 176(Long), 177(Long), 163(Long), 172(Long)
13:05:36:703 DEBUG 11440 --- [item-service] [http-nio-8081-exec-6] c.d.m.i.m.ItemMapper.selectBatchIds      : <==      Total: 4
13:05:37:546  INFO 11440 --- [item-service] [http-nio-8081-exec-10] c.d.m.c.interceptor.UserinfoInterceptor  : [UserinfoInterceptor] request=/items user-info=2061794238225747970
13:05:37:549 DEBUG 11440 --- [item-service] [http-nio-8081-exec-10] c.d.m.i.m.ItemMapper.selectBatchIds      : ==>  Preparing: SELECT id,name,price,stock,image,category,brand,spec,sold,comment_count,is_ad,status,create_time,update_time,creater,updater FROM item WHERE id IN ( ? , ? , ? , ? )
13:05:37:549 DEBUG 11440 --- [item-service] [http-nio-8081-exec-10] c.d.m.i.m.ItemMapper.selectBatchIds      : ==> Parameters: 176(Long), 177(Long), 163(Long), 172(Long)
13:05:37:551 DEBUG 11440 --- [item-service] [http-nio-8081-exec-10] c.d.m.i.m.ItemMapper.selectBatchIds      : <==      Total: 4
13:05:37:644  INFO 11440 --- [item-service] [http-nio-8081-exec-5] c.d.m.c.interceptor.UserinfoInterceptor  : [UserinfoInterceptor] request=/items user-info=2061794238225747970
13:05:37:645 DEBUG 11440 --- [item-service] [http-nio-8081-exec-5] c.d.m.i.m.ItemMapper.selectBatchIds      : ==>  Preparing: SELECT id,name,price,stock,image,category,brand,spec,sold,comment_count,is_ad,status,create_time,update_time,creater,updater FROM item WHERE id IN ( ? , ? , ? , ? )
13:05:37:645 DEBUG 11440 --- [item-service] [http-nio-8081-exec-5] c.d.m.i.m.ItemMapper.selectBatchIds      : ==> Parameters: 176(Long), 177(Long), 163(Long), 172(Long)
13:05:37:648 DEBUG 11440 --- [item-service] [http-nio-8081-exec-5] c.d.m.i.m.ItemMapper.selectBatchIds      : <==      Total: 4
13:05:38:589  INFO 11440 --- [item-service] [http-nio-8081-exec-9] c.d.m.c.interceptor.UserinfoInterceptor  : [UserinfoInterceptor] request=/items user-info=2061794238225747970
13:05:38:592 DEBUG 11440 --- [item-service] [http-nio-8081-exec-9] c.d.m.i.m.ItemMapper.selectBatchIds      : ==>  Preparing: SELECT id,name,price,stock,image,category,brand,spec,sold,comment_count,is_ad,status,create_time,update_time,creater,updater FROM item WHERE id IN ( ? , ? , ? , ? )
13:05:38:592 DEBUG 11440 --- [item-service] [http-nio-8081-exec-9] c.d.m.i.m.ItemMapper.selectBatchIds      : ==> Parameters: 176(Long), 177(Long), 163(Long), 172(Long)
13:05:38:593 DEBUG 11440 --- [item-service] [http-nio-8081-exec-9] c.d.m.i.m.ItemMapper.selectBatchIds      : <==      Total: 4
13:05:38:736  INFO 11440 --- [item-service] [http-nio-8081-exec-7] c.d.m.c.interceptor.UserinfoInterceptor  : [UserinfoInterceptor] request=/items/stock/deduct user-info=2061794238225747970
13:05:38:747  WARN 11440 --- [item-service] [http-nio-8081-exec-7] c.d.m.item.service.impl.ItemServiceImpl  : SqlSession [org.apache.ibatis.session.defaults.DefaultSqlSession@f67a28c] Transaction not enabled
13:05:38:749 DEBUG 11440 --- [item-service] [http-nio-8081-exec-7] c.d.m.i.mapper.ItemMapper.updateStock    : ==>  Preparing: UPDATE item.item SET stock = stock - ? WHERE id = ? AND stock >= ?
13:05:38:751 DEBUG 11440 --- [item-service] [http-nio-8081-exec-7] c.d.m.i.mapper.ItemMapper.updateStock    : ==> Parameters: 1(Integer), 163(Long), 1(Integer)
13:05:38:752 DEBUG 11440 --- [item-service] [http-nio-8081-exec-7] c.d.m.i.mapper.ItemMapper.updateStock    : ==> Parameters: 1(Integer), 172(Long), 1(Integer)
13:05:38:752 DEBUG 11440 --- [item-service] [http-nio-8081-exec-7] c.d.m.i.mapper.ItemMapper.updateStock    : ==> Parameters: 1(Integer), 177(Long), 1(Integer)
13:05:38:752 DEBUG 11440 --- [item-service] [http-nio-8081-exec-7] c.d.m.i.mapper.ItemMapper.updateStock    : ==> Parameters: 2(Integer), 176(Long), 2(Integer)
13:12:59:622  INFO 11440 --- [item-service] [http-nio-8081-exec-4] c.d.m.c.interceptor.UserinfoInterceptor  : [UserinfoInterceptor] request=/items/page user-info=null
13:12:59:634 DEBUG 11440 --- [item-service] [http-nio-8081-exec-4] c.d.m.i.m.ItemMapper.selectList_mpCount  : ==>  Preparing: SELECT COUNT(*) AS total FROM item
13:12:59:635 DEBUG 11440 --- [item-service] [http-nio-8081-exec-4] c.d.m.i.m.ItemMapper.selectList_mpCount  : ==> Parameters: 
13:12:59:637 DEBUG 11440 --- [item-service] [http-nio-8081-exec-4] c.d.m.i.m.ItemMapper.selectList_mpCount  : <==      Total: 1
13:12:59:645 DEBUG 11440 --- [item-service] [http-nio-8081-exec-4] c.d.m.item.mapper.ItemMapper.selectList  : ==>  Preparing: SELECT id, name, price, stock, image, category, brand, spec, sold, comment_count, is_ad, status, create_time, update_time, creater, updater FROM item ORDER BY update_time DESC LIMIT ?
13:12:59:646 DEBUG 11440 --- [item-service] [http-nio-8081-exec-4] c.d.m.item.mapper.ItemMapper.selectList  : ==> Parameters: 20(Long)
13:12:59:651 DEBUG 11440 --- [item-service] [http-nio-8081-exec-4] c.d.m.item.mapper.ItemMapper.selectList  : <==      Total: 20
13:13:02:667  INFO 11440 --- [item-service] [http-nio-8081-exec-8] c.d.m.c.interceptor.UserinfoInterceptor  : [UserinfoInterceptor] request=/items/brands user-info=null
13:13:02:667  INFO 11440 --- [item-service] [http-nio-8081-exec-6] c.d.m.c.interceptor.UserinfoInterceptor  : [UserinfoInterceptor] request=/items/categories user-info=null
13:13:02:681 ERROR 11440 --- [item-service] [http-nio-8081-exec-8] c.d.m.c.advice.CommonExceptionAdvice     : 未预期异常

org.springframework.web.method.annotation.MethodArgumentTypeMismatchException: Failed to convert value of type 'java.lang.String' to required type 'java.lang.Long'; For input string: "brands"
	at org.springframework.web.method.annotation.AbstractNamedValueMethodArgumentResolver.convertIfNecessary(AbstractNamedValueMethodArgumentResolver.java:302) ~[spring-web-6.1.11.jar:6.1.11]
	at org.springframework.web.method.annotation.AbstractNamedValueMethodArgumentResolver.resolveArgument(AbstractNamedValueMethodArgumentResolver.java:137) ~[spring-web-6.1.11.jar:6.1.11]
	at org.springframework.web.method.support.HandlerMethodArgumentResolverComposite.resolveArgument(HandlerMethodArgumentResolverComposite.java:122) ~[spring-web-6.1.11.jar:6.1.11]
	at org.springframework.web.method.support.InvocableHandlerMethod.getMethodArgumentValues(InvocableHandlerMethod.java:224) ~[spring-web-6.1.11.jar:6.1.11]
	at org.springframework.web.method.support.InvocableHandlerMethod.invokeForRequest(InvocableHandlerMethod.java:178) ~[spring-web-6.1.11.jar:6.1.11]
	at org.springframework.web.servlet.mvc.method.annotation.ServletInvocableHandlerMethod.invokeAndHandle(ServletInvocableHandlerMethod.java:118) ~[spring-webmvc-6.1.11.jar:6.1.11]
	at org.springframework.web.servlet.mvc.method.annotation.RequestMappingHandlerAdapter.invokeHandlerMethod(RequestMappingHandlerAdapter.java:926) ~[spring-webmvc-6.1.11.jar:6.1.11]
	at org.springframework.web.servlet.mvc.method.annotation.RequestMappingHandlerAdapter.handleInternal(RequestMappingHandlerAdapter.java:831) ~[spring-webmvc-6.1.11.jar:6.1.11]
	at org.springframework.web.servlet.mvc.method.AbstractHandlerMethodAdapter.handle(AbstractHandlerMethodAdapter.java:87) ~[spring-webmvc-6.1.11.jar:6.1.11]
	at org.springframework.web.servlet.DispatcherServlet.doDispatch(DispatcherServlet.java:1089) ~[spring-webmvc-6.1.11.jar:6.1.11]
	at org.springframework.web.servlet.DispatcherServlet.doService(DispatcherServlet.java:979) ~[spring-webmvc-6.1.11.jar:6.1.11]
	at org.springframework.web.servlet.FrameworkServlet.processRequest(FrameworkServlet.java:1014) ~[spring-webmvc-6.1.11.jar:6.1.11]
	at org.springframework.web.servlet.FrameworkServlet.doGet(FrameworkServlet.java:903) ~[spring-webmvc-6.1.11.jar:6.1.11]
	at jakarta.servlet.http.HttpServlet.service(HttpServlet.java:564) ~[tomcat-embed-core-10.1.26.jar:10.1.26]
	at org.springframework.web.servlet.FrameworkServlet.service(FrameworkServlet.java:885) ~[spring-webmvc-6.1.11.jar:6.1.11]
	at jakarta.servlet.http.HttpServlet.service(HttpServlet.java:658) ~[tomcat-embed-core-10.1.26.jar:10.1.26]
	at org.apache.catalina.core.ApplicationFilterChain.internalDoFilter(ApplicationFilterChain.java:195) ~[tomcat-embed-core-10.1.26.jar:10.1.26]
	at org.apache.catalina.core.ApplicationFilterChain.doFilter(ApplicationFilterChain.java:140) ~[tomcat-embed-core-10.1.26.jar:10.1.26]
	at org.apache.tomcat.websocket.server.WsFilter.doFilter(WsFilter.java:51) ~[tomcat-embed-websocket-10.1.26.jar:10.1.26]
	at org.apache.catalina.core.ApplicationFilterChain.internalDoFilter(ApplicationFilterChain.java:164) ~[tomcat-embed-core-10.1.26.jar:10.1.26]
	at org.apache.catalina.core.ApplicationFilterChain.doFilter(ApplicationFilterChain.java:140) ~[tomcat-embed-core-10.1.26.jar:10.1.26]
	at org.springframework.web.filter.RequestContextFilter.doFilterInternal(RequestContextFilter.java:100) ~[spring-web-6.1.11.jar:6.1.11]
	at org.springframework.web.filter.OncePerRequestFilter.doFilter(OncePerRequestFilter.java:116) ~[spring-web-6.1.11.jar:6.1.11]
	at org.apache.catalina.core.ApplicationFilterChain.internalDoFilter(ApplicationFilterChain.java:164) ~[tomcat-embed-core-10.1.26.jar:10.1.26]
	at org.apache.catalina.core.ApplicationFilterChain.doFilter(ApplicationFilterChain.java:140) ~[tomcat-embed-core-10.1.26.jar:10.1.26]
	at org.springframework.web.filter.FormContentFilter.doFilterInternal(FormContentFilter.java:93) ~[spring-web-6.1.11.jar:6.1.11]
	at org.springframework.web.filter.OncePerRequestFilter.doFilter(OncePerRequestFilter.java:116) ~[spring-web-6.1.11.jar:6.1.11]
	at org.apache.catalina.core.ApplicationFilterChain.internalDoFilter(ApplicationFilterChain.java:164) ~[tomcat-embed-core-10.1.26.jar:10.1.26]
	at org.apache.catalina.core.ApplicationFilterChain.doFilter(ApplicationFilterChain.java:140) ~[tomcat-embed-core-10.1.26.jar:10.1.26]
	at org.springframework.web.filter.ServerHttpObservationFilter.doFilterInternal(ServerHttpObservationFilter.java:113) ~[spring-web-6.1.11.jar:6.1.11]
	at org.springframework.web.filter.OncePerRequestFilter.doFilter(OncePerRequestFilter.java:116) ~[spring-web-6.1.11.jar:6.1.11]
	at org.apache.catalina.core.ApplicationFilterChain.internalDoFilter(ApplicationFilterChain.java:164) ~[tomcat-embed-core-10.1.26.jar:10.1.26]
	at org.apache.catalina.core.ApplicationFilterChain.doFilter(ApplicationFilterChain.java:140) ~[tomcat-embed-core-10.1.26.jar:10.1.26]
	at org.springframework.web.filter.CharacterEncodingFilter.doFilterInternal(CharacterEncodingFilter.java:201) ~[spring-web-6.1.11.jar:6.1.11]
	at org.springframework.web.filter.OncePerRequestFilter.doFilter(OncePerRequestFilter.java:116) ~[spring-web-6.1.11.jar:6.1.11]
	at org.apache.catalina.core.ApplicationFilterChain.internalDoFilter(ApplicationFilterChain.java:164) ~[tomcat-embed-core-10.1.26.jar:10.1.26]
	at org.apache.catalina.core.ApplicationFilterChain.doFilter(ApplicationFilterChain.java:140) ~[tomcat-embed-core-10.1.26.jar:10.1.26]
	at org.apache.catalina.core.StandardWrapperValve.invoke(StandardWrapperValve.java:167) ~[tomcat-embed-core-10.1.26.jar:10.1.26]
	at org.apache.catalina.core.StandardContextValve.invoke(StandardContextValve.java:90) ~[tomcat-embed-core-10.1.26.jar:10.1.26]
	at org.apache.catalina.authenticator.AuthenticatorBase.invoke(AuthenticatorBase.java:483) ~[tomcat-embed-core-10.1.26.jar:10.1.26]
	at org.apache.catalina.core.StandardHostValve.invoke(StandardHostValve.java:115) ~[tomcat-embed-core-10.1.26.jar:10.1.26]
	at org.apache.catalina.valves.ErrorReportValve.invoke(ErrorReportValve.java:93) ~[tomcat-embed-core-10.1.26.jar:10.1.26]
	at org.apache.catalina.core.StandardEngineValve.invoke(StandardEngineValve.java:74) ~[tomcat-embed-core-10.1.26.jar:10.1.26]
	at org.apache.catalina.connector.CoyoteAdapter.service(CoyoteAdapter.java:344) ~[tomcat-embed-core-10.1.26.jar:10.1.26]
	at org.apache.coyote.http11.Http11Processor.service(Http11Processor.java:389) ~[tomcat-embed-core-10.1.26.jar:10.1.26]
	at org.apache.coyote.AbstractProcessorLight.process(AbstractProcessorLight.java:63) ~[tomcat-embed-core-10.1.26.jar:10.1.26]
	at org.apache.coyote.AbstractProtocol$ConnectionHandler.process(AbstractProtocol.java:904) ~[tomcat-embed-core-10.1.26.jar:10.1.26]
	at org.apache.tomcat.util.net.NioEndpoint$SocketProcessor.doRun(NioEndpoint.java:1741) ~[tomcat-embed-core-10.1.26.jar:10.1.26]
	at org.apache.tomcat.util.net.SocketProcessorBase.run(SocketProcessorBase.java:52) ~[tomcat-embed-core-10.1.26.jar:10.1.26]
	at org.apache.tomcat.util.threads.ThreadPoolExecutor.runWorker(ThreadPoolExecutor.java:1190) ~[tomcat-embed-core-10.1.26.jar:10.1.26]
	at org.apache.tomcat.util.threads.ThreadPoolExecutor$Worker.run(ThreadPoolExecutor.java:659) ~[tomcat-embed-core-10.1.26.jar:10.1.26]
	at org.apache.tomcat.util.threads.TaskThread$WrappingRunnable.run(TaskThread.java:63) ~[tomcat-embed-core-10.1.26.jar:10.1.26]
	at java.base/java.lang.Thread.run(Thread.java:1583) ~[na:na]
Caused by: java.lang.NumberFormatException: For input string: "brands"
	at java.base/java.lang.NumberFormatException.forInputString(NumberFormatException.java:67) ~[na:na]
	at java.base/java.lang.Long.parseLong(Long.java:709) ~[na:na]
	at java.base/java.lang.Long.valueOf(Long.java:1157) ~[na:na]
	at org.springframework.util.NumberUtils.parseNumber(NumberUtils.java:206) ~[spring-core-6.1.11.jar:6.1.11]
	at org.springframework.beans.propertyeditors.CustomNumberEditor.setAsText(CustomNumberEditor.java:115) ~[spring-beans-6.1.11.jar:6.1.11]
	at org.springframework.beans.TypeConverterDelegate.doConvertTextValue(TypeConverterDelegate.java:439) ~[spring-beans-6.1.11.jar:6.1.11]
	at org.springframework.beans.TypeConverterDelegate.doConvertValue(TypeConverterDelegate.java:412) ~[spring-beans-6.1.11.jar:6.1.11]
	at org.springframework.beans.TypeConverterDelegate.convertIfNecessary(TypeConverterDelegate.java:161) ~[spring-beans-6.1.11.jar:6.1.11]
	at org.springframework.beans.TypeConverterSupport.convertIfNecessary(TypeConverterSupport.java:80) ~[spring-beans-6.1.11.jar:6.1.11]
	at org.springframework.beans.TypeConverterSupport.convertIfNecessary(TypeConverterSupport.java:53) ~[spring-beans-6.1.11.jar:6.1.11]
	at org.springframework.validation.DataBinder.convertIfNecessary(DataBinder.java:860) ~[spring-context-6.1.11.jar:6.1.11]
	at org.springframework.web.method.annotation.AbstractNamedValueMethodArgumentResolver.convertIfNecessary(AbstractNamedValueMethodArgumentResolver.java:294) ~[spring-web-6.1.11.jar:6.1.11]
	... 52 common frames omitted

13:13:02:679 ERROR 11440 --- [item-service] [http-nio-8081-exec-6] c.d.m.c.advice.CommonExceptionAdvice     : 未预期异常

org.springframework.web.method.annotation.MethodArgumentTypeMismatchException: Failed to convert value of type 'java.lang.String' to required type 'java.lang.Long'; For input string: "categories"
	at org.springframework.web.method.annotation.AbstractNamedValueMethodArgumentResolver.convertIfNecessary(AbstractNamedValueMethodArgumentResolver.java:302) ~[spring-web-6.1.11.jar:6.1.11]
	at org.springframework.web.method.annotation.AbstractNamedValueMethodArgumentResolver.resolveArgument(AbstractNamedValueMethodArgumentResolver.java:137) ~[spring-web-6.1.11.jar:6.1.11]
	at org.springframework.web.method.support.HandlerMethodArgumentResolverComposite.resolveArgument(HandlerMethodArgumentResolverComposite.java:122) ~[spring-web-6.1.11.jar:6.1.11]
	at org.springframework.web.method.support.InvocableHandlerMethod.getMethodArgumentValues(InvocableHandlerMethod.java:224) ~[spring-web-6.1.11.jar:6.1.11]
	at org.springframework.web.method.support.InvocableHandlerMethod.invokeForRequest(InvocableHandlerMethod.java:178) ~[spring-web-6.1.11.jar:6.1.11]
	at org.springframework.web.servlet.mvc.method.annotation.ServletInvocableHandlerMethod.invokeAndHandle(ServletInvocableHandlerMethod.java:118) ~[spring-webmvc-6.1.11.jar:6.1.11]
	at org.springframework.web.servlet.mvc.method.annotation.RequestMappingHandlerAdapter.invokeHandlerMethod(RequestMappingHandlerAdapter.java:926) ~[spring-webmvc-6.1.11.jar:6.1.11]
	at org.springframework.web.servlet.mvc.method.annotation.RequestMappingHandlerAdapter.handleInternal(RequestMappingHandlerAdapter.java:831) ~[spring-webmvc-6.1.11.jar:6.1.11]
	at org.springframework.web.servlet.mvc.method.AbstractHandlerMethodAdapter.handle(AbstractHandlerMethodAdapter.java:87) ~[spring-webmvc-6.1.11.jar:6.1.11]
	at org.springframework.web.servlet.DispatcherServlet.doDispatch(DispatcherServlet.java:1089) ~[spring-webmvc-6.1.11.jar:6.1.11]
	at org.springframework.web.servlet.DispatcherServlet.doService(DispatcherServlet.java:979) ~[spring-webmvc-6.1.11.jar:6.1.11]
	at org.springframework.web.servlet.FrameworkServlet.processRequest(FrameworkServlet.java:1014) ~[spring-webmvc-6.1.11.jar:6.1.11]
	at org.springframework.web.servlet.FrameworkServlet.doGet(FrameworkServlet.java:903) ~[spring-webmvc-6.1.11.jar:6.1.11]
	at jakarta.servlet.http.HttpServlet.service(HttpServlet.java:564) ~[tomcat-embed-core-10.1.26.jar:10.1.26]
	at org.springframework.web.servlet.FrameworkServlet.service(FrameworkServlet.java:885) ~[spring-webmvc-6.1.11.jar:6.1.11]
	at jakarta.servlet.http.HttpServlet.service(HttpServlet.java:658) ~[tomcat-embed-core-10.1.26.jar:10.1.26]
	at org.apache.catalina.core.ApplicationFilterChain.internalDoFilter(ApplicationFilterChain.java:195) ~[tomcat-embed-core-10.1.26.jar:10.1.26]
	at org.apache.catalina.core.ApplicationFilterChain.doFilter(ApplicationFilterChain.java:140) ~[tomcat-embed-core-10.1.26.jar:10.1.26]
	at org.apache.tomcat.websocket.server.WsFilter.doFilter(WsFilter.java:51) ~[tomcat-embed-websocket-10.1.26.jar:10.1.26]
	at org.apache.catalina.core.ApplicationFilterChain.internalDoFilter(ApplicationFilterChain.java:164) ~[tomcat-embed-core-10.1.26.jar:10.1.26]
	at org.apache.catalina.core.ApplicationFilterChain.doFilter(ApplicationFilterChain.java:140) ~[tomcat-embed-core-10.1.26.jar:10.1.26]
	at org.springframework.web.filter.RequestContextFilter.doFilterInternal(RequestContextFilter.java:100) ~[spring-web-6.1.11.jar:6.1.11]
	at org.springframework.web.filter.OncePerRequestFilter.doFilter(OncePerRequestFilter.java:116) ~[spring-web-6.1.11.jar:6.1.11]
	at org.apache.catalina.core.ApplicationFilterChain.internalDoFilter(ApplicationFilterChain.java:164) ~[tomcat-embed-core-10.1.26.jar:10.1.26]
	at org.apache.catalina.core.ApplicationFilterChain.doFilter(ApplicationFilterChain.java:140) ~[tomcat-embed-core-10.1.26.jar:10.1.26]
	at org.springframework.web.filter.FormContentFilter.doFilterInternal(FormContentFilter.java:93) ~[spring-web-6.1.11.jar:6.1.11]
	at org.springframework.web.filter.OncePerRequestFilter.doFilter(OncePerRequestFilter.java:116) ~[spring-web-6.1.11.jar:6.1.11]
	at org.apache.catalina.core.ApplicationFilterChain.internalDoFilter(ApplicationFilterChain.java:164) ~[tomcat-embed-core-10.1.26.jar:10.1.26]
	at org.apache.catalina.core.ApplicationFilterChain.doFilter(ApplicationFilterChain.java:140) ~[tomcat-embed-core-10.1.26.jar:10.1.26]
	at org.springframework.web.filter.ServerHttpObservationFilter.doFilterInternal(ServerHttpObservationFilter.java:113) ~[spring-web-6.1.11.jar:6.1.11]
	at org.springframework.web.filter.OncePerRequestFilter.doFilter(OncePerRequestFilter.java:116) ~[spring-web-6.1.11.jar:6.1.11]
	at org.apache.catalina.core.ApplicationFilterChain.internalDoFilter(ApplicationFilterChain.java:164) ~[tomcat-embed-core-10.1.26.jar:10.1.26]
	at org.apache.catalina.core.ApplicationFilterChain.doFilter(ApplicationFilterChain.java:140) ~[tomcat-embed-core-10.1.26.jar:10.1.26]
	at org.springframework.web.filter.CharacterEncodingFilter.doFilterInternal(CharacterEncodingFilter.java:201) ~[spring-web-6.1.11.jar:6.1.11]
	at org.springframework.web.filter.OncePerRequestFilter.doFilter(OncePerRequestFilter.java:116) ~[spring-web-6.1.11.jar:6.1.11]
	at org.apache.catalina.core.ApplicationFilterChain.internalDoFilter(ApplicationFilterChain.java:164) ~[tomcat-embed-core-10.1.26.jar:10.1.26]
	at org.apache.catalina.core.ApplicationFilterChain.doFilter(ApplicationFilterChain.java:140) ~[tomcat-embed-core-10.1.26.jar:10.1.26]
	at org.apache.catalina.core.StandardWrapperValve.invoke(StandardWrapperValve.java:167) ~[tomcat-embed-core-10.1.26.jar:10.1.26]
	at org.apache.catalina.core.StandardContextValve.invoke(StandardContextValve.java:90) ~[tomcat-embed-core-10.1.26.jar:10.1.26]
	at org.apache.catalina.authenticator.AuthenticatorBase.invoke(AuthenticatorBase.java:483) ~[tomcat-embed-core-10.1.26.jar:10.1.26]
	at org.apache.catalina.core.StandardHostValve.invoke(StandardHostValve.java:115) ~[tomcat-embed-core-10.1.26.jar:10.1.26]
	at org.apache.catalina.valves.ErrorReportValve.invoke(ErrorReportValve.java:93) ~[tomcat-embed-core-10.1.26.jar:10.1.26]
	at org.apache.catalina.core.StandardEngineValve.invoke(StandardEngineValve.java:74) ~[tomcat-embed-core-10.1.26.jar:10.1.26]
	at org.apache.catalina.connector.CoyoteAdapter.service(CoyoteAdapter.java:344) ~[tomcat-embed-core-10.1.26.jar:10.1.26]
	at org.apache.coyote.http11.Http11Processor.service(Http11Processor.java:389) ~[tomcat-embed-core-10.1.26.jar:10.1.26]
	at org.apache.coyote.AbstractProcessorLight.process(AbstractProcessorLight.java:63) ~[tomcat-embed-core-10.1.26.jar:10.1.26]
	at org.apache.coyote.AbstractProtocol$ConnectionHandler.process(AbstractProtocol.java:904) ~[tomcat-embed-core-10.1.26.jar:10.1.26]
	at org.apache.tomcat.util.net.NioEndpoint$SocketProcessor.doRun(NioEndpoint.java:1741) ~[tomcat-embed-core-10.1.26.jar:10.1.26]
	at org.apache.tomcat.util.net.SocketProcessorBase.run(SocketProcessorBase.java:52) ~[tomcat-embed-core-10.1.26.jar:10.1.26]
	at org.apache.tomcat.util.threads.ThreadPoolExecutor.runWorker(ThreadPoolExecutor.java:1190) ~[tomcat-embed-core-10.1.26.jar:10.1.26]
	at org.apache.tomcat.util.threads.ThreadPoolExecutor$Worker.run(ThreadPoolExecutor.java:659) ~[tomcat-embed-core-10.1.26.jar:10.1.26]
	at org.apache.tomcat.util.threads.TaskThread$WrappingRunnable.run(TaskThread.java:63) ~[tomcat-embed-core-10.1.26.jar:10.1.26]
	at java.base/java.lang.Thread.run(Thread.java:1583) ~[na:na]
Caused by: java.lang.NumberFormatException: For input string: "categories"
	at java.base/java.lang.NumberFormatException.forInputString(NumberFormatException.java:67) ~[na:na]
	at java.base/java.lang.Long.parseLong(Long.java:709) ~[na:na]
	at java.base/java.lang.Long.valueOf(Long.java:1157) ~[na:na]
	at org.springframework.util.NumberUtils.parseNumber(NumberUtils.java:206) ~[spring-core-6.1.11.jar:6.1.11]
	at org.springframework.beans.propertyeditors.CustomNumberEditor.setAsText(CustomNumberEditor.java:115) ~[spring-beans-6.1.11.jar:6.1.11]
	at org.springframework.beans.TypeConverterDelegate.doConvertTextValue(TypeConverterDelegate.java:439) ~[spring-beans-6.1.11.jar:6.1.11]
	at org.springframework.beans.TypeConverterDelegate.doConvertValue(TypeConverterDelegate.java:412) ~[spring-beans-6.1.11.jar:6.1.11]
	at org.springframework.beans.TypeConverterDelegate.convertIfNecessary(TypeConverterDelegate.java:161) ~[spring-beans-6.1.11.jar:6.1.11]
	at org.springframework.beans.TypeConverterSupport.convertIfNecessary(TypeConverterSupport.java:80) ~[spring-beans-6.1.11.jar:6.1.11]
	at org.springframework.beans.TypeConverterSupport.convertIfNecessary(TypeConverterSupport.java:53) ~[spring-beans-6.1.11.jar:6.1.11]
	at org.springframework.validation.DataBinder.convertIfNecessary(DataBinder.java:860) ~[spring-context-6.1.11.jar:6.1.11]
	at org.springframework.web.method.annotation.AbstractNamedValueMethodArgumentResolver.convertIfNecessary(AbstractNamedValueMethodArgumentResolver.java:294) ~[spring-web-6.1.11.jar:6.1.11]
	... 52 common frames omitted

13:13:02:706  INFO 11440 --- [item-service] [http-nio-8081-exec-10] c.d.m.c.interceptor.UserinfoInterceptor  : [UserinfoInterceptor] request=/items/page user-info=null
13:13:02:715 DEBUG 11440 --- [item-service] [http-nio-8081-exec-10] c.d.m.i.m.ItemMapper.selectList_mpCount  : ==>  Preparing: SELECT COUNT(*) AS total FROM item
13:13:02:715 DEBUG 11440 --- [item-service] [http-nio-8081-exec-10] c.d.m.i.m.ItemMapper.selectList_mpCount  : ==> Parameters: 
13:13:02:717 DEBUG 11440 --- [item-service] [http-nio-8081-exec-10] c.d.m.i.m.ItemMapper.selectList_mpCount  : <==      Total: 1
13:13:02:726 DEBUG 11440 --- [item-service] [http-nio-8081-exec-10] c.d.m.item.mapper.ItemMapper.selectList  : ==>  Preparing: SELECT id, name, price, stock, image, category, brand, spec, sold, comment_count, is_ad, status, create_time, update_time, creater, updater FROM item ORDER BY update_time DESC LIMIT ?
13:13:02:726 DEBUG 11440 --- [item-service] [http-nio-8081-exec-10] c.d.m.item.mapper.ItemMapper.selectList  : ==> Parameters: 20(Long)
13:13:02:729 DEBUG 11440 --- [item-service] [http-nio-8081-exec-10] c.d.m.item.mapper.ItemMapper.selectList  : <==      Total: 20
13:13:07:028  INFO 11440 --- [item-service] [http-nio-8081-exec-5] c.d.m.c.interceptor.UserinfoInterceptor  : [UserinfoInterceptor] request=/items user-info=2061794238225747970
13:13:07:030 DEBUG 11440 --- [item-service] [http-nio-8081-exec-5] c.d.m.i.m.ItemMapper.selectBatchIds      : ==>  Preparing: SELECT id,name,price,stock,image,category,brand,spec,sold,comment_count,is_ad,status,create_time,update_time,creater,updater FROM item WHERE id IN ( ? )
13:13:07:031 DEBUG 11440 --- [item-service] [http-nio-8081-exec-5] c.d.m.i.m.ItemMapper.selectBatchIds      : ==> Parameters: 177(Long)
13:13:07:033 DEBUG 11440 --- [item-service] [http-nio-8081-exec-5] c.d.m.i.m.ItemMapper.selectBatchIds      : <==      Total: 1
13:13:07:104  INFO 11440 --- [item-service] [http-nio-8081-exec-9] c.d.m.c.interceptor.UserinfoInterceptor  : [UserinfoInterceptor] request=/items user-info=2061794238225747970
13:13:07:105 DEBUG 11440 --- [item-service] [http-nio-8081-exec-9] c.d.m.i.m.ItemMapper.selectBatchIds      : ==>  Preparing: SELECT id,name,price,stock,image,category,brand,spec,sold,comment_count,is_ad,status,create_time,update_time,creater,updater FROM item WHERE id IN ( ? )
13:13:07:106 DEBUG 11440 --- [item-service] [http-nio-8081-exec-9] c.d.m.i.m.ItemMapper.selectBatchIds      : ==> Parameters: 177(Long)
13:13:07:107 DEBUG 11440 --- [item-service] [http-nio-8081-exec-9] c.d.m.i.m.ItemMapper.selectBatchIds      : <==      Total: 1
13:13:08:157  INFO 11440 --- [item-service] [http-nio-8081-exec-7] c.d.m.c.interceptor.UserinfoInterceptor  : [UserinfoInterceptor] request=/items user-info=2061794238225747970
13:13:08:159 DEBUG 11440 --- [item-service] [http-nio-8081-exec-7] c.d.m.i.m.ItemMapper.selectBatchIds      : ==>  Preparing: SELECT id,name,price,stock,image,category,brand,spec,sold,comment_count,is_ad,status,create_time,update_time,creater,updater FROM item WHERE id IN ( ? )
13:13:08:159 DEBUG 11440 --- [item-service] [http-nio-8081-exec-7] c.d.m.i.m.ItemMapper.selectBatchIds      : ==> Parameters: 177(Long)
13:13:08:161 DEBUG 11440 --- [item-service] [http-nio-8081-exec-7] c.d.m.i.m.ItemMapper.selectBatchIds      : <==      Total: 1
13:13:08:233  INFO 11440 --- [item-service] [http-nio-8081-exec-1] c.d.m.c.interceptor.UserinfoInterceptor  : [UserinfoInterceptor] request=/items user-info=2061794238225747970
13:13:08:234 DEBUG 11440 --- [item-service] [http-nio-8081-exec-1] c.d.m.i.m.ItemMapper.selectBatchIds      : ==>  Preparing: SELECT id,name,price,stock,image,category,brand,spec,sold,comment_count,is_ad,status,create_time,update_time,creater,updater FROM item WHERE id IN ( ? )
13:13:08:234 DEBUG 11440 --- [item-service] [http-nio-8081-exec-1] c.d.m.i.m.ItemMapper.selectBatchIds      : ==> Parameters: 177(Long)
13:13:08:236 DEBUG 11440 --- [item-service] [http-nio-8081-exec-1] c.d.m.i.m.ItemMapper.selectBatchIds      : <==      Total: 1
13:13:09:571  INFO 11440 --- [item-service] [http-nio-8081-exec-2] c.d.m.c.interceptor.UserinfoInterceptor  : [UserinfoInterceptor] request=/items user-info=2061794238225747970
13:13:09:573 DEBUG 11440 --- [item-service] [http-nio-8081-exec-2] c.d.m.i.m.ItemMapper.selectBatchIds      : ==>  Preparing: SELECT id,name,price,stock,image,category,brand,spec,sold,comment_count,is_ad,status,create_time,update_time,creater,updater FROM item WHERE id IN ( ? )
13:13:09:573 DEBUG 11440 --- [item-service] [http-nio-8081-exec-2] c.d.m.i.m.ItemMapper.selectBatchIds      : ==> Parameters: 177(Long)
13:13:09:575 DEBUG 11440 --- [item-service] [http-nio-8081-exec-2] c.d.m.i.m.ItemMapper.selectBatchIds      : <==      Total: 1
13:13:09:593  INFO 11440 --- [item-service] [http-nio-8081-exec-3] c.d.m.c.interceptor.UserinfoInterceptor  : [UserinfoInterceptor] request=/items/stock/deduct user-info=2061794238225747970
13:13:09:594  WARN 11440 --- [item-service] [http-nio-8081-exec-3] c.d.m.item.service.impl.ItemServiceImpl  : SqlSession [org.apache.ibatis.session.defaults.DefaultSqlSession@102bc8f5] Transaction not enabled
13:13:09:594 DEBUG 11440 --- [item-service] [http-nio-8081-exec-3] c.d.m.i.mapper.ItemMapper.updateStock    : ==>  Preparing: UPDATE item.item SET stock = stock - ? WHERE id = ? AND stock >= ?
13:13:09:594 DEBUG 11440 --- [item-service] [http-nio-8081-exec-3] c.d.m.i.mapper.ItemMapper.updateStock    : ==> Parameters: 1(Integer), 177(Long), 1(Integer)
13:13:12:904  INFO 11440 --- [item-service] [http-nio-8081-exec-4] c.d.m.c.interceptor.UserinfoInterceptor  : [UserinfoInterceptor] request=/items/page user-info=null
13:13:12:912 DEBUG 11440 --- [item-service] [http-nio-8081-exec-4] c.d.m.i.m.ItemMapper.selectList_mpCount  : ==>  Preparing: SELECT COUNT(*) AS total FROM item
13:13:12:913 DEBUG 11440 --- [item-service] [http-nio-8081-exec-4] c.d.m.i.m.ItemMapper.selectList_mpCount  : ==> Parameters: 
13:13:12:914 DEBUG 11440 --- [item-service] [http-nio-8081-exec-4] c.d.m.i.m.ItemMapper.selectList_mpCount  : <==      Total: 1
13:13:12:920 DEBUG 11440 --- [item-service] [http-nio-8081-exec-4] c.d.m.item.mapper.ItemMapper.selectList  : ==>  Preparing: SELECT id, name, price, stock, image, category, brand, spec, sold, comment_count, is_ad, status, create_time, update_time, creater, updater FROM item ORDER BY update_time DESC LIMIT ?
13:13:12:920 DEBUG 11440 --- [item-service] [http-nio-8081-exec-4] c.d.m.item.mapper.ItemMapper.selectList  : ==> Parameters: 20(Long)
13:13:12:931 DEBUG 11440 --- [item-service] [http-nio-8081-exec-4] c.d.m.item.mapper.ItemMapper.selectList  : <==      Total: 20
13:14:06:569  INFO 11440 --- [item-service] [http-nio-8081-exec-6] c.d.m.c.interceptor.UserinfoInterceptor  : [UserinfoInterceptor] request=/items/page user-info=null
13:14:06:575 DEBUG 11440 --- [item-service] [http-nio-8081-exec-6] c.d.m.i.m.ItemMapper.selectList_mpCount  : ==>  Preparing: SELECT COUNT(*) AS total FROM item
13:14:06:576 DEBUG 11440 --- [item-service] [http-nio-8081-exec-6] c.d.m.i.m.ItemMapper.selectList_mpCount  : ==> Parameters: 
13:14:06:579 DEBUG 11440 --- [item-service] [http-nio-8081-exec-6] c.d.m.i.m.ItemMapper.selectList_mpCount  : <==      Total: 1
13:14:06:585 DEBUG 11440 --- [item-service] [http-nio-8081-exec-6] c.d.m.item.mapper.ItemMapper.selectList  : ==>  Preparing: SELECT id, name, price, stock, image, category, brand, spec, sold, comment_count, is_ad, status, create_time, update_time, creater, updater FROM item ORDER BY update_time DESC LIMIT ?
13:14:06:585 DEBUG 11440 --- [item-service] [http-nio-8081-exec-6] c.d.m.item.mapper.ItemMapper.selectList  : ==> Parameters: 20(Long)
13:14:06:589 DEBUG 11440 --- [item-service] [http-nio-8081-exec-6] c.d.m.item.mapper.ItemMapper.selectList  : <==      Total: 20
13:14:10:052  INFO 11440 --- [item-service] [http-nio-8081-exec-9] c.d.m.c.interceptor.UserinfoInterceptor  : [UserinfoInterceptor] request=/items/categories user-info=null
13:14:10:052  INFO 11440 --- [item-service] [http-nio-8081-exec-5] c.d.m.c.interceptor.UserinfoInterceptor  : [UserinfoInterceptor] request=/items/page user-info=null
13:14:10:052  INFO 11440 --- [item-service] [http-nio-8081-exec-7] c.d.m.c.interceptor.UserinfoInterceptor  : [UserinfoInterceptor] request=/items/brands user-info=null
13:14:10:053 ERROR 11440 --- [item-service] [http-nio-8081-exec-7] c.d.m.c.advice.CommonExceptionAdvice     : 未预期异常

org.springframework.web.method.annotation.MethodArgumentTypeMismatchException: Failed to convert value of type 'java.lang.String' to required type 'java.lang.Long'; For input string: "brands"
	at org.springframework.web.method.annotation.AbstractNamedValueMethodArgumentResolver.convertIfNecessary(AbstractNamedValueMethodArgumentResolver.java:302) ~[spring-web-6.1.11.jar:6.1.11]
	at org.springframework.web.method.annotation.AbstractNamedValueMethodArgumentResolver.resolveArgument(AbstractNamedValueMethodArgumentResolver.java:137) ~[spring-web-6.1.11.jar:6.1.11]
	at org.springframework.web.method.support.HandlerMethodArgumentResolverComposite.resolveArgument(HandlerMethodArgumentResolverComposite.java:122) ~[spring-web-6.1.11.jar:6.1.11]
	at org.springframework.web.method.support.InvocableHandlerMethod.getMethodArgumentValues(InvocableHandlerMethod.java:224) ~[spring-web-6.1.11.jar:6.1.11]
	at org.springframework.web.method.support.InvocableHandlerMethod.invokeForRequest(InvocableHandlerMethod.java:178) ~[spring-web-6.1.11.jar:6.1.11]
	at org.springframework.web.servlet.mvc.method.annotation.ServletInvocableHandlerMethod.invokeAndHandle(ServletInvocableHandlerMethod.java:118) ~[spring-webmvc-6.1.11.jar:6.1.11]
	at org.springframework.web.servlet.mvc.method.annotation.RequestMappingHandlerAdapter.invokeHandlerMethod(RequestMappingHandlerAdapter.java:926) ~[spring-webmvc-6.1.11.jar:6.1.11]
	at org.springframework.web.servlet.mvc.method.annotation.RequestMappingHandlerAdapter.handleInternal(RequestMappingHandlerAdapter.java:831) ~[spring-webmvc-6.1.11.jar:6.1.11]
	at org.springframework.web.servlet.mvc.method.AbstractHandlerMethodAdapter.handle(AbstractHandlerMethodAdapter.java:87) ~[spring-webmvc-6.1.11.jar:6.1.11]
	at org.springframework.web.servlet.DispatcherServlet.doDispatch(DispatcherServlet.java:1089) ~[spring-webmvc-6.1.11.jar:6.1.11]
	at org.springframework.web.servlet.DispatcherServlet.doService(DispatcherServlet.java:979) ~[spring-webmvc-6.1.11.jar:6.1.11]
	at org.springframework.web.servlet.FrameworkServlet.processRequest(FrameworkServlet.java:1014) ~[spring-webmvc-6.1.11.jar:6.1.11]
	at org.springframework.web.servlet.FrameworkServlet.doGet(FrameworkServlet.java:903) ~[spring-webmvc-6.1.11.jar:6.1.11]
	at jakarta.servlet.http.HttpServlet.service(HttpServlet.java:564) ~[tomcat-embed-core-10.1.26.jar:10.1.26]
	at org.springframework.web.servlet.FrameworkServlet.service(FrameworkServlet.java:885) ~[spring-webmvc-6.1.11.jar:6.1.11]
	at jakarta.servlet.http.HttpServlet.service(HttpServlet.java:658) ~[tomcat-embed-core-10.1.26.jar:10.1.26]
	at org.apache.catalina.core.ApplicationFilterChain.internalDoFilter(ApplicationFilterChain.java:195) ~[tomcat-embed-core-10.1.26.jar:10.1.26]
	at org.apache.catalina.core.ApplicationFilterChain.doFilter(ApplicationFilterChain.java:140) ~[tomcat-embed-core-10.1.26.jar:10.1.26]
	at org.apache.tomcat.websocket.server.WsFilter.doFilter(WsFilter.java:51) ~[tomcat-embed-websocket-10.1.26.jar:10.1.26]
	at org.apache.catalina.core.ApplicationFilterChain.internalDoFilter(ApplicationFilterChain.java:164) ~[tomcat-embed-core-10.1.26.jar:10.1.26]
	at org.apache.catalina.core.ApplicationFilterChain.doFilter(ApplicationFilterChain.java:140) ~[tomcat-embed-core-10.1.26.jar:10.1.26]
	at org.springframework.web.filter.RequestContextFilter.doFilterInternal(RequestContextFilter.java:100) ~[spring-web-6.1.11.jar:6.1.11]
	at org.springframework.web.filter.OncePerRequestFilter.doFilter(OncePerRequestFilter.java:116) ~[spring-web-6.1.11.jar:6.1.11]
	at org.apache.catalina.core.ApplicationFilterChain.internalDoFilter(ApplicationFilterChain.java:164) ~[tomcat-embed-core-10.1.26.jar:10.1.26]
	at org.apache.catalina.core.ApplicationFilterChain.doFilter(ApplicationFilterChain.java:140) ~[tomcat-embed-core-10.1.26.jar:10.1.26]
	at org.springframework.web.filter.FormContentFilter.doFilterInternal(FormContentFilter.java:93) ~[spring-web-6.1.11.jar:6.1.11]
	at org.springframework.web.filter.OncePerRequestFilter.doFilter(OncePerRequestFilter.java:116) ~[spring-web-6.1.11.jar:6.1.11]
	at org.apache.catalina.core.ApplicationFilterChain.internalDoFilter(ApplicationFilterChain.java:164) ~[tomcat-embed-core-10.1.26.jar:10.1.26]
	at org.apache.catalina.core.ApplicationFilterChain.doFilter(ApplicationFilterChain.java:140) ~[tomcat-embed-core-10.1.26.jar:10.1.26]
	at org.springframework.web.filter.ServerHttpObservationFilter.doFilterInternal(ServerHttpObservationFilter.java:113) ~[spring-web-6.1.11.jar:6.1.11]
	at org.springframework.web.filter.OncePerRequestFilter.doFilter(OncePerRequestFilter.java:116) ~[spring-web-6.1.11.jar:6.1.11]
	at org.apache.catalina.core.ApplicationFilterChain.internalDoFilter(ApplicationFilterChain.java:164) ~[tomcat-embed-core-10.1.26.jar:10.1.26]
	at org.apache.catalina.core.ApplicationFilterChain.doFilter(ApplicationFilterChain.java:140) ~[tomcat-embed-core-10.1.26.jar:10.1.26]
	at org.springframework.web.filter.CharacterEncodingFilter.doFilterInternal(CharacterEncodingFilter.java:201) ~[spring-web-6.1.11.jar:6.1.11]
	at org.springframework.web.filter.OncePerRequestFilter.doFilter(OncePerRequestFilter.java:116) ~[spring-web-6.1.11.jar:6.1.11]
	at org.apache.catalina.core.ApplicationFilterChain.internalDoFilter(ApplicationFilterChain.java:164) ~[tomcat-embed-core-10.1.26.jar:10.1.26]
	at org.apache.catalina.core.ApplicationFilterChain.doFilter(ApplicationFilterChain.java:140) ~[tomcat-embed-core-10.1.26.jar:10.1.26]
	at org.apache.catalina.core.StandardWrapperValve.invoke(StandardWrapperValve.java:167) ~[tomcat-embed-core-10.1.26.jar:10.1.26]
	at org.apache.catalina.core.StandardContextValve.invoke(StandardContextValve.java:90) ~[tomcat-embed-core-10.1.26.jar:10.1.26]
	at org.apache.catalina.authenticator.AuthenticatorBase.invoke(AuthenticatorBase.java:483) ~[tomcat-embed-core-10.1.26.jar:10.1.26]
	at org.apache.catalina.core.StandardHostValve.invoke(StandardHostValve.java:115) ~[tomcat-embed-core-10.1.26.jar:10.1.26]
	at org.apache.catalina.valves.ErrorReportValve.invoke(ErrorReportValve.java:93) ~[tomcat-embed-core-10.1.26.jar:10.1.26]
	at org.apache.catalina.core.StandardEngineValve.invoke(StandardEngineValve.java:74) ~[tomcat-embed-core-10.1.26.jar:10.1.26]
	at org.apache.catalina.connector.CoyoteAdapter.service(CoyoteAdapter.java:344) ~[tomcat-embed-core-10.1.26.jar:10.1.26]
	at org.apache.coyote.http11.Http11Processor.service(Http11Processor.java:389) ~[tomcat-embed-core-10.1.26.jar:10.1.26]
	at org.apache.coyote.AbstractProcessorLight.process(AbstractProcessorLight.java:63) ~[tomcat-embed-core-10.1.26.jar:10.1.26]
	at org.apache.coyote.AbstractProtocol$ConnectionHandler.process(AbstractProtocol.java:904) ~[tomcat-embed-core-10.1.26.jar:10.1.26]
	at org.apache.tomcat.util.net.NioEndpoint$SocketProcessor.doRun(NioEndpoint.java:1741) ~[tomcat-embed-core-10.1.26.jar:10.1.26]
	at org.apache.tomcat.util.net.SocketProcessorBase.run(SocketProcessorBase.java:52) ~[tomcat-embed-core-10.1.26.jar:10.1.26]
	at org.apache.tomcat.util.threads.ThreadPoolExecutor.runWorker(ThreadPoolExecutor.java:1190) ~[tomcat-embed-core-10.1.26.jar:10.1.26]
	at org.apache.tomcat.util.threads.ThreadPoolExecutor$Worker.run(ThreadPoolExecutor.java:659) ~[tomcat-embed-core-10.1.26.jar:10.1.26]
	at org.apache.tomcat.util.threads.TaskThread$WrappingRunnable.run(TaskThread.java:63) ~[tomcat-embed-core-10.1.26.jar:10.1.26]
	at java.base/java.lang.Thread.run(Thread.java:1583) ~[na:na]
Caused by: java.lang.NumberFormatException: For input string: "brands"
	at java.base/java.lang.NumberFormatException.forInputString(NumberFormatException.java:67) ~[na:na]
	at java.base/java.lang.Long.parseLong(Long.java:709) ~[na:na]
	at java.base/java.lang.Long.valueOf(Long.java:1157) ~[na:na]
	at org.springframework.util.NumberUtils.parseNumber(NumberUtils.java:206) ~[spring-core-6.1.11.jar:6.1.11]
	at org.springframework.beans.propertyeditors.CustomNumberEditor.setAsText(CustomNumberEditor.java:115) ~[spring-beans-6.1.11.jar:6.1.11]
	at org.springframework.beans.TypeConverterDelegate.doConvertTextValue(TypeConverterDelegate.java:439) ~[spring-beans-6.1.11.jar:6.1.11]
	at org.springframework.beans.TypeConverterDelegate.doConvertValue(TypeConverterDelegate.java:412) ~[spring-beans-6.1.11.jar:6.1.11]
	at org.springframework.beans.TypeConverterDelegate.convertIfNecessary(TypeConverterDelegate.java:161) ~[spring-beans-6.1.11.jar:6.1.11]
	at org.springframework.beans.TypeConverterSupport.convertIfNecessary(TypeConverterSupport.java:80) ~[spring-beans-6.1.11.jar:6.1.11]
	at org.springframework.beans.TypeConverterSupport.convertIfNecessary(TypeConverterSupport.java:53) ~[spring-beans-6.1.11.jar:6.1.11]
	at org.springframework.validation.DataBinder.convertIfNecessary(DataBinder.java:860) ~[spring-context-6.1.11.jar:6.1.11]
	at org.springframework.web.method.annotation.AbstractNamedValueMethodArgumentResolver.convertIfNecessary(AbstractNamedValueMethodArgumentResolver.java:294) ~[spring-web-6.1.11.jar:6.1.11]
	... 52 common frames omitted

13:14:10:053 ERROR 11440 --- [item-service] [http-nio-8081-exec-9] c.d.m.c.advice.CommonExceptionAdvice     : 未预期异常

org.springframework.web.method.annotation.MethodArgumentTypeMismatchException: Failed to convert value of type 'java.lang.String' to required type 'java.lang.Long'; For input string: "categories"
	at org.springframework.web.method.annotation.AbstractNamedValueMethodArgumentResolver.convertIfNecessary(AbstractNamedValueMethodArgumentResolver.java:302) ~[spring-web-6.1.11.jar:6.1.11]
	at org.springframework.web.method.annotation.AbstractNamedValueMethodArgumentResolver.resolveArgument(AbstractNamedValueMethodArgumentResolver.java:137) ~[spring-web-6.1.11.jar:6.1.11]
	at org.springframework.web.method.support.HandlerMethodArgumentResolverComposite.resolveArgument(HandlerMethodArgumentResolverComposite.java:122) ~[spring-web-6.1.11.jar:6.1.11]
	at org.springframework.web.method.support.InvocableHandlerMethod.getMethodArgumentValues(InvocableHandlerMethod.java:224) ~[spring-web-6.1.11.jar:6.1.11]
	at org.springframework.web.method.support.InvocableHandlerMethod.invokeForRequest(InvocableHandlerMethod.java:178) ~[spring-web-6.1.11.jar:6.1.11]
	at org.springframework.web.servlet.mvc.method.annotation.ServletInvocableHandlerMethod.invokeAndHandle(ServletInvocableHandlerMethod.java:118) ~[spring-webmvc-6.1.11.jar:6.1.11]
	at org.springframework.web.servlet.mvc.method.annotation.RequestMappingHandlerAdapter.invokeHandlerMethod(RequestMappingHandlerAdapter.java:926) ~[spring-webmvc-6.1.11.jar:6.1.11]
	at org.springframework.web.servlet.mvc.method.annotation.RequestMappingHandlerAdapter.handleInternal(RequestMappingHandlerAdapter.java:831) ~[spring-webmvc-6.1.11.jar:6.1.11]
	at org.springframework.web.servlet.mvc.method.AbstractHandlerMethodAdapter.handle(AbstractHandlerMethodAdapter.java:87) ~[spring-webmvc-6.1.11.jar:6.1.11]
	at org.springframework.web.servlet.DispatcherServlet.doDispatch(DispatcherServlet.java:1089) ~[spring-webmvc-6.1.11.jar:6.1.11]
	at org.springframework.web.servlet.DispatcherServlet.doService(DispatcherServlet.java:979) ~[spring-webmvc-6.1.11.jar:6.1.11]
	at org.springframework.web.servlet.FrameworkServlet.processRequest(FrameworkServlet.java:1014) ~[spring-webmvc-6.1.11.jar:6.1.11]
	at org.springframework.web.servlet.FrameworkServlet.doGet(FrameworkServlet.java:903) ~[spring-webmvc-6.1.11.jar:6.1.11]
	at jakarta.servlet.http.HttpServlet.service(HttpServlet.java:564) ~[tomcat-embed-core-10.1.26.jar:10.1.26]
	at org.springframework.web.servlet.FrameworkServlet.service(FrameworkServlet.java:885) ~[spring-webmvc-6.1.11.jar:6.1.11]
	at jakarta.servlet.http.HttpServlet.service(HttpServlet.java:658) ~[tomcat-embed-core-10.1.26.jar:10.1.26]
	at org.apache.catalina.core.ApplicationFilterChain.internalDoFilter(ApplicationFilterChain.java:195) ~[tomcat-embed-core-10.1.26.jar:10.1.26]
	at org.apache.catalina.core.ApplicationFilterChain.doFilter(ApplicationFilterChain.java:140) ~[tomcat-embed-core-10.1.26.jar:10.1.26]
	at org.apache.tomcat.websocket.server.WsFilter.doFilter(WsFilter.java:51) ~[tomcat-embed-websocket-10.1.26.jar:10.1.26]
	at org.apache.catalina.core.ApplicationFilterChain.internalDoFilter(ApplicationFilterChain.java:164) ~[tomcat-embed-core-10.1.26.jar:10.1.26]
	at org.apache.catalina.core.ApplicationFilterChain.doFilter(ApplicationFilterChain.java:140) ~[tomcat-embed-core-10.1.26.jar:10.1.26]
	at org.springframework.web.filter.RequestContextFilter.doFilterInternal(RequestContextFilter.java:100) ~[spring-web-6.1.11.jar:6.1.11]
	at org.springframework.web.filter.OncePerRequestFilter.doFilter(OncePerRequestFilter.java:116) ~[spring-web-6.1.11.jar:6.1.11]
	at org.apache.catalina.core.ApplicationFilterChain.internalDoFilter(ApplicationFilterChain.java:164) ~[tomcat-embed-core-10.1.26.jar:10.1.26]
	at org.apache.catalina.core.ApplicationFilterChain.doFilter(ApplicationFilterChain.java:140) ~[tomcat-embed-core-10.1.26.jar:10.1.26]
	at org.springframework.web.filter.FormContentFilter.doFilterInternal(FormContentFilter.java:93) ~[spring-web-6.1.11.jar:6.1.11]
	at org.springframework.web.filter.OncePerRequestFilter.doFilter(OncePerRequestFilter.java:116) ~[spring-web-6.1.11.jar:6.1.11]
	at org.apache.catalina.core.ApplicationFilterChain.internalDoFilter(ApplicationFilterChain.java:164) ~[tomcat-embed-core-10.1.26.jar:10.1.26]
	at org.apache.catalina.core.ApplicationFilterChain.doFilter(ApplicationFilterChain.java:140) ~[tomcat-embed-core-10.1.26.jar:10.1.26]
	at org.springframework.web.filter.ServerHttpObservationFilter.doFilterInternal(ServerHttpObservationFilter.java:113) ~[spring-web-6.1.11.jar:6.1.11]
	at org.springframework.web.filter.OncePerRequestFilter.doFilter(OncePerRequestFilter.java:116) ~[spring-web-6.1.11.jar:6.1.11]
	at org.apache.catalina.core.ApplicationFilterChain.internalDoFilter(ApplicationFilterChain.java:164) ~[tomcat-embed-core-10.1.26.jar:10.1.26]
	at org.apache.catalina.core.ApplicationFilterChain.doFilter(ApplicationFilterChain.java:140) ~[tomcat-embed-core-10.1.26.jar:10.1.26]
	at org.springframework.web.filter.CharacterEncodingFilter.doFilterInternal(CharacterEncodingFilter.java:201) ~[spring-web-6.1.11.jar:6.1.11]
	at org.springframework.web.filter.OncePerRequestFilter.doFilter(OncePerRequestFilter.java:116) ~[spring-web-6.1.11.jar:6.1.11]
	at org.apache.catalina.core.ApplicationFilterChain.internalDoFilter(ApplicationFilterChain.java:164) ~[tomcat-embed-core-10.1.26.jar:10.1.26]
	at org.apache.catalina.core.ApplicationFilterChain.doFilter(ApplicationFilterChain.java:140) ~[tomcat-embed-core-10.1.26.jar:10.1.26]
	at org.apache.catalina.core.StandardWrapperValve.invoke(StandardWrapperValve.java:167) ~[tomcat-embed-core-10.1.26.jar:10.1.26]
	at org.apache.catalina.core.StandardContextValve.invoke(StandardContextValve.java:90) ~[tomcat-embed-core-10.1.26.jar:10.1.26]
	at org.apache.catalina.authenticator.AuthenticatorBase.invoke(AuthenticatorBase.java:483) ~[tomcat-embed-core-10.1.26.jar:10.1.26]
	at org.apache.catalina.core.StandardHostValve.invoke(StandardHostValve.java:115) ~[tomcat-embed-core-10.1.26.jar:10.1.26]
	at org.apache.catalina.valves.ErrorReportValve.invoke(ErrorReportValve.java:93) ~[tomcat-embed-core-10.1.26.jar:10.1.26]
	at org.apache.catalina.core.StandardEngineValve.invoke(StandardEngineValve.java:74) ~[tomcat-embed-core-10.1.26.jar:10.1.26]
	at org.apache.catalina.connector.CoyoteAdapter.service(CoyoteAdapter.java:344) ~[tomcat-embed-core-10.1.26.jar:10.1.26]
	at org.apache.coyote.http11.Http11Processor.service(Http11Processor.java:389) ~[tomcat-embed-core-10.1.26.jar:10.1.26]
	at org.apache.coyote.AbstractProcessorLight.process(AbstractProcessorLight.java:63) ~[tomcat-embed-core-10.1.26.jar:10.1.26]
	at org.apache.coyote.AbstractProtocol$ConnectionHandler.process(AbstractProtocol.java:904) ~[tomcat-embed-core-10.1.26.jar:10.1.26]
	at org.apache.tomcat.util.net.NioEndpoint$SocketProcessor.doRun(NioEndpoint.java:1741) ~[tomcat-embed-core-10.1.26.jar:10.1.26]
	at org.apache.tomcat.util.net.SocketProcessorBase.run(SocketProcessorBase.java:52) ~[tomcat-embed-core-10.1.26.jar:10.1.26]
	at org.apache.tomcat.util.threads.ThreadPoolExecutor.runWorker(ThreadPoolExecutor.java:1190) ~[tomcat-embed-core-10.1.26.jar:10.1.26]
	at org.apache.tomcat.util.threads.ThreadPoolExecutor$Worker.run(ThreadPoolExecutor.java:659) ~[tomcat-embed-core-10.1.26.jar:10.1.26]
	at org.apache.tomcat.util.threads.TaskThread$WrappingRunnable.run(TaskThread.java:63) ~[tomcat-embed-core-10.1.26.jar:10.1.26]
	at java.base/java.lang.Thread.run(Thread.java:1583) ~[na:na]
Caused by: java.lang.NumberFormatException: For input string: "categories"
	at java.base/java.lang.NumberFormatException.forInputString(NumberFormatException.java:67) ~[na:na]
	at java.base/java.lang.Long.parseLong(Long.java:709) ~[na:na]
	at java.base/java.lang.Long.valueOf(Long.java:1157) ~[na:na]
	at org.springframework.util.NumberUtils.parseNumber(NumberUtils.java:206) ~[spring-core-6.1.11.jar:6.1.11]
	at org.springframework.beans.propertyeditors.CustomNumberEditor.setAsText(CustomNumberEditor.java:115) ~[spring-beans-6.1.11.jar:6.1.11]
	at org.springframework.beans.TypeConverterDelegate.doConvertTextValue(TypeConverterDelegate.java:439) ~[spring-beans-6.1.11.jar:6.1.11]
	at org.springframework.beans.TypeConverterDelegate.doConvertValue(TypeConverterDelegate.java:412) ~[spring-beans-6.1.11.jar:6.1.11]
	at org.springframework.beans.TypeConverterDelegate.convertIfNecessary(TypeConverterDelegate.java:161) ~[spring-beans-6.1.11.jar:6.1.11]
	at org.springframework.beans.TypeConverterSupport.convertIfNecessary(TypeConverterSupport.java:80) ~[spring-beans-6.1.11.jar:6.1.11]
	at org.springframework.beans.TypeConverterSupport.convertIfNecessary(TypeConverterSupport.java:53) ~[spring-beans-6.1.11.jar:6.1.11]
	at org.springframework.validation.DataBinder.convertIfNecessary(DataBinder.java:860) ~[spring-context-6.1.11.jar:6.1.11]
	at org.springframework.web.method.annotation.AbstractNamedValueMethodArgumentResolver.convertIfNecessary(AbstractNamedValueMethodArgumentResolver.java:294) ~[spring-web-6.1.11.jar:6.1.11]
	... 52 common frames omitted

13:14:10:062 DEBUG 11440 --- [item-service] [http-nio-8081-exec-5] c.d.m.i.m.ItemMapper.selectList_mpCount  : ==>  Preparing: SELECT COUNT(*) AS total FROM item
13:14:10:062 DEBUG 11440 --- [item-service] [http-nio-8081-exec-5] c.d.m.i.m.ItemMapper.selectList_mpCount  : ==> Parameters: 
13:14:10:063 DEBUG 11440 --- [item-service] [http-nio-8081-exec-5] c.d.m.i.m.ItemMapper.selectList_mpCount  : <==      Total: 1
13:14:10:070 DEBUG 11440 --- [item-service] [http-nio-8081-exec-5] c.d.m.item.mapper.ItemMapper.selectList  : ==>  Preparing: SELECT id, name, price, stock, image, category, brand, spec, sold, comment_count, is_ad, status, create_time, update_time, creater, updater FROM item ORDER BY update_time DESC LIMIT ?
13:14:10:070 DEBUG 11440 --- [item-service] [http-nio-8081-exec-5] c.d.m.item.mapper.ItemMapper.selectList  : ==> Parameters: 20(Long)
13:14:10:073 DEBUG 11440 --- [item-service] [http-nio-8081-exec-5] c.d.m.item.mapper.ItemMapper.selectList  : <==      Total: 20
13:14:13:243  INFO 11440 --- [item-service] [http-nio-8081-exec-1] c.d.m.c.interceptor.UserinfoInterceptor  : [UserinfoInterceptor] request=/items user-info=2061794238225747970
13:14:13:245 DEBUG 11440 --- [item-service] [http-nio-8081-exec-1] c.d.m.i.m.ItemMapper.selectBatchIds      : ==>  Preparing: SELECT id,name,price,stock,image,category,brand,spec,sold,comment_count,is_ad,status,create_time,update_time,creater,updater FROM item WHERE id IN ( ? )
13:14:13:245 DEBUG 11440 --- [item-service] [http-nio-8081-exec-1] c.d.m.i.m.ItemMapper.selectBatchIds      : ==> Parameters: 174(Long)
13:14:13:246 DEBUG 11440 --- [item-service] [http-nio-8081-exec-1] c.d.m.i.m.ItemMapper.selectBatchIds      : <==      Total: 1
13:14:13:334  INFO 11440 --- [item-service] [http-nio-8081-exec-2] c.d.m.c.interceptor.UserinfoInterceptor  : [UserinfoInterceptor] request=/items user-info=2061794238225747970
13:14:13:335 DEBUG 11440 --- [item-service] [http-nio-8081-exec-2] c.d.m.i.m.ItemMapper.selectBatchIds      : ==>  Preparing: SELECT id,name,price,stock,image,category,brand,spec,sold,comment_count,is_ad,status,create_time,update_time,creater,updater FROM item WHERE id IN ( ? )
13:14:13:335 DEBUG 11440 --- [item-service] [http-nio-8081-exec-2] c.d.m.i.m.ItemMapper.selectBatchIds      : ==> Parameters: 174(Long)
13:14:13:336 DEBUG 11440 --- [item-service] [http-nio-8081-exec-2] c.d.m.i.m.ItemMapper.selectBatchIds      : <==      Total: 1
13:14:14:461  INFO 11440 --- [item-service] [http-nio-8081-exec-3] c.d.m.c.interceptor.UserinfoInterceptor  : [UserinfoInterceptor] request=/items user-info=2061794238225747970
13:14:14:463 DEBUG 11440 --- [item-service] [http-nio-8081-exec-3] c.d.m.i.m.ItemMapper.selectBatchIds      : ==>  Preparing: SELECT id,name,price,stock,image,category,brand,spec,sold,comment_count,is_ad,status,create_time,update_time,creater,updater FROM item WHERE id IN ( ? )
13:14:14:463 DEBUG 11440 --- [item-service] [http-nio-8081-exec-3] c.d.m.i.m.ItemMapper.selectBatchIds      : ==> Parameters: 174(Long)
13:14:14:465 DEBUG 11440 --- [item-service] [http-nio-8081-exec-3] c.d.m.i.m.ItemMapper.selectBatchIds      : <==      Total: 1
13:14:14:530  INFO 11440 --- [item-service] [http-nio-8081-exec-4] c.d.m.c.interceptor.UserinfoInterceptor  : [UserinfoInterceptor] request=/items user-info=2061794238225747970
13:14:14:531 DEBUG 11440 --- [item-service] [http-nio-8081-exec-4] c.d.m.i.m.ItemMapper.selectBatchIds      : ==>  Preparing: SELECT id,name,price,stock,image,category,brand,spec,sold,comment_count,is_ad,status,create_time,update_time,creater,updater FROM item WHERE id IN ( ? )
13:14:14:531 DEBUG 11440 --- [item-service] [http-nio-8081-exec-4] c.d.m.i.m.ItemMapper.selectBatchIds      : ==> Parameters: 174(Long)
13:14:14:532 DEBUG 11440 --- [item-service] [http-nio-8081-exec-4] c.d.m.i.m.ItemMapper.selectBatchIds      : <==      Total: 1
13:14:15:402  INFO 11440 --- [item-service] [http-nio-8081-exec-6] c.d.m.c.interceptor.UserinfoInterceptor  : [UserinfoInterceptor] request=/items user-info=2061794238225747970
13:14:15:404 DEBUG 11440 --- [item-service] [http-nio-8081-exec-6] c.d.m.i.m.ItemMapper.selectBatchIds      : ==>  Preparing: SELECT id,name,price,stock,image,category,brand,spec,sold,comment_count,is_ad,status,create_time,update_time,creater,updater FROM item WHERE id IN ( ? )
13:14:15:404 DEBUG 11440 --- [item-service] [http-nio-8081-exec-6] c.d.m.i.m.ItemMapper.selectBatchIds      : ==> Parameters: 174(Long)
13:14:15:406 DEBUG 11440 --- [item-service] [http-nio-8081-exec-6] c.d.m.i.m.ItemMapper.selectBatchIds      : <==      Total: 1
13:14:15:422  INFO 11440 --- [item-service] [http-nio-8081-exec-8] c.d.m.c.interceptor.UserinfoInterceptor  : [UserinfoInterceptor] request=/items/stock/deduct user-info=2061794238225747970
13:14:15:423  WARN 11440 --- [item-service] [http-nio-8081-exec-8] c.d.m.item.service.impl.ItemServiceImpl  : SqlSession [org.apache.ibatis.session.defaults.DefaultSqlSession@7b1161e8] Transaction not enabled
13:14:15:423 DEBUG 11440 --- [item-service] [http-nio-8081-exec-8] c.d.m.i.mapper.ItemMapper.updateStock    : ==>  Preparing: UPDATE item.item SET stock = stock - ? WHERE id = ? AND stock >= ?
13:14:15:423 DEBUG 11440 --- [item-service] [http-nio-8081-exec-8] c.d.m.i.mapper.ItemMapper.updateStock    : ==> Parameters: 1(Integer), 174(Long), 1(Integer)
13:14:25:614  INFO 11440 --- [item-service] [http-nio-8081-exec-10] c.d.m.c.interceptor.UserinfoInterceptor  : [UserinfoInterceptor] request=/items/page user-info=null
13:14:25:622 DEBUG 11440 --- [item-service] [http-nio-8081-exec-10] c.d.m.i.m.ItemMapper.selectList_mpCount  : ==>  Preparing: SELECT COUNT(*) AS total FROM item
13:14:25:623 DEBUG 11440 --- [item-service] [http-nio-8081-exec-10] c.d.m.i.m.ItemMapper.selectList_mpCount  : ==> Parameters: 
13:14:25:624 DEBUG 11440 --- [item-service] [http-nio-8081-exec-10] c.d.m.i.m.ItemMapper.selectList_mpCount  : <==      Total: 1
13:14:25:631 DEBUG 11440 --- [item-service] [http-nio-8081-exec-10] c.d.m.item.mapper.ItemMapper.selectList  : ==>  Preparing: SELECT id, name, price, stock, image, category, brand, spec, sold, comment_count, is_ad, status, create_time, update_time, creater, updater FROM item ORDER BY update_time DESC LIMIT ?
13:14:25:631 DEBUG 11440 --- [item-service] [http-nio-8081-exec-10] c.d.m.item.mapper.ItemMapper.selectList  : ==> Parameters: 20(Long)
13:14:25:634 DEBUG 11440 --- [item-service] [http-nio-8081-exec-10] c.d.m.item.mapper.ItemMapper.selectList  : <==      Total: 20
13:14:29:240  INFO 11440 --- [item-service] [http-nio-8081-exec-7] c.d.m.c.interceptor.UserinfoInterceptor  : [UserinfoInterceptor] request=/items/page user-info=null
13:14:29:248 DEBUG 11440 --- [item-service] [http-nio-8081-exec-7] c.d.m.i.m.ItemMapper.selectList_mpCount  : ==>  Preparing: SELECT COUNT(*) AS total FROM item
13:14:29:248 DEBUG 11440 --- [item-service] [http-nio-8081-exec-7] c.d.m.i.m.ItemMapper.selectList_mpCount  : ==> Parameters: 
13:14:29:249 DEBUG 11440 --- [item-service] [http-nio-8081-exec-7] c.d.m.i.m.ItemMapper.selectList_mpCount  : <==      Total: 1
13:14:29:254 DEBUG 11440 --- [item-service] [http-nio-8081-exec-7] c.d.m.item.mapper.ItemMapper.selectList  : ==>  Preparing: SELECT id, name, price, stock, image, category, brand, spec, sold, comment_count, is_ad, status, create_time, update_time, creater, updater FROM item ORDER BY update_time DESC LIMIT ?
13:14:29:254 DEBUG 11440 --- [item-service] [http-nio-8081-exec-7] c.d.m.item.mapper.ItemMapper.selectList  : ==> Parameters: 20(Long)
13:14:29:256 DEBUG 11440 --- [item-service] [http-nio-8081-exec-7] c.d.m.item.mapper.ItemMapper.selectList  : <==      Total: 20
13:14:33:331  INFO 11440 --- [item-service] [http-nio-8081-exec-9] c.d.m.c.interceptor.UserinfoInterceptor  : [UserinfoInterceptor] request=/items/page user-info=null
13:14:33:339 DEBUG 11440 --- [item-service] [http-nio-8081-exec-9] c.d.m.i.m.ItemMapper.selectList_mpCount  : ==>  Preparing: SELECT COUNT(*) AS total FROM item
13:14:33:339 DEBUG 11440 --- [item-service] [http-nio-8081-exec-9] c.d.m.i.m.ItemMapper.selectList_mpCount  : ==> Parameters: 
13:14:33:340 DEBUG 11440 --- [item-service] [http-nio-8081-exec-9] c.d.m.i.m.ItemMapper.selectList_mpCount  : <==      Total: 1
13:14:33:347 DEBUG 11440 --- [item-service] [http-nio-8081-exec-9] c.d.m.item.mapper.ItemMapper.selectList  : ==>  Preparing: SELECT id, name, price, stock, image, category, brand, spec, sold, comment_count, is_ad, status, create_time, update_time, creater, updater FROM item ORDER BY update_time DESC LIMIT ?
13:14:33:347 DEBUG 11440 --- [item-service] [http-nio-8081-exec-9] c.d.m.item.mapper.ItemMapper.selectList  : ==> Parameters: 20(Long)
13:14:33:349 DEBUG 11440 --- [item-service] [http-nio-8081-exec-9] c.d.m.item.mapper.ItemMapper.selectList  : <==      Total: 20
13:14:34:621  INFO 11440 --- [item-service] [http-nio-8081-exec-5] c.d.m.c.interceptor.UserinfoInterceptor  : [UserinfoInterceptor] request=/items/categories user-info=null
13:14:34:622  INFO 11440 --- [item-service] [http-nio-8081-exec-2] c.d.m.c.interceptor.UserinfoInterceptor  : [UserinfoInterceptor] request=/items/page user-info=null
13:14:34:622  INFO 11440 --- [item-service] [http-nio-8081-exec-1] c.d.m.c.interceptor.UserinfoInterceptor  : [UserinfoInterceptor] request=/items/brands user-info=null
13:14:34:622 ERROR 11440 --- [item-service] [http-nio-8081-exec-5] c.d.m.c.advice.CommonExceptionAdvice     : 未预期异常

org.springframework.web.method.annotation.MethodArgumentTypeMismatchException: Failed to convert value of type 'java.lang.String' to required type 'java.lang.Long'; For input string: "categories"
	at org.springframework.web.method.annotation.AbstractNamedValueMethodArgumentResolver.convertIfNecessary(AbstractNamedValueMethodArgumentResolver.java:302) ~[spring-web-6.1.11.jar:6.1.11]
	at org.springframework.web.method.annotation.AbstractNamedValueMethodArgumentResolver.resolveArgument(AbstractNamedValueMethodArgumentResolver.java:137) ~[spring-web-6.1.11.jar:6.1.11]
	at org.springframework.web.method.support.HandlerMethodArgumentResolverComposite.resolveArgument(HandlerMethodArgumentResolverComposite.java:122) ~[spring-web-6.1.11.jar:6.1.11]
	at org.springframework.web.method.support.InvocableHandlerMethod.getMethodArgumentValues(InvocableHandlerMethod.java:224) ~[spring-web-6.1.11.jar:6.1.11]
	at org.springframework.web.method.support.InvocableHandlerMethod.invokeForRequest(InvocableHandlerMethod.java:178) ~[spring-web-6.1.11.jar:6.1.11]
	at org.springframework.web.servlet.mvc.method.annotation.ServletInvocableHandlerMethod.invokeAndHandle(ServletInvocableHandlerMethod.java:118) ~[spring-webmvc-6.1.11.jar:6.1.11]
	at org.springframework.web.servlet.mvc.method.annotation.RequestMappingHandlerAdapter.invokeHandlerMethod(RequestMappingHandlerAdapter.java:926) ~[spring-webmvc-6.1.11.jar:6.1.11]
	at org.springframework.web.servlet.mvc.method.annotation.RequestMappingHandlerAdapter.handleInternal(RequestMappingHandlerAdapter.java:831) ~[spring-webmvc-6.1.11.jar:6.1.11]
	at org.springframework.web.servlet.mvc.method.AbstractHandlerMethodAdapter.handle(AbstractHandlerMethodAdapter.java:87) ~[spring-webmvc-6.1.11.jar:6.1.11]
	at org.springframework.web.servlet.DispatcherServlet.doDispatch(DispatcherServlet.java:1089) ~[spring-webmvc-6.1.11.jar:6.1.11]
	at org.springframework.web.servlet.DispatcherServlet.doService(DispatcherServlet.java:979) ~[spring-webmvc-6.1.11.jar:6.1.11]
	at org.springframework.web.servlet.FrameworkServlet.processRequest(FrameworkServlet.java:1014) ~[spring-webmvc-6.1.11.jar:6.1.11]
	at org.springframework.web.servlet.FrameworkServlet.doGet(FrameworkServlet.java:903) ~[spring-webmvc-6.1.11.jar:6.1.11]
	at jakarta.servlet.http.HttpServlet.service(HttpServlet.java:564) ~[tomcat-embed-core-10.1.26.jar:10.1.26]
	at org.springframework.web.servlet.FrameworkServlet.service(FrameworkServlet.java:885) ~[spring-webmvc-6.1.11.jar:6.1.11]
	at jakarta.servlet.http.HttpServlet.service(HttpServlet.java:658) ~[tomcat-embed-core-10.1.26.jar:10.1.26]
	at org.apache.catalina.core.ApplicationFilterChain.internalDoFilter(ApplicationFilterChain.java:195) ~[tomcat-embed-core-10.1.26.jar:10.1.26]
	at org.apache.catalina.core.ApplicationFilterChain.doFilter(ApplicationFilterChain.java:140) ~[tomcat-embed-core-10.1.26.jar:10.1.26]
	at org.apache.tomcat.websocket.server.WsFilter.doFilter(WsFilter.java:51) ~[tomcat-embed-websocket-10.1.26.jar:10.1.26]
	at org.apache.catalina.core.ApplicationFilterChain.internalDoFilter(ApplicationFilterChain.java:164) ~[tomcat-embed-core-10.1.26.jar:10.1.26]
	at org.apache.catalina.core.ApplicationFilterChain.doFilter(ApplicationFilterChain.java:140) ~[tomcat-embed-core-10.1.26.jar:10.1.26]
	at org.springframework.web.filter.RequestContextFilter.doFilterInternal(RequestContextFilter.java:100) ~[spring-web-6.1.11.jar:6.1.11]
	at org.springframework.web.filter.OncePerRequestFilter.doFilter(OncePerRequestFilter.java:116) ~[spring-web-6.1.11.jar:6.1.11]
	at org.apache.catalina.core.ApplicationFilterChain.internalDoFilter(ApplicationFilterChain.java:164) ~[tomcat-embed-core-10.1.26.jar:10.1.26]
	at org.apache.catalina.core.ApplicationFilterChain.doFilter(ApplicationFilterChain.java:140) ~[tomcat-embed-core-10.1.26.jar:10.1.26]
	at org.springframework.web.filter.FormContentFilter.doFilterInternal(FormContentFilter.java:93) ~[spring-web-6.1.11.jar:6.1.11]
	at org.springframework.web.filter.OncePerRequestFilter.doFilter(OncePerRequestFilter.java:116) ~[spring-web-6.1.11.jar:6.1.11]
	at org.apache.catalina.core.ApplicationFilterChain.internalDoFilter(ApplicationFilterChain.java:164) ~[tomcat-embed-core-10.1.26.jar:10.1.26]
	at org.apache.catalina.core.ApplicationFilterChain.doFilter(ApplicationFilterChain.java:140) ~[tomcat-embed-core-10.1.26.jar:10.1.26]
	at org.springframework.web.filter.ServerHttpObservationFilter.doFilterInternal(ServerHttpObservationFilter.java:113) ~[spring-web-6.1.11.jar:6.1.11]
	at org.springframework.web.filter.OncePerRequestFilter.doFilter(OncePerRequestFilter.java:116) ~[spring-web-6.1.11.jar:6.1.11]
	at org.apache.catalina.core.ApplicationFilterChain.internalDoFilter(ApplicationFilterChain.java:164) ~[tomcat-embed-core-10.1.26.jar:10.1.26]
	at org.apache.catalina.core.ApplicationFilterChain.doFilter(ApplicationFilterChain.java:140) ~[tomcat-embed-core-10.1.26.jar:10.1.26]
	at org.springframework.web.filter.CharacterEncodingFilter.doFilterInternal(CharacterEncodingFilter.java:201) ~[spring-web-6.1.11.jar:6.1.11]
	at org.springframework.web.filter.OncePerRequestFilter.doFilter(OncePerRequestFilter.java:116) ~[spring-web-6.1.11.jar:6.1.11]
	at org.apache.catalina.core.ApplicationFilterChain.internalDoFilter(ApplicationFilterChain.java:164) ~[tomcat-embed-core-10.1.26.jar:10.1.26]
	at org.apache.catalina.core.ApplicationFilterChain.doFilter(ApplicationFilterChain.java:140) ~[tomcat-embed-core-10.1.26.jar:10.1.26]
	at org.apache.catalina.core.StandardWrapperValve.invoke(StandardWrapperValve.java:167) ~[tomcat-embed-core-10.1.26.jar:10.1.26]
	at org.apache.catalina.core.StandardContextValve.invoke(StandardContextValve.java:90) ~[tomcat-embed-core-10.1.26.jar:10.1.26]
	at org.apache.catalina.authenticator.AuthenticatorBase.invoke(AuthenticatorBase.java:483) ~[tomcat-embed-core-10.1.26.jar:10.1.26]
	at org.apache.catalina.core.StandardHostValve.invoke(StandardHostValve.java:115) ~[tomcat-embed-core-10.1.26.jar:10.1.26]
	at org.apache.catalina.valves.ErrorReportValve.invoke(ErrorReportValve.java:93) ~[tomcat-embed-core-10.1.26.jar:10.1.26]
	at org.apache.catalina.core.StandardEngineValve.invoke(StandardEngineValve.java:74) ~[tomcat-embed-core-10.1.26.jar:10.1.26]
	at org.apache.catalina.connector.CoyoteAdapter.service(CoyoteAdapter.java:344) ~[tomcat-embed-core-10.1.26.jar:10.1.26]
	at org.apache.coyote.http11.Http11Processor.service(Http11Processor.java:389) ~[tomcat-embed-core-10.1.26.jar:10.1.26]
	at org.apache.coyote.AbstractProcessorLight.process(AbstractProcessorLight.java:63) ~[tomcat-embed-core-10.1.26.jar:10.1.26]
	at org.apache.coyote.AbstractProtocol$ConnectionHandler.process(AbstractProtocol.java:904) ~[tomcat-embed-core-10.1.26.jar:10.1.26]
	at org.apache.tomcat.util.net.NioEndpoint$SocketProcessor.doRun(NioEndpoint.java:1741) ~[tomcat-embed-core-10.1.26.jar:10.1.26]
	at org.apache.tomcat.util.net.SocketProcessorBase.run(SocketProcessorBase.java:52) ~[tomcat-embed-core-10.1.26.jar:10.1.26]
	at org.apache.tomcat.util.threads.ThreadPoolExecutor.runWorker(ThreadPoolExecutor.java:1190) ~[tomcat-embed-core-10.1.26.jar:10.1.26]
	at org.apache.tomcat.util.threads.ThreadPoolExecutor$Worker.run(ThreadPoolExecutor.java:659) ~[tomcat-embed-core-10.1.26.jar:10.1.26]
	at org.apache.tomcat.util.threads.TaskThread$WrappingRunnable.run(TaskThread.java:63) ~[tomcat-embed-core-10.1.26.jar:10.1.26]
	at java.base/java.lang.Thread.run(Thread.java:1583) ~[na:na]
Caused by: java.lang.NumberFormatException: For input string: "categories"
	at java.base/java.lang.NumberFormatException.forInputString(NumberFormatException.java:67) ~[na:na]
	at java.base/java.lang.Long.parseLong(Long.java:709) ~[na:na]
	at java.base/java.lang.Long.valueOf(Long.java:1157) ~[na:na]
	at org.springframework.util.NumberUtils.parseNumber(NumberUtils.java:206) ~[spring-core-6.1.11.jar:6.1.11]
	at org.springframework.beans.propertyeditors.CustomNumberEditor.setAsText(CustomNumberEditor.java:115) ~[spring-beans-6.1.11.jar:6.1.11]
	at org.springframework.beans.TypeConverterDelegate.doConvertTextValue(TypeConverterDelegate.java:439) ~[spring-beans-6.1.11.jar:6.1.11]
	at org.springframework.beans.TypeConverterDelegate.doConvertValue(TypeConverterDelegate.java:412) ~[spring-beans-6.1.11.jar:6.1.11]
	at org.springframework.beans.TypeConverterDelegate.convertIfNecessary(TypeConverterDelegate.java:161) ~[spring-beans-6.1.11.jar:6.1.11]
	at org.springframework.beans.TypeConverterSupport.convertIfNecessary(TypeConverterSupport.java:80) ~[spring-beans-6.1.11.jar:6.1.11]
	at org.springframework.beans.TypeConverterSupport.convertIfNecessary(TypeConverterSupport.java:53) ~[spring-beans-6.1.11.jar:6.1.11]
	at org.springframework.validation.DataBinder.convertIfNecessary(DataBinder.java:860) ~[spring-context-6.1.11.jar:6.1.11]
	at org.springframework.web.method.annotation.AbstractNamedValueMethodArgumentResolver.convertIfNecessary(AbstractNamedValueMethodArgumentResolver.java:294) ~[spring-web-6.1.11.jar:6.1.11]
	... 52 common frames omitted

13:14:34:623 ERROR 11440 --- [item-service] [http-nio-8081-exec-1] c.d.m.c.advice.CommonExceptionAdvice     : 未预期异常

org.springframework.web.method.annotation.MethodArgumentTypeMismatchException: Failed to convert value of type 'java.lang.String' to required type 'java.lang.Long'; For input string: "brands"
	at org.springframework.web.method.annotation.AbstractNamedValueMethodArgumentResolver.convertIfNecessary(AbstractNamedValueMethodArgumentResolver.java:302) ~[spring-web-6.1.11.jar:6.1.11]
	at org.springframework.web.method.annotation.AbstractNamedValueMethodArgumentResolver.resolveArgument(AbstractNamedValueMethodArgumentResolver.java:137) ~[spring-web-6.1.11.jar:6.1.11]
	at org.springframework.web.method.support.HandlerMethodArgumentResolverComposite.resolveArgument(HandlerMethodArgumentResolverComposite.java:122) ~[spring-web-6.1.11.jar:6.1.11]
	at org.springframework.web.method.support.InvocableHandlerMethod.getMethodArgumentValues(InvocableHandlerMethod.java:224) ~[spring-web-6.1.11.jar:6.1.11]
	at org.springframework.web.method.support.InvocableHandlerMethod.invokeForRequest(InvocableHandlerMethod.java:178) ~[spring-web-6.1.11.jar:6.1.11]
	at org.springframework.web.servlet.mvc.method.annotation.ServletInvocableHandlerMethod.invokeAndHandle(ServletInvocableHandlerMethod.java:118) ~[spring-webmvc-6.1.11.jar:6.1.11]
	at org.springframework.web.servlet.mvc.method.annotation.RequestMappingHandlerAdapter.invokeHandlerMethod(RequestMappingHandlerAdapter.java:926) ~[spring-webmvc-6.1.11.jar:6.1.11]
	at org.springframework.web.servlet.mvc.method.annotation.RequestMappingHandlerAdapter.handleInternal(RequestMappingHandlerAdapter.java:831) ~[spring-webmvc-6.1.11.jar:6.1.11]
	at org.springframework.web.servlet.mvc.method.AbstractHandlerMethodAdapter.handle(AbstractHandlerMethodAdapter.java:87) ~[spring-webmvc-6.1.11.jar:6.1.11]
	at org.springframework.web.servlet.DispatcherServlet.doDispatch(DispatcherServlet.java:1089) ~[spring-webmvc-6.1.11.jar:6.1.11]
	at org.springframework.web.servlet.DispatcherServlet.doService(DispatcherServlet.java:979) ~[spring-webmvc-6.1.11.jar:6.1.11]
	at org.springframework.web.servlet.FrameworkServlet.processRequest(FrameworkServlet.java:1014) ~[spring-webmvc-6.1.11.jar:6.1.11]
	at org.springframework.web.servlet.FrameworkServlet.doGet(FrameworkServlet.java:903) ~[spring-webmvc-6.1.11.jar:6.1.11]
	at jakarta.servlet.http.HttpServlet.service(HttpServlet.java:564) ~[tomcat-embed-core-10.1.26.jar:10.1.26]
	at org.springframework.web.servlet.FrameworkServlet.service(FrameworkServlet.java:885) ~[spring-webmvc-6.1.11.jar:6.1.11]
	at jakarta.servlet.http.HttpServlet.service(HttpServlet.java:658) ~[tomcat-embed-core-10.1.26.jar:10.1.26]
	at org.apache.catalina.core.ApplicationFilterChain.internalDoFilter(ApplicationFilterChain.java:195) ~[tomcat-embed-core-10.1.26.jar:10.1.26]
	at org.apache.catalina.core.ApplicationFilterChain.doFilter(ApplicationFilterChain.java:140) ~[tomcat-embed-core-10.1.26.jar:10.1.26]
	at org.apache.tomcat.websocket.server.WsFilter.doFilter(WsFilter.java:51) ~[tomcat-embed-websocket-10.1.26.jar:10.1.26]
	at org.apache.catalina.core.ApplicationFilterChain.internalDoFilter(ApplicationFilterChain.java:164) ~[tomcat-embed-core-10.1.26.jar:10.1.26]
	at org.apache.catalina.core.ApplicationFilterChain.doFilter(ApplicationFilterChain.java:140) ~[tomcat-embed-core-10.1.26.jar:10.1.26]
	at org.springframework.web.filter.RequestContextFilter.doFilterInternal(RequestContextFilter.java:100) ~[spring-web-6.1.11.jar:6.1.11]
	at org.springframework.web.filter.OncePerRequestFilter.doFilter(OncePerRequestFilter.java:116) ~[spring-web-6.1.11.jar:6.1.11]
	at org.apache.catalina.core.ApplicationFilterChain.internalDoFilter(ApplicationFilterChain.java:164) ~[tomcat-embed-core-10.1.26.jar:10.1.26]
	at org.apache.catalina.core.ApplicationFilterChain.doFilter(ApplicationFilterChain.java:140) ~[tomcat-embed-core-10.1.26.jar:10.1.26]
	at org.springframework.web.filter.FormContentFilter.doFilterInternal(FormContentFilter.java:93) ~[spring-web-6.1.11.jar:6.1.11]
	at org.springframework.web.filter.OncePerRequestFilter.doFilter(OncePerRequestFilter.java:116) ~[spring-web-6.1.11.jar:6.1.11]
	at org.apache.catalina.core.ApplicationFilterChain.internalDoFilter(ApplicationFilterChain.java:164) ~[tomcat-embed-core-10.1.26.jar:10.1.26]
	at org.apache.catalina.core.ApplicationFilterChain.doFilter(ApplicationFilterChain.java:140) ~[tomcat-embed-core-10.1.26.jar:10.1.26]
	at org.springframework.web.filter.ServerHttpObservationFilter.doFilterInternal(ServerHttpObservationFilter.java:113) ~[spring-web-6.1.11.jar:6.1.11]
	at org.springframework.web.filter.OncePerRequestFilter.doFilter(OncePerRequestFilter.java:116) ~[spring-web-6.1.11.jar:6.1.11]
	at org.apache.catalina.core.ApplicationFilterChain.internalDoFilter(ApplicationFilterChain.java:164) ~[tomcat-embed-core-10.1.26.jar:10.1.26]
	at org.apache.catalina.core.ApplicationFilterChain.doFilter(ApplicationFilterChain.java:140) ~[tomcat-embed-core-10.1.26.jar:10.1.26]
	at org.springframework.web.filter.CharacterEncodingFilter.doFilterInternal(CharacterEncodingFilter.java:201) ~[spring-web-6.1.11.jar:6.1.11]
	at org.springframework.web.filter.OncePerRequestFilter.doFilter(OncePerRequestFilter.java:116) ~[spring-web-6.1.11.jar:6.1.11]
	at org.apache.catalina.core.ApplicationFilterChain.internalDoFilter(ApplicationFilterChain.java:164) ~[tomcat-embed-core-10.1.26.jar:10.1.26]
	at org.apache.catalina.core.ApplicationFilterChain.doFilter(ApplicationFilterChain.java:140) ~[tomcat-embed-core-10.1.26.jar:10.1.26]
	at org.apache.catalina.core.StandardWrapperValve.invoke(StandardWrapperValve.java:167) ~[tomcat-embed-core-10.1.26.jar:10.1.26]
	at org.apache.catalina.core.StandardContextValve.invoke(StandardContextValve.java:90) ~[tomcat-embed-core-10.1.26.jar:10.1.26]
	at org.apache.catalina.authenticator.AuthenticatorBase.invoke(AuthenticatorBase.java:483) ~[tomcat-embed-core-10.1.26.jar:10.1.26]
	at org.apache.catalina.core.StandardHostValve.invoke(StandardHostValve.java:115) ~[tomcat-embed-core-10.1.26.jar:10.1.26]
	at org.apache.catalina.valves.ErrorReportValve.invoke(ErrorReportValve.java:93) ~[tomcat-embed-core-10.1.26.jar:10.1.26]
	at org.apache.catalina.core.StandardEngineValve.invoke(StandardEngineValve.java:74) ~[tomcat-embed-core-10.1.26.jar:10.1.26]
	at org.apache.catalina.connector.CoyoteAdapter.service(CoyoteAdapter.java:344) ~[tomcat-embed-core-10.1.26.jar:10.1.26]
	at org.apache.coyote.http11.Http11Processor.service(Http11Processor.java:389) ~[tomcat-embed-core-10.1.26.jar:10.1.26]
	at org.apache.coyote.AbstractProcessorLight.process(AbstractProcessorLight.java:63) ~[tomcat-embed-core-10.1.26.jar:10.1.26]
	at org.apache.coyote.AbstractProtocol$ConnectionHandler.process(AbstractProtocol.java:904) ~[tomcat-embed-core-10.1.26.jar:10.1.26]
	at org.apache.tomcat.util.net.NioEndpoint$SocketProcessor.doRun(NioEndpoint.java:1741) ~[tomcat-embed-core-10.1.26.jar:10.1.26]
	at org.apache.tomcat.util.net.SocketProcessorBase.run(SocketProcessorBase.java:52) ~[tomcat-embed-core-10.1.26.jar:10.1.26]
	at org.apache.tomcat.util.threads.ThreadPoolExecutor.runWorker(ThreadPoolExecutor.java:1190) ~[tomcat-embed-core-10.1.26.jar:10.1.26]
	at org.apache.tomcat.util.threads.ThreadPoolExecutor$Worker.run(ThreadPoolExecutor.java:659) ~[tomcat-embed-core-10.1.26.jar:10.1.26]
	at org.apache.tomcat.util.threads.TaskThread$WrappingRunnable.run(TaskThread.java:63) ~[tomcat-embed-core-10.1.26.jar:10.1.26]
	at java.base/java.lang.Thread.run(Thread.java:1583) ~[na:na]
Caused by: java.lang.NumberFormatException: For input string: "brands"
	at java.base/java.lang.NumberFormatException.forInputString(NumberFormatException.java:67) ~[na:na]
	at java.base/java.lang.Long.parseLong(Long.java:709) ~[na:na]
	at java.base/java.lang.Long.valueOf(Long.java:1157) ~[na:na]
	at org.springframework.util.NumberUtils.parseNumber(NumberUtils.java:206) ~[spring-core-6.1.11.jar:6.1.11]
	at org.springframework.beans.propertyeditors.CustomNumberEditor.setAsText(CustomNumberEditor.java:115) ~[spring-beans-6.1.11.jar:6.1.11]
	at org.springframework.beans.TypeConverterDelegate.doConvertTextValue(TypeConverterDelegate.java:439) ~[spring-beans-6.1.11.jar:6.1.11]
	at org.springframework.beans.TypeConverterDelegate.doConvertValue(TypeConverterDelegate.java:412) ~[spring-beans-6.1.11.jar:6.1.11]
	at org.springframework.beans.TypeConverterDelegate.convertIfNecessary(TypeConverterDelegate.java:161) ~[spring-beans-6.1.11.jar:6.1.11]
	at org.springframework.beans.TypeConverterSupport.convertIfNecessary(TypeConverterSupport.java:80) ~[spring-beans-6.1.11.jar:6.1.11]
	at org.springframework.beans.TypeConverterSupport.convertIfNecessary(TypeConverterSupport.java:53) ~[spring-beans-6.1.11.jar:6.1.11]
	at org.springframework.validation.DataBinder.convertIfNecessary(DataBinder.java:860) ~[spring-context-6.1.11.jar:6.1.11]
	at org.springframework.web.method.annotation.AbstractNamedValueMethodArgumentResolver.convertIfNecessary(AbstractNamedValueMethodArgumentResolver.java:294) ~[spring-web-6.1.11.jar:6.1.11]
	... 52 common frames omitted

13:14:34:632 DEBUG 11440 --- [item-service] [http-nio-8081-exec-2] c.d.m.i.m.ItemMapper.selectList_mpCount  : ==>  Preparing: SELECT COUNT(*) AS total FROM item
13:14:34:632 DEBUG 11440 --- [item-service] [http-nio-8081-exec-2] c.d.m.i.m.ItemMapper.selectList_mpCount  : ==> Parameters: 
13:14:34:633 DEBUG 11440 --- [item-service] [http-nio-8081-exec-2] c.d.m.i.m.ItemMapper.selectList_mpCount  : <==      Total: 1
13:14:34:642 DEBUG 11440 --- [item-service] [http-nio-8081-exec-2] c.d.m.item.mapper.ItemMapper.selectList  : ==>  Preparing: SELECT id, name, price, stock, image, category, brand, spec, sold, comment_count, is_ad, status, create_time, update_time, creater, updater FROM item ORDER BY update_time DESC LIMIT ?
13:14:34:642 DEBUG 11440 --- [item-service] [http-nio-8081-exec-2] c.d.m.item.mapper.ItemMapper.selectList  : ==> Parameters: 20(Long)
13:14:34:644 DEBUG 11440 --- [item-service] [http-nio-8081-exec-2] c.d.m.item.mapper.ItemMapper.selectList  : <==      Total: 20
13:14:37:031  INFO 11440 --- [item-service] [http-nio-8081-exec-3] c.d.m.c.interceptor.UserinfoInterceptor  : [UserinfoInterceptor] request=/items user-info=2061794238225747970
13:14:37:033 DEBUG 11440 --- [item-service] [http-nio-8081-exec-3] c.d.m.i.m.ItemMapper.selectBatchIds      : ==>  Preparing: SELECT id,name,price,stock,image,category,brand,spec,sold,comment_count,is_ad,status,create_time,update_time,creater,updater FROM item WHERE id IN ( ? )
13:14:37:033 DEBUG 11440 --- [item-service] [http-nio-8081-exec-3] c.d.m.i.m.ItemMapper.selectBatchIds      : ==> Parameters: 176(Long)
13:14:37:035 DEBUG 11440 --- [item-service] [http-nio-8081-exec-3] c.d.m.i.m.ItemMapper.selectBatchIds      : <==      Total: 1
13:14:37:102  INFO 11440 --- [item-service] [http-nio-8081-exec-4] c.d.m.c.interceptor.UserinfoInterceptor  : [UserinfoInterceptor] request=/items user-info=2061794238225747970
13:14:37:103 DEBUG 11440 --- [item-service] [http-nio-8081-exec-4] c.d.m.i.m.ItemMapper.selectBatchIds      : ==>  Preparing: SELECT id,name,price,stock,image,category,brand,spec,sold,comment_count,is_ad,status,create_time,update_time,creater,updater FROM item WHERE id IN ( ? )
13:14:37:103 DEBUG 11440 --- [item-service] [http-nio-8081-exec-4] c.d.m.i.m.ItemMapper.selectBatchIds      : ==> Parameters: 176(Long)
13:14:37:104 DEBUG 11440 --- [item-service] [http-nio-8081-exec-4] c.d.m.i.m.ItemMapper.selectBatchIds      : <==      Total: 1
13:14:38:125  INFO 11440 --- [item-service] [http-nio-8081-exec-6] c.d.m.c.interceptor.UserinfoInterceptor  : [UserinfoInterceptor] request=/items user-info=2061794238225747970
13:14:38:127 DEBUG 11440 --- [item-service] [http-nio-8081-exec-6] c.d.m.i.m.ItemMapper.selectBatchIds      : ==>  Preparing: SELECT id,name,price,stock,image,category,brand,spec,sold,comment_count,is_ad,status,create_time,update_time,creater,updater FROM item WHERE id IN ( ? )
13:14:38:127 DEBUG 11440 --- [item-service] [http-nio-8081-exec-6] c.d.m.i.m.ItemMapper.selectBatchIds      : ==> Parameters: 176(Long)
13:14:38:128 DEBUG 11440 --- [item-service] [http-nio-8081-exec-6] c.d.m.i.m.ItemMapper.selectBatchIds      : <==      Total: 1
13:14:38:196  INFO 11440 --- [item-service] [http-nio-8081-exec-8] c.d.m.c.interceptor.UserinfoInterceptor  : [UserinfoInterceptor] request=/items user-info=2061794238225747970
13:14:38:197 DEBUG 11440 --- [item-service] [http-nio-8081-exec-8] c.d.m.i.m.ItemMapper.selectBatchIds      : ==>  Preparing: SELECT id,name,price,stock,image,category,brand,spec,sold,comment_count,is_ad,status,create_time,update_time,creater,updater FROM item WHERE id IN ( ? )
13:14:38:197 DEBUG 11440 --- [item-service] [http-nio-8081-exec-8] c.d.m.i.m.ItemMapper.selectBatchIds      : ==> Parameters: 176(Long)
13:14:38:199 DEBUG 11440 --- [item-service] [http-nio-8081-exec-8] c.d.m.i.m.ItemMapper.selectBatchIds      : <==      Total: 1
13:14:38:935  INFO 11440 --- [item-service] [http-nio-8081-exec-10] c.d.m.c.interceptor.UserinfoInterceptor  : [UserinfoInterceptor] request=/items user-info=2061794238225747970
13:14:38:936 DEBUG 11440 --- [item-service] [http-nio-8081-exec-10] c.d.m.i.m.ItemMapper.selectBatchIds      : ==>  Preparing: SELECT id,name,price,stock,image,category,brand,spec,sold,comment_count,is_ad,status,create_time,update_time,creater,updater FROM item WHERE id IN ( ? )
13:14:38:937 DEBUG 11440 --- [item-service] [http-nio-8081-exec-10] c.d.m.i.m.ItemMapper.selectBatchIds      : ==> Parameters: 176(Long)
13:14:38:937 DEBUG 11440 --- [item-service] [http-nio-8081-exec-10] c.d.m.i.m.ItemMapper.selectBatchIds      : <==      Total: 1
13:14:38:952  INFO 11440 --- [item-service] [http-nio-8081-exec-7] c.d.m.c.interceptor.UserinfoInterceptor  : [UserinfoInterceptor] request=/items/stock/deduct user-info=2061794238225747970
13:14:38:953  WARN 11440 --- [item-service] [http-nio-8081-exec-7] c.d.m.item.service.impl.ItemServiceImpl  : SqlSession [org.apache.ibatis.session.defaults.DefaultSqlSession@46099e46] Transaction not enabled
13:14:38:953 DEBUG 11440 --- [item-service] [http-nio-8081-exec-7] c.d.m.i.mapper.ItemMapper.updateStock    : ==>  Preparing: UPDATE item.item SET stock = stock - ? WHERE id = ? AND stock >= ?
13:14:38:953 DEBUG 11440 --- [item-service] [http-nio-8081-exec-7] c.d.m.i.mapper.ItemMapper.updateStock    : ==> Parameters: 1(Integer), 176(Long), 1(Integer)
13:14:47:398  INFO 11440 --- [item-service] [http-nio-8081-exec-9] c.d.m.c.interceptor.UserinfoInterceptor  : [UserinfoInterceptor] request=/items/page user-info=null
13:14:47:406 DEBUG 11440 --- [item-service] [http-nio-8081-exec-9] c.d.m.i.m.ItemMapper.selectList_mpCount  : ==>  Preparing: SELECT COUNT(*) AS total FROM item
13:14:47:407 DEBUG 11440 --- [item-service] [http-nio-8081-exec-9] c.d.m.i.m.ItemMapper.selectList_mpCount  : ==> Parameters: 
13:14:47:408 DEBUG 11440 --- [item-service] [http-nio-8081-exec-9] c.d.m.i.m.ItemMapper.selectList_mpCount  : <==      Total: 1
13:14:47:414 DEBUG 11440 --- [item-service] [http-nio-8081-exec-9] c.d.m.item.mapper.ItemMapper.selectList  : ==>  Preparing: SELECT id, name, price, stock, image, category, brand, spec, sold, comment_count, is_ad, status, create_time, update_time, creater, updater FROM item ORDER BY update_time DESC LIMIT ?
13:14:47:414 DEBUG 11440 --- [item-service] [http-nio-8081-exec-9] c.d.m.item.mapper.ItemMapper.selectList  : ==> Parameters: 20(Long)
13:14:47:436 DEBUG 11440 --- [item-service] [http-nio-8081-exec-9] c.d.m.item.mapper.ItemMapper.selectList  : <==      Total: 20
13:16:37:988  INFO 11440 --- [item-service] [http-nio-8081-exec-3] c.d.m.c.interceptor.UserinfoInterceptor  : [UserinfoInterceptor] request=/items/page user-info=null
13:16:37:997 DEBUG 11440 --- [item-service] [http-nio-8081-exec-3] c.d.m.i.m.ItemMapper.selectList_mpCount  : ==>  Preparing: SELECT COUNT(*) AS total FROM item
13:16:37:998 DEBUG 11440 --- [item-service] [http-nio-8081-exec-3] c.d.m.i.m.ItemMapper.selectList_mpCount  : ==> Parameters: 
13:16:38:000 DEBUG 11440 --- [item-service] [http-nio-8081-exec-3] c.d.m.i.m.ItemMapper.selectList_mpCount  : <==      Total: 1
13:16:38:006 DEBUG 11440 --- [item-service] [http-nio-8081-exec-3] c.d.m.item.mapper.ItemMapper.selectList  : ==>  Preparing: SELECT id, name, price, stock, image, category, brand, spec, sold, comment_count, is_ad, status, create_time, update_time, creater, updater FROM item ORDER BY update_time DESC LIMIT ?
13:16:38:006 DEBUG 11440 --- [item-service] [http-nio-8081-exec-3] c.d.m.item.mapper.ItemMapper.selectList  : ==> Parameters: 20(Long)
13:16:38:009 DEBUG 11440 --- [item-service] [http-nio-8081-exec-3] c.d.m.item.mapper.ItemMapper.selectList  : <==      Total: 20
13:16:42:464  INFO 11440 --- [item-service] [http-nio-8081-exec-4] c.d.m.c.interceptor.UserinfoInterceptor  : [UserinfoInterceptor] request=/items/page user-info=null
13:16:42:473 DEBUG 11440 --- [item-service] [http-nio-8081-exec-4] c.d.m.i.m.ItemMapper.selectList_mpCount  : ==>  Preparing: SELECT COUNT(*) AS total FROM item
13:16:42:473 DEBUG 11440 --- [item-service] [http-nio-8081-exec-4] c.d.m.i.m.ItemMapper.selectList_mpCount  : ==> Parameters: 
13:16:42:474 DEBUG 11440 --- [item-service] [http-nio-8081-exec-4] c.d.m.i.m.ItemMapper.selectList_mpCount  : <==      Total: 1
13:16:42:480 DEBUG 11440 --- [item-service] [http-nio-8081-exec-4] c.d.m.item.mapper.ItemMapper.selectList  : ==>  Preparing: SELECT id, name, price, stock, image, category, brand, spec, sold, comment_count, is_ad, status, create_time, update_time, creater, updater FROM item ORDER BY update_time DESC LIMIT ?
13:16:42:480 DEBUG 11440 --- [item-service] [http-nio-8081-exec-4] c.d.m.item.mapper.ItemMapper.selectList  : ==> Parameters: 20(Long)
13:16:42:482 DEBUG 11440 --- [item-service] [http-nio-8081-exec-4] c.d.m.item.mapper.ItemMapper.selectList  : <==      Total: 20
13:16:44:629  INFO 11440 --- [item-service] [http-nio-8081-exec-10] c.d.m.c.interceptor.UserinfoInterceptor  : [UserinfoInterceptor] request=/items/categories user-info=null
13:16:44:629  INFO 11440 --- [item-service] [http-nio-8081-exec-8] c.d.m.c.interceptor.UserinfoInterceptor  : [UserinfoInterceptor] request=/items/page user-info=null
13:16:44:629  INFO 11440 --- [item-service] [http-nio-8081-exec-6] c.d.m.c.interceptor.UserinfoInterceptor  : [UserinfoInterceptor] request=/items/brands user-info=null
13:16:44:630 ERROR 11440 --- [item-service] [http-nio-8081-exec-10] c.d.m.c.advice.CommonExceptionAdvice     : 未预期异常

org.springframework.web.method.annotation.MethodArgumentTypeMismatchException: Failed to convert value of type 'java.lang.String' to required type 'java.lang.Long'; For input string: "categories"
	at org.springframework.web.method.annotation.AbstractNamedValueMethodArgumentResolver.convertIfNecessary(AbstractNamedValueMethodArgumentResolver.java:302) ~[spring-web-6.1.11.jar:6.1.11]
	at org.springframework.web.method.annotation.AbstractNamedValueMethodArgumentResolver.resolveArgument(AbstractNamedValueMethodArgumentResolver.java:137) ~[spring-web-6.1.11.jar:6.1.11]
	at org.springframework.web.method.support.HandlerMethodArgumentResolverComposite.resolveArgument(HandlerMethodArgumentResolverComposite.java:122) ~[spring-web-6.1.11.jar:6.1.11]
	at org.springframework.web.method.support.InvocableHandlerMethod.getMethodArgumentValues(InvocableHandlerMethod.java:224) ~[spring-web-6.1.11.jar:6.1.11]
	at org.springframework.web.method.support.InvocableHandlerMethod.invokeForRequest(InvocableHandlerMethod.java:178) ~[spring-web-6.1.11.jar:6.1.11]
	at org.springframework.web.servlet.mvc.method.annotation.ServletInvocableHandlerMethod.invokeAndHandle(ServletInvocableHandlerMethod.java:118) ~[spring-webmvc-6.1.11.jar:6.1.11]
	at org.springframework.web.servlet.mvc.method.annotation.RequestMappingHandlerAdapter.invokeHandlerMethod(RequestMappingHandlerAdapter.java:926) ~[spring-webmvc-6.1.11.jar:6.1.11]
	at org.springframework.web.servlet.mvc.method.annotation.RequestMappingHandlerAdapter.handleInternal(RequestMappingHandlerAdapter.java:831) ~[spring-webmvc-6.1.11.jar:6.1.11]
	at org.springframework.web.servlet.mvc.method.AbstractHandlerMethodAdapter.handle(AbstractHandlerMethodAdapter.java:87) ~[spring-webmvc-6.1.11.jar:6.1.11]
	at org.springframework.web.servlet.DispatcherServlet.doDispatch(DispatcherServlet.java:1089) ~[spring-webmvc-6.1.11.jar:6.1.11]
	at org.springframework.web.servlet.DispatcherServlet.doService(DispatcherServlet.java:979) ~[spring-webmvc-6.1.11.jar:6.1.11]
	at org.springframework.web.servlet.FrameworkServlet.processRequest(FrameworkServlet.java:1014) ~[spring-webmvc-6.1.11.jar:6.1.11]
	at org.springframework.web.servlet.FrameworkServlet.doGet(FrameworkServlet.java:903) ~[spring-webmvc-6.1.11.jar:6.1.11]
	at jakarta.servlet.http.HttpServlet.service(HttpServlet.java:564) ~[tomcat-embed-core-10.1.26.jar:10.1.26]
	at org.springframework.web.servlet.FrameworkServlet.service(FrameworkServlet.java:885) ~[spring-webmvc-6.1.11.jar:6.1.11]
	at jakarta.servlet.http.HttpServlet.service(HttpServlet.java:658) ~[tomcat-embed-core-10.1.26.jar:10.1.26]
	at org.apache.catalina.core.ApplicationFilterChain.internalDoFilter(ApplicationFilterChain.java:195) ~[tomcat-embed-core-10.1.26.jar:10.1.26]
	at org.apache.catalina.core.ApplicationFilterChain.doFilter(ApplicationFilterChain.java:140) ~[tomcat-embed-core-10.1.26.jar:10.1.26]
	at org.apache.tomcat.websocket.server.WsFilter.doFilter(WsFilter.java:51) ~[tomcat-embed-websocket-10.1.26.jar:10.1.26]
	at org.apache.catalina.core.ApplicationFilterChain.internalDoFilter(ApplicationFilterChain.java:164) ~[tomcat-embed-core-10.1.26.jar:10.1.26]
	at org.apache.catalina.core.ApplicationFilterChain.doFilter(ApplicationFilterChain.java:140) ~[tomcat-embed-core-10.1.26.jar:10.1.26]
	at org.springframework.web.filter.RequestContextFilter.doFilterInternal(RequestContextFilter.java:100) ~[spring-web-6.1.11.jar:6.1.11]
	at org.springframework.web.filter.OncePerRequestFilter.doFilter(OncePerRequestFilter.java:116) ~[spring-web-6.1.11.jar:6.1.11]
	at org.apache.catalina.core.ApplicationFilterChain.internalDoFilter(ApplicationFilterChain.java:164) ~[tomcat-embed-core-10.1.26.jar:10.1.26]
	at org.apache.catalina.core.ApplicationFilterChain.doFilter(ApplicationFilterChain.java:140) ~[tomcat-embed-core-10.1.26.jar:10.1.26]
	at org.springframework.web.filter.FormContentFilter.doFilterInternal(FormContentFilter.java:93) ~[spring-web-6.1.11.jar:6.1.11]
	at org.springframework.web.filter.OncePerRequestFilter.doFilter(OncePerRequestFilter.java:116) ~[spring-web-6.1.11.jar:6.1.11]
	at org.apache.catalina.core.ApplicationFilterChain.internalDoFilter(ApplicationFilterChain.java:164) ~[tomcat-embed-core-10.1.26.jar:10.1.26]
	at org.apache.catalina.core.ApplicationFilterChain.doFilter(ApplicationFilterChain.java:140) ~[tomcat-embed-core-10.1.26.jar:10.1.26]
	at org.springframework.web.filter.ServerHttpObservationFilter.doFilterInternal(ServerHttpObservationFilter.java:113) ~[spring-web-6.1.11.jar:6.1.11]
	at org.springframework.web.filter.OncePerRequestFilter.doFilter(OncePerRequestFilter.java:116) ~[spring-web-6.1.11.jar:6.1.11]
	at org.apache.catalina.core.ApplicationFilterChain.internalDoFilter(ApplicationFilterChain.java:164) ~[tomcat-embed-core-10.1.26.jar:10.1.26]
	at org.apache.catalina.core.ApplicationFilterChain.doFilter(ApplicationFilterChain.java:140) ~[tomcat-embed-core-10.1.26.jar:10.1.26]
	at org.springframework.web.filter.CharacterEncodingFilter.doFilterInternal(CharacterEncodingFilter.java:201) ~[spring-web-6.1.11.jar:6.1.11]
	at org.springframework.web.filter.OncePerRequestFilter.doFilter(OncePerRequestFilter.java:116) ~[spring-web-6.1.11.jar:6.1.11]
	at org.apache.catalina.core.ApplicationFilterChain.internalDoFilter(ApplicationFilterChain.java:164) ~[tomcat-embed-core-10.1.26.jar:10.1.26]
	at org.apache.catalina.core.ApplicationFilterChain.doFilter(ApplicationFilterChain.java:140) ~[tomcat-embed-core-10.1.26.jar:10.1.26]
	at org.apache.catalina.core.StandardWrapperValve.invoke(StandardWrapperValve.java:167) ~[tomcat-embed-core-10.1.26.jar:10.1.26]
	at org.apache.catalina.core.StandardContextValve.invoke(StandardContextValve.java:90) ~[tomcat-embed-core-10.1.26.jar:10.1.26]
	at org.apache.catalina.authenticator.AuthenticatorBase.invoke(AuthenticatorBase.java:483) ~[tomcat-embed-core-10.1.26.jar:10.1.26]
	at org.apache.catalina.core.StandardHostValve.invoke(StandardHostValve.java:115) ~[tomcat-embed-core-10.1.26.jar:10.1.26]
	at org.apache.catalina.valves.ErrorReportValve.invoke(ErrorReportValve.java:93) ~[tomcat-embed-core-10.1.26.jar:10.1.26]
	at org.apache.catalina.core.StandardEngineValve.invoke(StandardEngineValve.java:74) ~[tomcat-embed-core-10.1.26.jar:10.1.26]
	at org.apache.catalina.connector.CoyoteAdapter.service(CoyoteAdapter.java:344) ~[tomcat-embed-core-10.1.26.jar:10.1.26]
	at org.apache.coyote.http11.Http11Processor.service(Http11Processor.java:389) ~[tomcat-embed-core-10.1.26.jar:10.1.26]
	at org.apache.coyote.AbstractProcessorLight.process(AbstractProcessorLight.java:63) ~[tomcat-embed-core-10.1.26.jar:10.1.26]
	at org.apache.coyote.AbstractProtocol$ConnectionHandler.process(AbstractProtocol.java:904) ~[tomcat-embed-core-10.1.26.jar:10.1.26]
	at org.apache.tomcat.util.net.NioEndpoint$SocketProcessor.doRun(NioEndpoint.java:1741) ~[tomcat-embed-core-10.1.26.jar:10.1.26]
	at org.apache.tomcat.util.net.SocketProcessorBase.run(SocketProcessorBase.java:52) ~[tomcat-embed-core-10.1.26.jar:10.1.26]
	at org.apache.tomcat.util.threads.ThreadPoolExecutor.runWorker(ThreadPoolExecutor.java:1190) ~[tomcat-embed-core-10.1.26.jar:10.1.26]
	at org.apache.tomcat.util.threads.ThreadPoolExecutor$Worker.run(ThreadPoolExecutor.java:659) ~[tomcat-embed-core-10.1.26.jar:10.1.26]
	at org.apache.tomcat.util.threads.TaskThread$WrappingRunnable.run(TaskThread.java:63) ~[tomcat-embed-core-10.1.26.jar:10.1.26]
	at java.base/java.lang.Thread.run(Thread.java:1583) ~[na:na]
Caused by: java.lang.NumberFormatException: For input string: "categories"
	at java.base/java.lang.NumberFormatException.forInputString(NumberFormatException.java:67) ~[na:na]
	at java.base/java.lang.Long.parseLong(Long.java:709) ~[na:na]
	at java.base/java.lang.Long.valueOf(Long.java:1157) ~[na:na]
	at org.springframework.util.NumberUtils.parseNumber(NumberUtils.java:206) ~[spring-core-6.1.11.jar:6.1.11]
	at org.springframework.beans.propertyeditors.CustomNumberEditor.setAsText(CustomNumberEditor.java:115) ~[spring-beans-6.1.11.jar:6.1.11]
	at org.springframework.beans.TypeConverterDelegate.doConvertTextValue(TypeConverterDelegate.java:439) ~[spring-beans-6.1.11.jar:6.1.11]
	at org.springframework.beans.TypeConverterDelegate.doConvertValue(TypeConverterDelegate.java:412) ~[spring-beans-6.1.11.jar:6.1.11]
	at org.springframework.beans.TypeConverterDelegate.convertIfNecessary(TypeConverterDelegate.java:161) ~[spring-beans-6.1.11.jar:6.1.11]
	at org.springframework.beans.TypeConverterSupport.convertIfNecessary(TypeConverterSupport.java:80) ~[spring-beans-6.1.11.jar:6.1.11]
	at org.springframework.beans.TypeConverterSupport.convertIfNecessary(TypeConverterSupport.java:53) ~[spring-beans-6.1.11.jar:6.1.11]
	at org.springframework.validation.DataBinder.convertIfNecessary(DataBinder.java:860) ~[spring-context-6.1.11.jar:6.1.11]
	at org.springframework.web.method.annotation.AbstractNamedValueMethodArgumentResolver.convertIfNecessary(AbstractNamedValueMethodArgumentResolver.java:294) ~[spring-web-6.1.11.jar:6.1.11]
	... 52 common frames omitted

13:16:44:630 ERROR 11440 --- [item-service] [http-nio-8081-exec-6] c.d.m.c.advice.CommonExceptionAdvice     : 未预期异常

org.springframework.web.method.annotation.MethodArgumentTypeMismatchException: Failed to convert value of type 'java.lang.String' to required type 'java.lang.Long'; For input string: "brands"
	at org.springframework.web.method.annotation.AbstractNamedValueMethodArgumentResolver.convertIfNecessary(AbstractNamedValueMethodArgumentResolver.java:302) ~[spring-web-6.1.11.jar:6.1.11]
	at org.springframework.web.method.annotation.AbstractNamedValueMethodArgumentResolver.resolveArgument(AbstractNamedValueMethodArgumentResolver.java:137) ~[spring-web-6.1.11.jar:6.1.11]
	at org.springframework.web.method.support.HandlerMethodArgumentResolverComposite.resolveArgument(HandlerMethodArgumentResolverComposite.java:122) ~[spring-web-6.1.11.jar:6.1.11]
	at org.springframework.web.method.support.InvocableHandlerMethod.getMethodArgumentValues(InvocableHandlerMethod.java:224) ~[spring-web-6.1.11.jar:6.1.11]
	at org.springframework.web.method.support.InvocableHandlerMethod.invokeForRequest(InvocableHandlerMethod.java:178) ~[spring-web-6.1.11.jar:6.1.11]
	at org.springframework.web.servlet.mvc.method.annotation.ServletInvocableHandlerMethod.invokeAndHandle(ServletInvocableHandlerMethod.java:118) ~[spring-webmvc-6.1.11.jar:6.1.11]
	at org.springframework.web.servlet.mvc.method.annotation.RequestMappingHandlerAdapter.invokeHandlerMethod(RequestMappingHandlerAdapter.java:926) ~[spring-webmvc-6.1.11.jar:6.1.11]
	at org.springframework.web.servlet.mvc.method.annotation.RequestMappingHandlerAdapter.handleInternal(RequestMappingHandlerAdapter.java:831) ~[spring-webmvc-6.1.11.jar:6.1.11]
	at org.springframework.web.servlet.mvc.method.AbstractHandlerMethodAdapter.handle(AbstractHandlerMethodAdapter.java:87) ~[spring-webmvc-6.1.11.jar:6.1.11]
	at org.springframework.web.servlet.DispatcherServlet.doDispatch(DispatcherServlet.java:1089) ~[spring-webmvc-6.1.11.jar:6.1.11]
	at org.springframework.web.servlet.DispatcherServlet.doService(DispatcherServlet.java:979) ~[spring-webmvc-6.1.11.jar:6.1.11]
	at org.springframework.web.servlet.FrameworkServlet.processRequest(FrameworkServlet.java:1014) ~[spring-webmvc-6.1.11.jar:6.1.11]
	at org.springframework.web.servlet.FrameworkServlet.doGet(FrameworkServlet.java:903) ~[spring-webmvc-6.1.11.jar:6.1.11]
	at jakarta.servlet.http.HttpServlet.service(HttpServlet.java:564) ~[tomcat-embed-core-10.1.26.jar:10.1.26]
	at org.springframework.web.servlet.FrameworkServlet.service(FrameworkServlet.java:885) ~[spring-webmvc-6.1.11.jar:6.1.11]
	at jakarta.servlet.http.HttpServlet.service(HttpServlet.java:658) ~[tomcat-embed-core-10.1.26.jar:10.1.26]
	at org.apache.catalina.core.ApplicationFilterChain.internalDoFilter(ApplicationFilterChain.java:195) ~[tomcat-embed-core-10.1.26.jar:10.1.26]
	at org.apache.catalina.core.ApplicationFilterChain.doFilter(ApplicationFilterChain.java:140) ~[tomcat-embed-core-10.1.26.jar:10.1.26]
	at org.apache.tomcat.websocket.server.WsFilter.doFilter(WsFilter.java:51) ~[tomcat-embed-websocket-10.1.26.jar:10.1.26]
	at org.apache.catalina.core.ApplicationFilterChain.internalDoFilter(ApplicationFilterChain.java:164) ~[tomcat-embed-core-10.1.26.jar:10.1.26]
	at org.apache.catalina.core.ApplicationFilterChain.doFilter(ApplicationFilterChain.java:140) ~[tomcat-embed-core-10.1.26.jar:10.1.26]
	at org.springframework.web.filter.RequestContextFilter.doFilterInternal(RequestContextFilter.java:100) ~[spring-web-6.1.11.jar:6.1.11]
	at org.springframework.web.filter.OncePerRequestFilter.doFilter(OncePerRequestFilter.java:116) ~[spring-web-6.1.11.jar:6.1.11]
	at org.apache.catalina.core.ApplicationFilterChain.internalDoFilter(ApplicationFilterChain.java:164) ~[tomcat-embed-core-10.1.26.jar:10.1.26]
	at org.apache.catalina.core.ApplicationFilterChain.doFilter(ApplicationFilterChain.java:140) ~[tomcat-embed-core-10.1.26.jar:10.1.26]
	at org.springframework.web.filter.FormContentFilter.doFilterInternal(FormContentFilter.java:93) ~[spring-web-6.1.11.jar:6.1.11]
	at org.springframework.web.filter.OncePerRequestFilter.doFilter(OncePerRequestFilter.java:116) ~[spring-web-6.1.11.jar:6.1.11]
	at org.apache.catalina.core.ApplicationFilterChain.internalDoFilter(ApplicationFilterChain.java:164) ~[tomcat-embed-core-10.1.26.jar:10.1.26]
	at org.apache.catalina.core.ApplicationFilterChain.doFilter(ApplicationFilterChain.java:140) ~[tomcat-embed-core-10.1.26.jar:10.1.26]
	at org.springframework.web.filter.ServerHttpObservationFilter.doFilterInternal(ServerHttpObservationFilter.java:113) ~[spring-web-6.1.11.jar:6.1.11]
	at org.springframework.web.filter.OncePerRequestFilter.doFilter(OncePerRequestFilter.java:116) ~[spring-web-6.1.11.jar:6.1.11]
	at org.apache.catalina.core.ApplicationFilterChain.internalDoFilter(ApplicationFilterChain.java:164) ~[tomcat-embed-core-10.1.26.jar:10.1.26]
	at org.apache.catalina.core.ApplicationFilterChain.doFilter(ApplicationFilterChain.java:140) ~[tomcat-embed-core-10.1.26.jar:10.1.26]
	at org.springframework.web.filter.CharacterEncodingFilter.doFilterInternal(CharacterEncodingFilter.java:201) ~[spring-web-6.1.11.jar:6.1.11]
	at org.springframework.web.filter.OncePerRequestFilter.doFilter(OncePerRequestFilter.java:116) ~[spring-web-6.1.11.jar:6.1.11]
	at org.apache.catalina.core.ApplicationFilterChain.internalDoFilter(ApplicationFilterChain.java:164) ~[tomcat-embed-core-10.1.26.jar:10.1.26]
	at org.apache.catalina.core.ApplicationFilterChain.doFilter(ApplicationFilterChain.java:140) ~[tomcat-embed-core-10.1.26.jar:10.1.26]
	at org.apache.catalina.core.StandardWrapperValve.invoke(StandardWrapperValve.java:167) ~[tomcat-embed-core-10.1.26.jar:10.1.26]
	at org.apache.catalina.core.StandardContextValve.invoke(StandardContextValve.java:90) ~[tomcat-embed-core-10.1.26.jar:10.1.26]
	at org.apache.catalina.authenticator.AuthenticatorBase.invoke(AuthenticatorBase.java:483) ~[tomcat-embed-core-10.1.26.jar:10.1.26]
	at org.apache.catalina.core.StandardHostValve.invoke(StandardHostValve.java:115) ~[tomcat-embed-core-10.1.26.jar:10.1.26]
	at org.apache.catalina.valves.ErrorReportValve.invoke(ErrorReportValve.java:93) ~[tomcat-embed-core-10.1.26.jar:10.1.26]
	at org.apache.catalina.core.StandardEngineValve.invoke(StandardEngineValve.java:74) ~[tomcat-embed-core-10.1.26.jar:10.1.26]
	at org.apache.catalina.connector.CoyoteAdapter.service(CoyoteAdapter.java:344) ~[tomcat-embed-core-10.1.26.jar:10.1.26]
	at org.apache.coyote.http11.Http11Processor.service(Http11Processor.java:389) ~[tomcat-embed-core-10.1.26.jar:10.1.26]
	at org.apache.coyote.AbstractProcessorLight.process(AbstractProcessorLight.java:63) ~[tomcat-embed-core-10.1.26.jar:10.1.26]
	at org.apache.coyote.AbstractProtocol$ConnectionHandler.process(AbstractProtocol.java:904) ~[tomcat-embed-core-10.1.26.jar:10.1.26]
	at org.apache.tomcat.util.net.NioEndpoint$SocketProcessor.doRun(NioEndpoint.java:1741) ~[tomcat-embed-core-10.1.26.jar:10.1.26]
	at org.apache.tomcat.util.net.SocketProcessorBase.run(SocketProcessorBase.java:52) ~[tomcat-embed-core-10.1.26.jar:10.1.26]
	at org.apache.tomcat.util.threads.ThreadPoolExecutor.runWorker(ThreadPoolExecutor.java:1190) ~[tomcat-embed-core-10.1.26.jar:10.1.26]
	at org.apache.tomcat.util.threads.ThreadPoolExecutor$Worker.run(ThreadPoolExecutor.java:659) ~[tomcat-embed-core-10.1.26.jar:10.1.26]
	at org.apache.tomcat.util.threads.TaskThread$WrappingRunnable.run(TaskThread.java:63) ~[tomcat-embed-core-10.1.26.jar:10.1.26]
	at java.base/java.lang.Thread.run(Thread.java:1583) ~[na:na]
Caused by: java.lang.NumberFormatException: For input string: "brands"
	at java.base/java.lang.NumberFormatException.forInputString(NumberFormatException.java:67) ~[na:na]
	at java.base/java.lang.Long.parseLong(Long.java:709) ~[na:na]
	at java.base/java.lang.Long.valueOf(Long.java:1157) ~[na:na]
	at org.springframework.util.NumberUtils.parseNumber(NumberUtils.java:206) ~[spring-core-6.1.11.jar:6.1.11]
	at org.springframework.beans.propertyeditors.CustomNumberEditor.setAsText(CustomNumberEditor.java:115) ~[spring-beans-6.1.11.jar:6.1.11]
	at org.springframework.beans.TypeConverterDelegate.doConvertTextValue(TypeConverterDelegate.java:439) ~[spring-beans-6.1.11.jar:6.1.11]
	at org.springframework.beans.TypeConverterDelegate.doConvertValue(TypeConverterDelegate.java:412) ~[spring-beans-6.1.11.jar:6.1.11]
	at org.springframework.beans.TypeConverterDelegate.convertIfNecessary(TypeConverterDelegate.java:161) ~[spring-beans-6.1.11.jar:6.1.11]
	at org.springframework.beans.TypeConverterSupport.convertIfNecessary(TypeConverterSupport.java:80) ~[spring-beans-6.1.11.jar:6.1.11]
	at org.springframework.beans.TypeConverterSupport.convertIfNecessary(TypeConverterSupport.java:53) ~[spring-beans-6.1.11.jar:6.1.11]
	at org.springframework.validation.DataBinder.convertIfNecessary(DataBinder.java:860) ~[spring-context-6.1.11.jar:6.1.11]
	at org.springframework.web.method.annotation.AbstractNamedValueMethodArgumentResolver.convertIfNecessary(AbstractNamedValueMethodArgumentResolver.java:294) ~[spring-web-6.1.11.jar:6.1.11]
	... 52 common frames omitted

13:16:44:640 DEBUG 11440 --- [item-service] [http-nio-8081-exec-8] c.d.m.i.m.ItemMapper.selectList_mpCount  : ==>  Preparing: SELECT COUNT(*) AS total FROM item
13:16:44:640 DEBUG 11440 --- [item-service] [http-nio-8081-exec-8] c.d.m.i.m.ItemMapper.selectList_mpCount  : ==> Parameters: 
13:16:44:641 DEBUG 11440 --- [item-service] [http-nio-8081-exec-8] c.d.m.i.m.ItemMapper.selectList_mpCount  : <==      Total: 1
13:16:44:648 DEBUG 11440 --- [item-service] [http-nio-8081-exec-8] c.d.m.item.mapper.ItemMapper.selectList  : ==>  Preparing: SELECT id, name, price, stock, image, category, brand, spec, sold, comment_count, is_ad, status, create_time, update_time, creater, updater FROM item ORDER BY update_time DESC LIMIT ?
13:16:44:648 DEBUG 11440 --- [item-service] [http-nio-8081-exec-8] c.d.m.item.mapper.ItemMapper.selectList  : ==> Parameters: 20(Long)
13:16:44:650 DEBUG 11440 --- [item-service] [http-nio-8081-exec-8] c.d.m.item.mapper.ItemMapper.selectList  : <==      Total: 20
13:16:47:259  INFO 11440 --- [item-service] [http-nio-8081-exec-7] c.d.m.c.interceptor.UserinfoInterceptor  : [UserinfoInterceptor] request=/items user-info=2061794238225747970
13:16:47:262 DEBUG 11440 --- [item-service] [http-nio-8081-exec-7] c.d.m.i.m.ItemMapper.selectBatchIds      : ==>  Preparing: SELECT id,name,price,stock,image,category,brand,spec,sold,comment_count,is_ad,status,create_time,update_time,creater,updater FROM item WHERE id IN ( ? )
13:16:47:262 DEBUG 11440 --- [item-service] [http-nio-8081-exec-7] c.d.m.i.m.ItemMapper.selectBatchIds      : ==> Parameters: 175(Long)
13:16:47:263 DEBUG 11440 --- [item-service] [http-nio-8081-exec-7] c.d.m.i.m.ItemMapper.selectBatchIds      : <==      Total: 1
13:16:47:333  INFO 11440 --- [item-service] [http-nio-8081-exec-9] c.d.m.c.interceptor.UserinfoInterceptor  : [UserinfoInterceptor] request=/items user-info=2061794238225747970
13:16:47:334 DEBUG 11440 --- [item-service] [http-nio-8081-exec-9] c.d.m.i.m.ItemMapper.selectBatchIds      : ==>  Preparing: SELECT id,name,price,stock,image,category,brand,spec,sold,comment_count,is_ad,status,create_time,update_time,creater,updater FROM item WHERE id IN ( ? )
13:16:47:334 DEBUG 11440 --- [item-service] [http-nio-8081-exec-9] c.d.m.i.m.ItemMapper.selectBatchIds      : ==> Parameters: 175(Long)
13:16:47:335 DEBUG 11440 --- [item-service] [http-nio-8081-exec-9] c.d.m.i.m.ItemMapper.selectBatchIds      : <==      Total: 1
13:16:48:386  INFO 11440 --- [item-service] [http-nio-8081-exec-1] c.d.m.c.interceptor.UserinfoInterceptor  : [UserinfoInterceptor] request=/items user-info=2061794238225747970
13:16:48:388 DEBUG 11440 --- [item-service] [http-nio-8081-exec-1] c.d.m.i.m.ItemMapper.selectBatchIds      : ==>  Preparing: SELECT id,name,price,stock,image,category,brand,spec,sold,comment_count,is_ad,status,create_time,update_time,creater,updater FROM item WHERE id IN ( ? )
13:16:48:388 DEBUG 11440 --- [item-service] [http-nio-8081-exec-1] c.d.m.i.m.ItemMapper.selectBatchIds      : ==> Parameters: 175(Long)
13:16:48:389 DEBUG 11440 --- [item-service] [http-nio-8081-exec-1] c.d.m.i.m.ItemMapper.selectBatchIds      : <==      Total: 1
13:16:48:460  INFO 11440 --- [item-service] [http-nio-8081-exec-5] c.d.m.c.interceptor.UserinfoInterceptor  : [UserinfoInterceptor] request=/items user-info=2061794238225747970
13:16:48:461 DEBUG 11440 --- [item-service] [http-nio-8081-exec-5] c.d.m.i.m.ItemMapper.selectBatchIds      : ==>  Preparing: SELECT id,name,price,stock,image,category,brand,spec,sold,comment_count,is_ad,status,create_time,update_time,creater,updater FROM item WHERE id IN ( ? )
13:16:48:461 DEBUG 11440 --- [item-service] [http-nio-8081-exec-5] c.d.m.i.m.ItemMapper.selectBatchIds      : ==> Parameters: 175(Long)
13:16:48:463 DEBUG 11440 --- [item-service] [http-nio-8081-exec-5] c.d.m.i.m.ItemMapper.selectBatchIds      : <==      Total: 1
13:16:49:280  INFO 11440 --- [item-service] [http-nio-8081-exec-2] c.d.m.c.interceptor.UserinfoInterceptor  : [UserinfoInterceptor] request=/items user-info=2061794238225747970
13:16:49:282 DEBUG 11440 --- [item-service] [http-nio-8081-exec-2] c.d.m.i.m.ItemMapper.selectBatchIds      : ==>  Preparing: SELECT id,name,price,stock,image,category,brand,spec,sold,comment_count,is_ad,status,create_time,update_time,creater,updater FROM item WHERE id IN ( ? )
13:16:49:282 DEBUG 11440 --- [item-service] [http-nio-8081-exec-2] c.d.m.i.m.ItemMapper.selectBatchIds      : ==> Parameters: 175(Long)
13:16:49:283 DEBUG 11440 --- [item-service] [http-nio-8081-exec-2] c.d.m.i.m.ItemMapper.selectBatchIds      : <==      Total: 1
13:16:49:300  INFO 11440 --- [item-service] [http-nio-8081-exec-3] c.d.m.c.interceptor.UserinfoInterceptor  : [UserinfoInterceptor] request=/items/stock/deduct user-info=2061794238225747970
13:16:49:300  WARN 11440 --- [item-service] [http-nio-8081-exec-3] c.d.m.item.service.impl.ItemServiceImpl  : SqlSession [org.apache.ibatis.session.defaults.DefaultSqlSession@feafb16] Transaction not enabled
13:16:49:301 DEBUG 11440 --- [item-service] [http-nio-8081-exec-3] c.d.m.i.mapper.ItemMapper.updateStock    : ==>  Preparing: UPDATE item.item SET stock = stock - ? WHERE id = ? AND stock >= ?
13:16:49:301 DEBUG 11440 --- [item-service] [http-nio-8081-exec-3] c.d.m.i.mapper.ItemMapper.updateStock    : ==> Parameters: 1(Integer), 175(Long), 1(Integer)
13:16:57:752  INFO 11440 --- [item-service] [http-nio-8081-exec-4] c.d.m.c.interceptor.UserinfoInterceptor  : [UserinfoInterceptor] request=/items/page user-info=null
13:16:57:760 DEBUG 11440 --- [item-service] [http-nio-8081-exec-4] c.d.m.i.m.ItemMapper.selectList_mpCount  : ==>  Preparing: SELECT COUNT(*) AS total FROM item
13:16:57:761 DEBUG 11440 --- [item-service] [http-nio-8081-exec-4] c.d.m.i.m.ItemMapper.selectList_mpCount  : ==> Parameters: 
13:16:57:762 DEBUG 11440 --- [item-service] [http-nio-8081-exec-4] c.d.m.i.m.ItemMapper.selectList_mpCount  : <==      Total: 1
13:16:57:766 DEBUG 11440 --- [item-service] [http-nio-8081-exec-4] c.d.m.item.mapper.ItemMapper.selectList  : ==>  Preparing: SELECT id, name, price, stock, image, category, brand, spec, sold, comment_count, is_ad, status, create_time, update_time, creater, updater FROM item ORDER BY update_time DESC LIMIT ?
13:16:57:766 DEBUG 11440 --- [item-service] [http-nio-8081-exec-4] c.d.m.item.mapper.ItemMapper.selectList  : ==> Parameters: 20(Long)
13:16:57:769 DEBUG 11440 --- [item-service] [http-nio-8081-exec-4] c.d.m.item.mapper.ItemMapper.selectList  : <==      Total: 20
13:19:52:243  INFO 11440 --- [item-service] [http-nio-8081-exec-7] c.d.m.c.interceptor.UserinfoInterceptor  : [UserinfoInterceptor] request=/items/categories user-info=null
13:19:52:244 ERROR 11440 --- [item-service] [http-nio-8081-exec-7] c.d.m.c.advice.CommonExceptionAdvice     : 未预期异常

org.springframework.web.method.annotation.MethodArgumentTypeMismatchException: Failed to convert value of type 'java.lang.String' to required type 'java.lang.Long'; For input string: "categories"
	at org.springframework.web.method.annotation.AbstractNamedValueMethodArgumentResolver.convertIfNecessary(AbstractNamedValueMethodArgumentResolver.java:302) ~[spring-web-6.1.11.jar:6.1.11]
	at org.springframework.web.method.annotation.AbstractNamedValueMethodArgumentResolver.resolveArgument(AbstractNamedValueMethodArgumentResolver.java:137) ~[spring-web-6.1.11.jar:6.1.11]
	at org.springframework.web.method.support.HandlerMethodArgumentResolverComposite.resolveArgument(HandlerMethodArgumentResolverComposite.java:122) ~[spring-web-6.1.11.jar:6.1.11]
	at org.springframework.web.method.support.InvocableHandlerMethod.getMethodArgumentValues(InvocableHandlerMethod.java:224) ~[spring-web-6.1.11.jar:6.1.11]
	at org.springframework.web.method.support.InvocableHandlerMethod.invokeForRequest(InvocableHandlerMethod.java:178) ~[spring-web-6.1.11.jar:6.1.11]
	at org.springframework.web.servlet.mvc.method.annotation.ServletInvocableHandlerMethod.invokeAndHandle(ServletInvocableHandlerMethod.java:118) ~[spring-webmvc-6.1.11.jar:6.1.11]
	at org.springframework.web.servlet.mvc.method.annotation.RequestMappingHandlerAdapter.invokeHandlerMethod(RequestMappingHandlerAdapter.java:926) ~[spring-webmvc-6.1.11.jar:6.1.11]
	at org.springframework.web.servlet.mvc.method.annotation.RequestMappingHandlerAdapter.handleInternal(RequestMappingHandlerAdapter.java:831) ~[spring-webmvc-6.1.11.jar:6.1.11]
	at org.springframework.web.servlet.mvc.method.AbstractHandlerMethodAdapter.handle(AbstractHandlerMethodAdapter.java:87) ~[spring-webmvc-6.1.11.jar:6.1.11]
	at org.springframework.web.servlet.DispatcherServlet.doDispatch(DispatcherServlet.java:1089) ~[spring-webmvc-6.1.11.jar:6.1.11]
	at org.springframework.web.servlet.DispatcherServlet.doService(DispatcherServlet.java:979) ~[spring-webmvc-6.1.11.jar:6.1.11]
	at org.springframework.web.servlet.FrameworkServlet.processRequest(FrameworkServlet.java:1014) ~[spring-webmvc-6.1.11.jar:6.1.11]
	at org.springframework.web.servlet.FrameworkServlet.doGet(FrameworkServlet.java:903) ~[spring-webmvc-6.1.11.jar:6.1.11]
	at jakarta.servlet.http.HttpServlet.service(HttpServlet.java:564) ~[tomcat-embed-core-10.1.26.jar:10.1.26]
	at org.springframework.web.servlet.FrameworkServlet.service(FrameworkServlet.java:885) ~[spring-webmvc-6.1.11.jar:6.1.11]
	at jakarta.servlet.http.HttpServlet.service(HttpServlet.java:658) ~[tomcat-embed-core-10.1.26.jar:10.1.26]
	at org.apache.catalina.core.ApplicationFilterChain.internalDoFilter(ApplicationFilterChain.java:195) ~[tomcat-embed-core-10.1.26.jar:10.1.26]
	at org.apache.catalina.core.ApplicationFilterChain.doFilter(ApplicationFilterChain.java:140) ~[tomcat-embed-core-10.1.26.jar:10.1.26]
	at org.apache.tomcat.websocket.server.WsFilter.doFilter(WsFilter.java:51) ~[tomcat-embed-websocket-10.1.26.jar:10.1.26]
	at org.apache.catalina.core.ApplicationFilterChain.internalDoFilter(ApplicationFilterChain.java:164) ~[tomcat-embed-core-10.1.26.jar:10.1.26]
	at org.apache.catalina.core.ApplicationFilterChain.doFilter(ApplicationFilterChain.java:140) ~[tomcat-embed-core-10.1.26.jar:10.1.26]
	at org.springframework.web.filter.RequestContextFilter.doFilterInternal(RequestContextFilter.java:100) ~[spring-web-6.1.11.jar:6.1.11]
	at org.springframework.web.filter.OncePerRequestFilter.doFilter(OncePerRequestFilter.java:116) ~[spring-web-6.1.11.jar:6.1.11]
	at org.apache.catalina.core.ApplicationFilterChain.internalDoFilter(ApplicationFilterChain.java:164) ~[tomcat-embed-core-10.1.26.jar:10.1.26]
	at org.apache.catalina.core.ApplicationFilterChain.doFilter(ApplicationFilterChain.java:140) ~[tomcat-embed-core-10.1.26.jar:10.1.26]
	at org.springframework.web.filter.FormContentFilter.doFilterInternal(FormContentFilter.java:93) ~[spring-web-6.1.11.jar:6.1.11]
	at org.springframework.web.filter.OncePerRequestFilter.doFilter(OncePerRequestFilter.java:116) ~[spring-web-6.1.11.jar:6.1.11]
	at org.apache.catalina.core.ApplicationFilterChain.internalDoFilter(ApplicationFilterChain.java:164) ~[tomcat-embed-core-10.1.26.jar:10.1.26]
	at org.apache.catalina.core.ApplicationFilterChain.doFilter(ApplicationFilterChain.java:140) ~[tomcat-embed-core-10.1.26.jar:10.1.26]
	at org.springframework.web.filter.ServerHttpObservationFilter.doFilterInternal(ServerHttpObservationFilter.java:113) ~[spring-web-6.1.11.jar:6.1.11]
	at org.springframework.web.filter.OncePerRequestFilter.doFilter(OncePerRequestFilter.java:116) ~[spring-web-6.1.11.jar:6.1.11]
	at org.apache.catalina.core.ApplicationFilterChain.internalDoFilter(ApplicationFilterChain.java:164) ~[tomcat-embed-core-10.1.26.jar:10.1.26]
	at org.apache.catalina.core.ApplicationFilterChain.doFilter(ApplicationFilterChain.java:140) ~[tomcat-embed-core-10.1.26.jar:10.1.26]
	at org.springframework.web.filter.CharacterEncodingFilter.doFilterInternal(CharacterEncodingFilter.java:201) ~[spring-web-6.1.11.jar:6.1.11]
	at org.springframework.web.filter.OncePerRequestFilter.doFilter(OncePerRequestFilter.java:116) ~[spring-web-6.1.11.jar:6.1.11]
	at org.apache.catalina.core.ApplicationFilterChain.internalDoFilter(ApplicationFilterChain.java:164) ~[tomcat-embed-core-10.1.26.jar:10.1.26]
	at org.apache.catalina.core.ApplicationFilterChain.doFilter(ApplicationFilterChain.java:140) ~[tomcat-embed-core-10.1.26.jar:10.1.26]
	at org.apache.catalina.core.StandardWrapperValve.invoke(StandardWrapperValve.java:167) ~[tomcat-embed-core-10.1.26.jar:10.1.26]
	at org.apache.catalina.core.StandardContextValve.invoke(StandardContextValve.java:90) ~[tomcat-embed-core-10.1.26.jar:10.1.26]
	at org.apache.catalina.authenticator.AuthenticatorBase.invoke(AuthenticatorBase.java:483) ~[tomcat-embed-core-10.1.26.jar:10.1.26]
	at org.apache.catalina.core.StandardHostValve.invoke(StandardHostValve.java:115) ~[tomcat-embed-core-10.1.26.jar:10.1.26]
	at org.apache.catalina.valves.ErrorReportValve.invoke(ErrorReportValve.java:93) ~[tomcat-embed-core-10.1.26.jar:10.1.26]
	at org.apache.catalina.core.StandardEngineValve.invoke(StandardEngineValve.java:74) ~[tomcat-embed-core-10.1.26.jar:10.1.26]
	at org.apache.catalina.connector.CoyoteAdapter.service(CoyoteAdapter.java:344) ~[tomcat-embed-core-10.1.26.jar:10.1.26]
	at org.apache.coyote.http11.Http11Processor.service(Http11Processor.java:389) ~[tomcat-embed-core-10.1.26.jar:10.1.26]
	at org.apache.coyote.AbstractProcessorLight.process(AbstractProcessorLight.java:63) ~[tomcat-embed-core-10.1.26.jar:10.1.26]
	at org.apache.coyote.AbstractProtocol$ConnectionHandler.process(AbstractProtocol.java:904) ~[tomcat-embed-core-10.1.26.jar:10.1.26]
	at org.apache.tomcat.util.net.NioEndpoint$SocketProcessor.doRun(NioEndpoint.java:1741) ~[tomcat-embed-core-10.1.26.jar:10.1.26]
	at org.apache.tomcat.util.net.SocketProcessorBase.run(SocketProcessorBase.java:52) ~[tomcat-embed-core-10.1.26.jar:10.1.26]
	at org.apache.tomcat.util.threads.ThreadPoolExecutor.runWorker(ThreadPoolExecutor.java:1190) ~[tomcat-embed-core-10.1.26.jar:10.1.26]
	at org.apache.tomcat.util.threads.ThreadPoolExecutor$Worker.run(ThreadPoolExecutor.java:659) ~[tomcat-embed-core-10.1.26.jar:10.1.26]
	at org.apache.tomcat.util.threads.TaskThread$WrappingRunnable.run(TaskThread.java:63) ~[tomcat-embed-core-10.1.26.jar:10.1.26]
	at java.base/java.lang.Thread.run(Thread.java:1583) ~[na:na]
Caused by: java.lang.NumberFormatException: For input string: "categories"
	at java.base/java.lang.NumberFormatException.forInputString(NumberFormatException.java:67) ~[na:na]
	at java.base/java.lang.Long.parseLong(Long.java:709) ~[na:na]
	at java.base/java.lang.Long.valueOf(Long.java:1157) ~[na:na]
	at org.springframework.util.NumberUtils.parseNumber(NumberUtils.java:206) ~[spring-core-6.1.11.jar:6.1.11]
	at org.springframework.beans.propertyeditors.CustomNumberEditor.setAsText(CustomNumberEditor.java:115) ~[spring-beans-6.1.11.jar:6.1.11]
	at org.springframework.beans.TypeConverterDelegate.doConvertTextValue(TypeConverterDelegate.java:439) ~[spring-beans-6.1.11.jar:6.1.11]
	at org.springframework.beans.TypeConverterDelegate.doConvertValue(TypeConverterDelegate.java:412) ~[spring-beans-6.1.11.jar:6.1.11]
	at org.springframework.beans.TypeConverterDelegate.convertIfNecessary(TypeConverterDelegate.java:161) ~[spring-beans-6.1.11.jar:6.1.11]
	at org.springframework.beans.TypeConverterSupport.convertIfNecessary(TypeConverterSupport.java:80) ~[spring-beans-6.1.11.jar:6.1.11]
	at org.springframework.beans.TypeConverterSupport.convertIfNecessary(TypeConverterSupport.java:53) ~[spring-beans-6.1.11.jar:6.1.11]
	at org.springframework.validation.DataBinder.convertIfNecessary(DataBinder.java:860) ~[spring-context-6.1.11.jar:6.1.11]
	at org.springframework.web.method.annotation.AbstractNamedValueMethodArgumentResolver.convertIfNecessary(AbstractNamedValueMethodArgumentResolver.java:294) ~[spring-web-6.1.11.jar:6.1.11]
	... 52 common frames omitted

13:19:52:254  INFO 11440 --- [item-service] [http-nio-8081-exec-9] c.d.m.c.interceptor.UserinfoInterceptor  : [UserinfoInterceptor] request=/items/brands user-info=null
13:19:52:254 ERROR 11440 --- [item-service] [http-nio-8081-exec-9] c.d.m.c.advice.CommonExceptionAdvice     : 未预期异常

org.springframework.web.method.annotation.MethodArgumentTypeMismatchException: Failed to convert value of type 'java.lang.String' to required type 'java.lang.Long'; For input string: "brands"
	at org.springframework.web.method.annotation.AbstractNamedValueMethodArgumentResolver.convertIfNecessary(AbstractNamedValueMethodArgumentResolver.java:302) ~[spring-web-6.1.11.jar:6.1.11]
	at org.springframework.web.method.annotation.AbstractNamedValueMethodArgumentResolver.resolveArgument(AbstractNamedValueMethodArgumentResolver.java:137) ~[spring-web-6.1.11.jar:6.1.11]
	at org.springframework.web.method.support.HandlerMethodArgumentResolverComposite.resolveArgument(HandlerMethodArgumentResolverComposite.java:122) ~[spring-web-6.1.11.jar:6.1.11]
	at org.springframework.web.method.support.InvocableHandlerMethod.getMethodArgumentValues(InvocableHandlerMethod.java:224) ~[spring-web-6.1.11.jar:6.1.11]
	at org.springframework.web.method.support.InvocableHandlerMethod.invokeForRequest(InvocableHandlerMethod.java:178) ~[spring-web-6.1.11.jar:6.1.11]
	at org.springframework.web.servlet.mvc.method.annotation.ServletInvocableHandlerMethod.invokeAndHandle(ServletInvocableHandlerMethod.java:118) ~[spring-webmvc-6.1.11.jar:6.1.11]
	at org.springframework.web.servlet.mvc.method.annotation.RequestMappingHandlerAdapter.invokeHandlerMethod(RequestMappingHandlerAdapter.java:926) ~[spring-webmvc-6.1.11.jar:6.1.11]
	at org.springframework.web.servlet.mvc.method.annotation.RequestMappingHandlerAdapter.handleInternal(RequestMappingHandlerAdapter.java:831) ~[spring-webmvc-6.1.11.jar:6.1.11]
	at org.springframework.web.servlet.mvc.method.AbstractHandlerMethodAdapter.handle(AbstractHandlerMethodAdapter.java:87) ~[spring-webmvc-6.1.11.jar:6.1.11]
	at org.springframework.web.servlet.DispatcherServlet.doDispatch(DispatcherServlet.java:1089) ~[spring-webmvc-6.1.11.jar:6.1.11]
	at org.springframework.web.servlet.DispatcherServlet.doService(DispatcherServlet.java:979) ~[spring-webmvc-6.1.11.jar:6.1.11]
	at org.springframework.web.servlet.FrameworkServlet.processRequest(FrameworkServlet.java:1014) ~[spring-webmvc-6.1.11.jar:6.1.11]
	at org.springframework.web.servlet.FrameworkServlet.doGet(FrameworkServlet.java:903) ~[spring-webmvc-6.1.11.jar:6.1.11]
	at jakarta.servlet.http.HttpServlet.service(HttpServlet.java:564) ~[tomcat-embed-core-10.1.26.jar:10.1.26]
	at org.springframework.web.servlet.FrameworkServlet.service(FrameworkServlet.java:885) ~[spring-webmvc-6.1.11.jar:6.1.11]
	at jakarta.servlet.http.HttpServlet.service(HttpServlet.java:658) ~[tomcat-embed-core-10.1.26.jar:10.1.26]
	at org.apache.catalina.core.ApplicationFilterChain.internalDoFilter(ApplicationFilterChain.java:195) ~[tomcat-embed-core-10.1.26.jar:10.1.26]
	at org.apache.catalina.core.ApplicationFilterChain.doFilter(ApplicationFilterChain.java:140) ~[tomcat-embed-core-10.1.26.jar:10.1.26]
	at org.apache.tomcat.websocket.server.WsFilter.doFilter(WsFilter.java:51) ~[tomcat-embed-websocket-10.1.26.jar:10.1.26]
	at org.apache.catalina.core.ApplicationFilterChain.internalDoFilter(ApplicationFilterChain.java:164) ~[tomcat-embed-core-10.1.26.jar:10.1.26]
	at org.apache.catalina.core.ApplicationFilterChain.doFilter(ApplicationFilterChain.java:140) ~[tomcat-embed-core-10.1.26.jar:10.1.26]
	at org.springframework.web.filter.RequestContextFilter.doFilterInternal(RequestContextFilter.java:100) ~[spring-web-6.1.11.jar:6.1.11]
	at org.springframework.web.filter.OncePerRequestFilter.doFilter(OncePerRequestFilter.java:116) ~[spring-web-6.1.11.jar:6.1.11]
	at org.apache.catalina.core.ApplicationFilterChain.internalDoFilter(ApplicationFilterChain.java:164) ~[tomcat-embed-core-10.1.26.jar:10.1.26]
	at org.apache.catalina.core.ApplicationFilterChain.doFilter(ApplicationFilterChain.java:140) ~[tomcat-embed-core-10.1.26.jar:10.1.26]
	at org.springframework.web.filter.FormContentFilter.doFilterInternal(FormContentFilter.java:93) ~[spring-web-6.1.11.jar:6.1.11]
	at org.springframework.web.filter.OncePerRequestFilter.doFilter(OncePerRequestFilter.java:116) ~[spring-web-6.1.11.jar:6.1.11]
	at org.apache.catalina.core.ApplicationFilterChain.internalDoFilter(ApplicationFilterChain.java:164) ~[tomcat-embed-core-10.1.26.jar:10.1.26]
	at org.apache.catalina.core.ApplicationFilterChain.doFilter(ApplicationFilterChain.java:140) ~[tomcat-embed-core-10.1.26.jar:10.1.26]
	at org.springframework.web.filter.ServerHttpObservationFilter.doFilterInternal(ServerHttpObservationFilter.java:113) ~[spring-web-6.1.11.jar:6.1.11]
	at org.springframework.web.filter.OncePerRequestFilter.doFilter(OncePerRequestFilter.java:116) ~[spring-web-6.1.11.jar:6.1.11]
	at org.apache.catalina.core.ApplicationFilterChain.internalDoFilter(ApplicationFilterChain.java:164) ~[tomcat-embed-core-10.1.26.jar:10.1.26]
	at org.apache.catalina.core.ApplicationFilterChain.doFilter(ApplicationFilterChain.java:140) ~[tomcat-embed-core-10.1.26.jar:10.1.26]
	at org.springframework.web.filter.CharacterEncodingFilter.doFilterInternal(CharacterEncodingFilter.java:201) ~[spring-web-6.1.11.jar:6.1.11]
	at org.springframework.web.filter.OncePerRequestFilter.doFilter(OncePerRequestFilter.java:116) ~[spring-web-6.1.11.jar:6.1.11]
	at org.apache.catalina.core.ApplicationFilterChain.internalDoFilter(ApplicationFilterChain.java:164) ~[tomcat-embed-core-10.1.26.jar:10.1.26]
	at org.apache.catalina.core.ApplicationFilterChain.doFilter(ApplicationFilterChain.java:140) ~[tomcat-embed-core-10.1.26.jar:10.1.26]
	at org.apache.catalina.core.StandardWrapperValve.invoke(StandardWrapperValve.java:167) ~[tomcat-embed-core-10.1.26.jar:10.1.26]
	at org.apache.catalina.core.StandardContextValve.invoke(StandardContextValve.java:90) ~[tomcat-embed-core-10.1.26.jar:10.1.26]
	at org.apache.catalina.authenticator.AuthenticatorBase.invoke(AuthenticatorBase.java:483) ~[tomcat-embed-core-10.1.26.jar:10.1.26]
	at org.apache.catalina.core.StandardHostValve.invoke(StandardHostValve.java:115) ~[tomcat-embed-core-10.1.26.jar:10.1.26]
	at org.apache.catalina.valves.ErrorReportValve.invoke(ErrorReportValve.java:93) ~[tomcat-embed-core-10.1.26.jar:10.1.26]
	at org.apache.catalina.core.StandardEngineValve.invoke(StandardEngineValve.java:74) ~[tomcat-embed-core-10.1.26.jar:10.1.26]
	at org.apache.catalina.connector.CoyoteAdapter.service(CoyoteAdapter.java:344) ~[tomcat-embed-core-10.1.26.jar:10.1.26]
	at org.apache.coyote.http11.Http11Processor.service(Http11Processor.java:389) ~[tomcat-embed-core-10.1.26.jar:10.1.26]
	at org.apache.coyote.AbstractProcessorLight.process(AbstractProcessorLight.java:63) ~[tomcat-embed-core-10.1.26.jar:10.1.26]
	at org.apache.coyote.AbstractProtocol$ConnectionHandler.process(AbstractProtocol.java:904) ~[tomcat-embed-core-10.1.26.jar:10.1.26]
	at org.apache.tomcat.util.net.NioEndpoint$SocketProcessor.doRun(NioEndpoint.java:1741) ~[tomcat-embed-core-10.1.26.jar:10.1.26]
	at org.apache.tomcat.util.net.SocketProcessorBase.run(SocketProcessorBase.java:52) ~[tomcat-embed-core-10.1.26.jar:10.1.26]
	at org.apache.tomcat.util.threads.ThreadPoolExecutor.runWorker(ThreadPoolExecutor.java:1190) ~[tomcat-embed-core-10.1.26.jar:10.1.26]
	at org.apache.tomcat.util.threads.ThreadPoolExecutor$Worker.run(ThreadPoolExecutor.java:659) ~[tomcat-embed-core-10.1.26.jar:10.1.26]
	at org.apache.tomcat.util.threads.TaskThread$WrappingRunnable.run(TaskThread.java:63) ~[tomcat-embed-core-10.1.26.jar:10.1.26]
	at java.base/java.lang.Thread.run(Thread.java:1583) ~[na:na]
Caused by: java.lang.NumberFormatException: For input string: "brands"
	at java.base/java.lang.NumberFormatException.forInputString(NumberFormatException.java:67) ~[na:na]
	at java.base/java.lang.Long.parseLong(Long.java:709) ~[na:na]
	at java.base/java.lang.Long.valueOf(Long.java:1157) ~[na:na]
	at org.springframework.util.NumberUtils.parseNumber(NumberUtils.java:206) ~[spring-core-6.1.11.jar:6.1.11]
	at org.springframework.beans.propertyeditors.CustomNumberEditor.setAsText(CustomNumberEditor.java:115) ~[spring-beans-6.1.11.jar:6.1.11]
	at org.springframework.beans.TypeConverterDelegate.doConvertTextValue(TypeConverterDelegate.java:439) ~[spring-beans-6.1.11.jar:6.1.11]
	at org.springframework.beans.TypeConverterDelegate.doConvertValue(TypeConverterDelegate.java:412) ~[spring-beans-6.1.11.jar:6.1.11]
	at org.springframework.beans.TypeConverterDelegate.convertIfNecessary(TypeConverterDelegate.java:161) ~[spring-beans-6.1.11.jar:6.1.11]
	at org.springframework.beans.TypeConverterSupport.convertIfNecessary(TypeConverterSupport.java:80) ~[spring-beans-6.1.11.jar:6.1.11]
	at org.springframework.beans.TypeConverterSupport.convertIfNecessary(TypeConverterSupport.java:53) ~[spring-beans-6.1.11.jar:6.1.11]
	at org.springframework.validation.DataBinder.convertIfNecessary(DataBinder.java:860) ~[spring-context-6.1.11.jar:6.1.11]
	at org.springframework.web.method.annotation.AbstractNamedValueMethodArgumentResolver.convertIfNecessary(AbstractNamedValueMethodArgumentResolver.java:294) ~[spring-web-6.1.11.jar:6.1.11]
	... 52 common frames omitted

13:19:52:264  INFO 11440 --- [item-service] [http-nio-8081-exec-1] c.d.m.c.interceptor.UserinfoInterceptor  : [UserinfoInterceptor] request=/items/page user-info=null
13:19:52:273 DEBUG 11440 --- [item-service] [http-nio-8081-exec-1] c.d.m.i.m.ItemMapper.selectList_mpCount  : ==>  Preparing: SELECT COUNT(*) AS total FROM item
13:19:52:274 DEBUG 11440 --- [item-service] [http-nio-8081-exec-1] c.d.m.i.m.ItemMapper.selectList_mpCount  : ==> Parameters: 
13:19:52:275 DEBUG 11440 --- [item-service] [http-nio-8081-exec-1] c.d.m.i.m.ItemMapper.selectList_mpCount  : <==      Total: 1
13:19:52:281 DEBUG 11440 --- [item-service] [http-nio-8081-exec-1] c.d.m.item.mapper.ItemMapper.selectList  : ==>  Preparing: SELECT id, name, price, stock, image, category, brand, spec, sold, comment_count, is_ad, status, create_time, update_time, creater, updater FROM item ORDER BY update_time DESC LIMIT ?
13:19:52:281 DEBUG 11440 --- [item-service] [http-nio-8081-exec-1] c.d.m.item.mapper.ItemMapper.selectList  : ==> Parameters: 20(Long)
13:19:52:283 DEBUG 11440 --- [item-service] [http-nio-8081-exec-1] c.d.m.item.mapper.ItemMapper.selectList  : <==      Total: 20
13:19:54:100  INFO 11440 --- [item-service] [http-nio-8081-exec-5] c.d.m.c.interceptor.UserinfoInterceptor  : [UserinfoInterceptor] request=/items user-info=2061794238225747970
13:19:54:103 DEBUG 11440 --- [item-service] [http-nio-8081-exec-5] c.d.m.i.m.ItemMapper.selectBatchIds      : ==>  Preparing: SELECT id,name,price,stock,image,category,brand,spec,sold,comment_count,is_ad,status,create_time,update_time,creater,updater FROM item WHERE id IN ( ? )
13:19:54:103 DEBUG 11440 --- [item-service] [http-nio-8081-exec-5] c.d.m.i.m.ItemMapper.selectBatchIds      : ==> Parameters: 177(Long)
13:19:54:104 DEBUG 11440 --- [item-service] [http-nio-8081-exec-5] c.d.m.i.m.ItemMapper.selectBatchIds      : <==      Total: 1
13:19:54:171  INFO 11440 --- [item-service] [http-nio-8081-exec-2] c.d.m.c.interceptor.UserinfoInterceptor  : [UserinfoInterceptor] request=/items user-info=2061794238225747970
13:19:54:172 DEBUG 11440 --- [item-service] [http-nio-8081-exec-2] c.d.m.i.m.ItemMapper.selectBatchIds      : ==>  Preparing: SELECT id,name,price,stock,image,category,brand,spec,sold,comment_count,is_ad,status,create_time,update_time,creater,updater FROM item WHERE id IN ( ? )
13:19:54:172 DEBUG 11440 --- [item-service] [http-nio-8081-exec-2] c.d.m.i.m.ItemMapper.selectBatchIds      : ==> Parameters: 177(Long)
13:19:54:173 DEBUG 11440 --- [item-service] [http-nio-8081-exec-2] c.d.m.i.m.ItemMapper.selectBatchIds      : <==      Total: 1
13:21:23:170  INFO 11440 --- [item-service] [http-nio-8081-exec-10] c.d.m.c.interceptor.UserinfoInterceptor  : [UserinfoInterceptor] request=/items user-info=2061794238225747970
13:21:23:172 DEBUG 11440 --- [item-service] [http-nio-8081-exec-10] c.d.m.i.m.ItemMapper.selectBatchIds      : ==>  Preparing: SELECT id,name,price,stock,image,category,brand,spec,sold,comment_count,is_ad,status,create_time,update_time,creater,updater FROM item WHERE id IN ( ? )
13:21:23:173 DEBUG 11440 --- [item-service] [http-nio-8081-exec-10] c.d.m.i.m.ItemMapper.selectBatchIds      : ==> Parameters: 177(Long)
13:21:23:174 DEBUG 11440 --- [item-service] [http-nio-8081-exec-10] c.d.m.i.m.ItemMapper.selectBatchIds      : <==      Total: 1
13:21:23:261  INFO 11440 --- [item-service] [http-nio-8081-exec-6] c.d.m.c.interceptor.UserinfoInterceptor  : [UserinfoInterceptor] request=/items user-info=2061794238225747970
13:21:23:261 DEBUG 11440 --- [item-service] [http-nio-8081-exec-6] c.d.m.i.m.ItemMapper.selectBatchIds      : ==>  Preparing: SELECT id,name,price,stock,image,category,brand,spec,sold,comment_count,is_ad,status,create_time,update_time,creater,updater FROM item WHERE id IN ( ? )
13:21:23:261 DEBUG 11440 --- [item-service] [http-nio-8081-exec-6] c.d.m.i.m.ItemMapper.selectBatchIds      : ==> Parameters: 177(Long)
13:21:23:263 DEBUG 11440 --- [item-service] [http-nio-8081-exec-6] c.d.m.i.m.ItemMapper.selectBatchIds      : <==      Total: 1
13:28:29:470  INFO 11440 --- [item-service] [http-nio-8081-exec-7] c.d.m.c.interceptor.UserinfoInterceptor  : [UserinfoInterceptor] request=/items user-info=2061794238225747970
13:28:29:473 DEBUG 11440 --- [item-service] [http-nio-8081-exec-7] c.d.m.i.m.ItemMapper.selectBatchIds      : ==>  Preparing: SELECT id,name,price,stock,image,category,brand,spec,sold,comment_count,is_ad,status,create_time,update_time,creater,updater FROM item WHERE id IN ( ? )
13:28:29:473 DEBUG 11440 --- [item-service] [http-nio-8081-exec-7] c.d.m.i.m.ItemMapper.selectBatchIds      : ==> Parameters: 177(Long)
13:28:29:474 DEBUG 11440 --- [item-service] [http-nio-8081-exec-7] c.d.m.i.m.ItemMapper.selectBatchIds      : <==      Total: 1
13:28:29:613  INFO 11440 --- [item-service] [http-nio-8081-exec-9] c.d.m.c.interceptor.UserinfoInterceptor  : [UserinfoInterceptor] request=/items user-info=2061794238225747970
13:28:29:614 DEBUG 11440 --- [item-service] [http-nio-8081-exec-9] c.d.m.i.m.ItemMapper.selectBatchIds      : ==>  Preparing: SELECT id,name,price,stock,image,category,brand,spec,sold,comment_count,is_ad,status,create_time,update_time,creater,updater FROM item WHERE id IN ( ? )
13:28:29:614 DEBUG 11440 --- [item-service] [http-nio-8081-exec-9] c.d.m.i.m.ItemMapper.selectBatchIds      : ==> Parameters: 177(Long)
13:28:29:615 DEBUG 11440 --- [item-service] [http-nio-8081-exec-9] c.d.m.i.m.ItemMapper.selectBatchIds      : <==      Total: 1
13:28:33:538  INFO 11440 --- [item-service] [http-nio-8081-exec-1] c.d.m.c.interceptor.UserinfoInterceptor  : [UserinfoInterceptor] request=/items user-info=2061794238225747970
13:28:33:540 DEBUG 11440 --- [item-service] [http-nio-8081-exec-1] c.d.m.i.m.ItemMapper.selectBatchIds      : ==>  Preparing: SELECT id,name,price,stock,image,category,brand,spec,sold,comment_count,is_ad,status,create_time,update_time,creater,updater FROM item WHERE id IN ( ? )
13:28:33:540 DEBUG 11440 --- [item-service] [http-nio-8081-exec-1] c.d.m.i.m.ItemMapper.selectBatchIds      : ==> Parameters: 177(Long)
13:28:33:541 DEBUG 11440 --- [item-service] [http-nio-8081-exec-1] c.d.m.i.m.ItemMapper.selectBatchIds      : <==      Total: 1
13:28:33:567  INFO 11440 --- [item-service] [http-nio-8081-exec-5] c.d.m.c.interceptor.UserinfoInterceptor  : [UserinfoInterceptor] request=/items user-info=2061794238225747970
13:28:33:568 DEBUG 11440 --- [item-service] [http-nio-8081-exec-5] c.d.m.i.m.ItemMapper.selectBatchIds      : ==>  Preparing: SELECT id,name,price,stock,image,category,brand,spec,sold,comment_count,is_ad,status,create_time,update_time,creater,updater FROM item WHERE id IN ( ? )
13:28:33:568 DEBUG 11440 --- [item-service] [http-nio-8081-exec-5] c.d.m.i.m.ItemMapper.selectBatchIds      : ==> Parameters: 177(Long)
13:28:33:570 DEBUG 11440 --- [item-service] [http-nio-8081-exec-5] c.d.m.i.m.ItemMapper.selectBatchIds      : <==      Total: 1
13:28:55:143  INFO 11440 --- [item-service] [http-nio-8081-exec-2] c.d.m.c.interceptor.UserinfoInterceptor  : [UserinfoInterceptor] request=/items/page user-info=null
13:28:55:156 DEBUG 11440 --- [item-service] [http-nio-8081-exec-2] c.d.m.i.m.ItemMapper.selectList_mpCount  : ==>  Preparing: SELECT COUNT(*) AS total FROM item
13:28:55:156 DEBUG 11440 --- [item-service] [http-nio-8081-exec-2] c.d.m.i.m.ItemMapper.selectList_mpCount  : ==> Parameters: 
13:28:55:158 DEBUG 11440 --- [item-service] [http-nio-8081-exec-2] c.d.m.i.m.ItemMapper.selectList_mpCount  : <==      Total: 1
13:28:55:164 DEBUG 11440 --- [item-service] [http-nio-8081-exec-2] c.d.m.item.mapper.ItemMapper.selectList  : ==>  Preparing: SELECT id, name, price, stock, image, category, brand, spec, sold, comment_count, is_ad, status, create_time, update_time, creater, updater FROM item ORDER BY update_time DESC LIMIT ?
13:28:55:164 DEBUG 11440 --- [item-service] [http-nio-8081-exec-2] c.d.m.item.mapper.ItemMapper.selectList  : ==> Parameters: 20(Long)
13:28:55:167 DEBUG 11440 --- [item-service] [http-nio-8081-exec-2] c.d.m.item.mapper.ItemMapper.selectList  : <==      Total: 20
13:28:59:904  INFO 11440 --- [item-service] [http-nio-8081-exec-3] c.d.m.c.interceptor.UserinfoInterceptor  : [UserinfoInterceptor] request=/items/page user-info=null
13:28:59:914 DEBUG 11440 --- [item-service] [http-nio-8081-exec-3] c.d.m.i.m.ItemMapper.selectList_mpCount  : ==>  Preparing: SELECT COUNT(*) AS total FROM item
13:28:59:914 DEBUG 11440 --- [item-service] [http-nio-8081-exec-3] c.d.m.i.m.ItemMapper.selectList_mpCount  : ==> Parameters: 
13:28:59:916 DEBUG 11440 --- [item-service] [http-nio-8081-exec-3] c.d.m.i.m.ItemMapper.selectList_mpCount  : <==      Total: 1
13:28:59:922 DEBUG 11440 --- [item-service] [http-nio-8081-exec-3] c.d.m.item.mapper.ItemMapper.selectList  : ==>  Preparing: SELECT id, name, price, stock, image, category, brand, spec, sold, comment_count, is_ad, status, create_time, update_time, creater, updater FROM item ORDER BY update_time DESC LIMIT ?
13:28:59:922 DEBUG 11440 --- [item-service] [http-nio-8081-exec-3] c.d.m.item.mapper.ItemMapper.selectList  : ==> Parameters: 20(Long)
13:28:59:926 DEBUG 11440 --- [item-service] [http-nio-8081-exec-3] c.d.m.item.mapper.ItemMapper.selectList  : <==      Total: 20
13:29:16:019  INFO 11440 --- [item-service] [http-nio-8081-exec-4] c.d.m.c.interceptor.UserinfoInterceptor  : [UserinfoInterceptor] request=/items/page user-info=null
13:29:16:030 DEBUG 11440 --- [item-service] [http-nio-8081-exec-4] c.d.m.i.m.ItemMapper.selectList_mpCount  : ==>  Preparing: SELECT COUNT(*) AS total FROM item
13:29:16:030 DEBUG 11440 --- [item-service] [http-nio-8081-exec-4] c.d.m.i.m.ItemMapper.selectList_mpCount  : ==> Parameters: 
13:29:16:032 DEBUG 11440 --- [item-service] [http-nio-8081-exec-4] c.d.m.i.m.ItemMapper.selectList_mpCount  : <==      Total: 1
13:29:16:041 DEBUG 11440 --- [item-service] [http-nio-8081-exec-4] c.d.m.item.mapper.ItemMapper.selectList  : ==>  Preparing: SELECT id, name, price, stock, image, category, brand, spec, sold, comment_count, is_ad, status, create_time, update_time, creater, updater FROM item ORDER BY update_time DESC LIMIT ?
13:29:16:041 DEBUG 11440 --- [item-service] [http-nio-8081-exec-4] c.d.m.item.mapper.ItemMapper.selectList  : ==> Parameters: 20(Long)
13:29:16:045 DEBUG 11440 --- [item-service] [http-nio-8081-exec-4] c.d.m.item.mapper.ItemMapper.selectList  : <==      Total: 20
13:29:18:505  INFO 11440 --- [item-service] [http-nio-8081-exec-10] c.d.m.c.interceptor.UserinfoInterceptor  : [UserinfoInterceptor] request=/items/page user-info=null
13:29:18:518 DEBUG 11440 --- [item-service] [http-nio-8081-exec-10] c.d.m.i.m.ItemMapper.selectList_mpCount  : ==>  Preparing: SELECT COUNT(*) AS total FROM item
13:29:18:519 DEBUG 11440 --- [item-service] [http-nio-8081-exec-10] c.d.m.i.m.ItemMapper.selectList_mpCount  : ==> Parameters: 
13:29:18:520 DEBUG 11440 --- [item-service] [http-nio-8081-exec-10] c.d.m.i.m.ItemMapper.selectList_mpCount  : <==      Total: 1
13:29:18:526 DEBUG 11440 --- [item-service] [http-nio-8081-exec-10] c.d.m.item.mapper.ItemMapper.selectList  : ==>  Preparing: SELECT id, name, price, stock, image, category, brand, spec, sold, comment_count, is_ad, status, create_time, update_time, creater, updater FROM item ORDER BY update_time DESC LIMIT ?
13:29:18:526 DEBUG 11440 --- [item-service] [http-nio-8081-exec-10] c.d.m.item.mapper.ItemMapper.selectList  : ==> Parameters: 20(Long)
13:29:18:528 DEBUG 11440 --- [item-service] [http-nio-8081-exec-10] c.d.m.item.mapper.ItemMapper.selectList  : <==      Total: 20
13:29:19:564  INFO 11440 --- [item-service] [http-nio-8081-exec-6] c.d.m.c.interceptor.UserinfoInterceptor  : [UserinfoInterceptor] request=/items/brands user-info=null
13:29:19:565  INFO 11440 --- [item-service] [http-nio-8081-exec-7] c.d.m.c.interceptor.UserinfoInterceptor  : [UserinfoInterceptor] request=/items/page user-info=null
13:29:19:565  INFO 11440 --- [item-service] [http-nio-8081-exec-8] c.d.m.c.interceptor.UserinfoInterceptor  : [UserinfoInterceptor] request=/items/categories user-info=null
13:29:19:565 ERROR 11440 --- [item-service] [http-nio-8081-exec-6] c.d.m.c.advice.CommonExceptionAdvice     : 未预期异常

org.springframework.web.method.annotation.MethodArgumentTypeMismatchException: Failed to convert value of type 'java.lang.String' to required type 'java.lang.Long'; For input string: "brands"
	at org.springframework.web.method.annotation.AbstractNamedValueMethodArgumentResolver.convertIfNecessary(AbstractNamedValueMethodArgumentResolver.java:302) ~[spring-web-6.1.11.jar:6.1.11]
	at org.springframework.web.method.annotation.AbstractNamedValueMethodArgumentResolver.resolveArgument(AbstractNamedValueMethodArgumentResolver.java:137) ~[spring-web-6.1.11.jar:6.1.11]
	at org.springframework.web.method.support.HandlerMethodArgumentResolverComposite.resolveArgument(HandlerMethodArgumentResolverComposite.java:122) ~[spring-web-6.1.11.jar:6.1.11]
	at org.springframework.web.method.support.InvocableHandlerMethod.getMethodArgumentValues(InvocableHandlerMethod.java:224) ~[spring-web-6.1.11.jar:6.1.11]
	at org.springframework.web.method.support.InvocableHandlerMethod.invokeForRequest(InvocableHandlerMethod.java:178) ~[spring-web-6.1.11.jar:6.1.11]
	at org.springframework.web.servlet.mvc.method.annotation.ServletInvocableHandlerMethod.invokeAndHandle(ServletInvocableHandlerMethod.java:118) ~[spring-webmvc-6.1.11.jar:6.1.11]
	at org.springframework.web.servlet.mvc.method.annotation.RequestMappingHandlerAdapter.invokeHandlerMethod(RequestMappingHandlerAdapter.java:926) ~[spring-webmvc-6.1.11.jar:6.1.11]
	at org.springframework.web.servlet.mvc.method.annotation.RequestMappingHandlerAdapter.handleInternal(RequestMappingHandlerAdapter.java:831) ~[spring-webmvc-6.1.11.jar:6.1.11]
	at org.springframework.web.servlet.mvc.method.AbstractHandlerMethodAdapter.handle(AbstractHandlerMethodAdapter.java:87) ~[spring-webmvc-6.1.11.jar:6.1.11]
	at org.springframework.web.servlet.DispatcherServlet.doDispatch(DispatcherServlet.java:1089) ~[spring-webmvc-6.1.11.jar:6.1.11]
	at org.springframework.web.servlet.DispatcherServlet.doService(DispatcherServlet.java:979) ~[spring-webmvc-6.1.11.jar:6.1.11]
	at org.springframework.web.servlet.FrameworkServlet.processRequest(FrameworkServlet.java:1014) ~[spring-webmvc-6.1.11.jar:6.1.11]
	at org.springframework.web.servlet.FrameworkServlet.doGet(FrameworkServlet.java:903) ~[spring-webmvc-6.1.11.jar:6.1.11]
	at jakarta.servlet.http.HttpServlet.service(HttpServlet.java:564) ~[tomcat-embed-core-10.1.26.jar:10.1.26]
	at org.springframework.web.servlet.FrameworkServlet.service(FrameworkServlet.java:885) ~[spring-webmvc-6.1.11.jar:6.1.11]
	at jakarta.servlet.http.HttpServlet.service(HttpServlet.java:658) ~[tomcat-embed-core-10.1.26.jar:10.1.26]
	at org.apache.catalina.core.ApplicationFilterChain.internalDoFilter(ApplicationFilterChain.java:195) ~[tomcat-embed-core-10.1.26.jar:10.1.26]
	at org.apache.catalina.core.ApplicationFilterChain.doFilter(ApplicationFilterChain.java:140) ~[tomcat-embed-core-10.1.26.jar:10.1.26]
	at org.apache.tomcat.websocket.server.WsFilter.doFilter(WsFilter.java:51) ~[tomcat-embed-websocket-10.1.26.jar:10.1.26]
	at org.apache.catalina.core.ApplicationFilterChain.internalDoFilter(ApplicationFilterChain.java:164) ~[tomcat-embed-core-10.1.26.jar:10.1.26]
	at org.apache.catalina.core.ApplicationFilterChain.doFilter(ApplicationFilterChain.java:140) ~[tomcat-embed-core-10.1.26.jar:10.1.26]
	at org.springframework.web.filter.RequestContextFilter.doFilterInternal(RequestContextFilter.java:100) ~[spring-web-6.1.11.jar:6.1.11]
	at org.springframework.web.filter.OncePerRequestFilter.doFilter(OncePerRequestFilter.java:116) ~[spring-web-6.1.11.jar:6.1.11]
	at org.apache.catalina.core.ApplicationFilterChain.internalDoFilter(ApplicationFilterChain.java:164) ~[tomcat-embed-core-10.1.26.jar:10.1.26]
	at org.apache.catalina.core.ApplicationFilterChain.doFilter(ApplicationFilterChain.java:140) ~[tomcat-embed-core-10.1.26.jar:10.1.26]
	at org.springframework.web.filter.FormContentFilter.doFilterInternal(FormContentFilter.java:93) ~[spring-web-6.1.11.jar:6.1.11]
	at org.springframework.web.filter.OncePerRequestFilter.doFilter(OncePerRequestFilter.java:116) ~[spring-web-6.1.11.jar:6.1.11]
	at org.apache.catalina.core.ApplicationFilterChain.internalDoFilter(ApplicationFilterChain.java:164) ~[tomcat-embed-core-10.1.26.jar:10.1.26]
	at org.apache.catalina.core.ApplicationFilterChain.doFilter(ApplicationFilterChain.java:140) ~[tomcat-embed-core-10.1.26.jar:10.1.26]
	at org.springframework.web.filter.ServerHttpObservationFilter.doFilterInternal(ServerHttpObservationFilter.java:113) ~[spring-web-6.1.11.jar:6.1.11]
	at org.springframework.web.filter.OncePerRequestFilter.doFilter(OncePerRequestFilter.java:116) ~[spring-web-6.1.11.jar:6.1.11]
	at org.apache.catalina.core.ApplicationFilterChain.internalDoFilter(ApplicationFilterChain.java:164) ~[tomcat-embed-core-10.1.26.jar:10.1.26]
	at org.apache.catalina.core.ApplicationFilterChain.doFilter(ApplicationFilterChain.java:140) ~[tomcat-embed-core-10.1.26.jar:10.1.26]
	at org.springframework.web.filter.CharacterEncodingFilter.doFilterInternal(CharacterEncodingFilter.java:201) ~[spring-web-6.1.11.jar:6.1.11]
	at org.springframework.web.filter.OncePerRequestFilter.doFilter(OncePerRequestFilter.java:116) ~[spring-web-6.1.11.jar:6.1.11]
	at org.apache.catalina.core.ApplicationFilterChain.internalDoFilter(ApplicationFilterChain.java:164) ~[tomcat-embed-core-10.1.26.jar:10.1.26]
	at org.apache.catalina.core.ApplicationFilterChain.doFilter(ApplicationFilterChain.java:140) ~[tomcat-embed-core-10.1.26.jar:10.1.26]
	at org.apache.catalina.core.StandardWrapperValve.invoke(StandardWrapperValve.java:167) ~[tomcat-embed-core-10.1.26.jar:10.1.26]
	at org.apache.catalina.core.StandardContextValve.invoke(StandardContextValve.java:90) ~[tomcat-embed-core-10.1.26.jar:10.1.26]
	at org.apache.catalina.authenticator.AuthenticatorBase.invoke(AuthenticatorBase.java:483) ~[tomcat-embed-core-10.1.26.jar:10.1.26]
	at org.apache.catalina.core.StandardHostValve.invoke(StandardHostValve.java:115) ~[tomcat-embed-core-10.1.26.jar:10.1.26]
	at org.apache.catalina.valves.ErrorReportValve.invoke(ErrorReportValve.java:93) ~[tomcat-embed-core-10.1.26.jar:10.1.26]
	at org.apache.catalina.core.StandardEngineValve.invoke(StandardEngineValve.java:74) ~[tomcat-embed-core-10.1.26.jar:10.1.26]
	at org.apache.catalina.connector.CoyoteAdapter.service(CoyoteAdapter.java:344) ~[tomcat-embed-core-10.1.26.jar:10.1.26]
	at org.apache.coyote.http11.Http11Processor.service(Http11Processor.java:389) ~[tomcat-embed-core-10.1.26.jar:10.1.26]
	at org.apache.coyote.AbstractProcessorLight.process(AbstractProcessorLight.java:63) ~[tomcat-embed-core-10.1.26.jar:10.1.26]
	at org.apache.coyote.AbstractProtocol$ConnectionHandler.process(AbstractProtocol.java:904) ~[tomcat-embed-core-10.1.26.jar:10.1.26]
	at org.apache.tomcat.util.net.NioEndpoint$SocketProcessor.doRun(NioEndpoint.java:1741) ~[tomcat-embed-core-10.1.26.jar:10.1.26]
	at org.apache.tomcat.util.net.SocketProcessorBase.run(SocketProcessorBase.java:52) ~[tomcat-embed-core-10.1.26.jar:10.1.26]
	at org.apache.tomcat.util.threads.ThreadPoolExecutor.runWorker(ThreadPoolExecutor.java:1190) ~[tomcat-embed-core-10.1.26.jar:10.1.26]
	at org.apache.tomcat.util.threads.ThreadPoolExecutor$Worker.run(ThreadPoolExecutor.java:659) ~[tomcat-embed-core-10.1.26.jar:10.1.26]
	at org.apache.tomcat.util.threads.TaskThread$WrappingRunnable.run(TaskThread.java:63) ~[tomcat-embed-core-10.1.26.jar:10.1.26]
	at java.base/java.lang.Thread.run(Thread.java:1583) ~[na:na]
Caused by: java.lang.NumberFormatException: For input string: "brands"
	at java.base/java.lang.NumberFormatException.forInputString(NumberFormatException.java:67) ~[na:na]
	at java.base/java.lang.Long.parseLong(Long.java:709) ~[na:na]
	at java.base/java.lang.Long.valueOf(Long.java:1157) ~[na:na]
	at org.springframework.util.NumberUtils.parseNumber(NumberUtils.java:206) ~[spring-core-6.1.11.jar:6.1.11]
	at org.springframework.beans.propertyeditors.CustomNumberEditor.setAsText(CustomNumberEditor.java:115) ~[spring-beans-6.1.11.jar:6.1.11]
	at org.springframework.beans.TypeConverterDelegate.doConvertTextValue(TypeConverterDelegate.java:439) ~[spring-beans-6.1.11.jar:6.1.11]
	at org.springframework.beans.TypeConverterDelegate.doConvertValue(TypeConverterDelegate.java:412) ~[spring-beans-6.1.11.jar:6.1.11]
	at org.springframework.beans.TypeConverterDelegate.convertIfNecessary(TypeConverterDelegate.java:161) ~[spring-beans-6.1.11.jar:6.1.11]
	at org.springframework.beans.TypeConverterSupport.convertIfNecessary(TypeConverterSupport.java:80) ~[spring-beans-6.1.11.jar:6.1.11]
	at org.springframework.beans.TypeConverterSupport.convertIfNecessary(TypeConverterSupport.java:53) ~[spring-beans-6.1.11.jar:6.1.11]
	at org.springframework.validation.DataBinder.convertIfNecessary(DataBinder.java:860) ~[spring-context-6.1.11.jar:6.1.11]
	at org.springframework.web.method.annotation.AbstractNamedValueMethodArgumentResolver.convertIfNecessary(AbstractNamedValueMethodArgumentResolver.java:294) ~[spring-web-6.1.11.jar:6.1.11]
	... 52 common frames omitted

13:29:19:565 ERROR 11440 --- [item-service] [http-nio-8081-exec-8] c.d.m.c.advice.CommonExceptionAdvice     : 未预期异常

org.springframework.web.method.annotation.MethodArgumentTypeMismatchException: Failed to convert value of type 'java.lang.String' to required type 'java.lang.Long'; For input string: "categories"
	at org.springframework.web.method.annotation.AbstractNamedValueMethodArgumentResolver.convertIfNecessary(AbstractNamedValueMethodArgumentResolver.java:302) ~[spring-web-6.1.11.jar:6.1.11]
	at org.springframework.web.method.annotation.AbstractNamedValueMethodArgumentResolver.resolveArgument(AbstractNamedValueMethodArgumentResolver.java:137) ~[spring-web-6.1.11.jar:6.1.11]
	at org.springframework.web.method.support.HandlerMethodArgumentResolverComposite.resolveArgument(HandlerMethodArgumentResolverComposite.java:122) ~[spring-web-6.1.11.jar:6.1.11]
	at org.springframework.web.method.support.InvocableHandlerMethod.getMethodArgumentValues(InvocableHandlerMethod.java:224) ~[spring-web-6.1.11.jar:6.1.11]
	at org.springframework.web.method.support.InvocableHandlerMethod.invokeForRequest(InvocableHandlerMethod.java:178) ~[spring-web-6.1.11.jar:6.1.11]
	at org.springframework.web.servlet.mvc.method.annotation.ServletInvocableHandlerMethod.invokeAndHandle(ServletInvocableHandlerMethod.java:118) ~[spring-webmvc-6.1.11.jar:6.1.11]
	at org.springframework.web.servlet.mvc.method.annotation.RequestMappingHandlerAdapter.invokeHandlerMethod(RequestMappingHandlerAdapter.java:926) ~[spring-webmvc-6.1.11.jar:6.1.11]
	at org.springframework.web.servlet.mvc.method.annotation.RequestMappingHandlerAdapter.handleInternal(RequestMappingHandlerAdapter.java:831) ~[spring-webmvc-6.1.11.jar:6.1.11]
	at org.springframework.web.servlet.mvc.method.AbstractHandlerMethodAdapter.handle(AbstractHandlerMethodAdapter.java:87) ~[spring-webmvc-6.1.11.jar:6.1.11]
	at org.springframework.web.servlet.DispatcherServlet.doDispatch(DispatcherServlet.java:1089) ~[spring-webmvc-6.1.11.jar:6.1.11]
	at org.springframework.web.servlet.DispatcherServlet.doService(DispatcherServlet.java:979) ~[spring-webmvc-6.1.11.jar:6.1.11]
	at org.springframework.web.servlet.FrameworkServlet.processRequest(FrameworkServlet.java:1014) ~[spring-webmvc-6.1.11.jar:6.1.11]
	at org.springframework.web.servlet.FrameworkServlet.doGet(FrameworkServlet.java:903) ~[spring-webmvc-6.1.11.jar:6.1.11]
	at jakarta.servlet.http.HttpServlet.service(HttpServlet.java:564) ~[tomcat-embed-core-10.1.26.jar:10.1.26]
	at org.springframework.web.servlet.FrameworkServlet.service(FrameworkServlet.java:885) ~[spring-webmvc-6.1.11.jar:6.1.11]
	at jakarta.servlet.http.HttpServlet.service(HttpServlet.java:658) ~[tomcat-embed-core-10.1.26.jar:10.1.26]
	at org.apache.catalina.core.ApplicationFilterChain.internalDoFilter(ApplicationFilterChain.java:195) ~[tomcat-embed-core-10.1.26.jar:10.1.26]
	at org.apache.catalina.core.ApplicationFilterChain.doFilter(ApplicationFilterChain.java:140) ~[tomcat-embed-core-10.1.26.jar:10.1.26]
	at org.apache.tomcat.websocket.server.WsFilter.doFilter(WsFilter.java:51) ~[tomcat-embed-websocket-10.1.26.jar:10.1.26]
	at org.apache.catalina.core.ApplicationFilterChain.internalDoFilter(ApplicationFilterChain.java:164) ~[tomcat-embed-core-10.1.26.jar:10.1.26]
	at org.apache.catalina.core.ApplicationFilterChain.doFilter(ApplicationFilterChain.java:140) ~[tomcat-embed-core-10.1.26.jar:10.1.26]
	at org.springframework.web.filter.RequestContextFilter.doFilterInternal(RequestContextFilter.java:100) ~[spring-web-6.1.11.jar:6.1.11]
	at org.springframework.web.filter.OncePerRequestFilter.doFilter(OncePerRequestFilter.java:116) ~[spring-web-6.1.11.jar:6.1.11]
	at org.apache.catalina.core.ApplicationFilterChain.internalDoFilter(ApplicationFilterChain.java:164) ~[tomcat-embed-core-10.1.26.jar:10.1.26]
	at org.apache.catalina.core.ApplicationFilterChain.doFilter(ApplicationFilterChain.java:140) ~[tomcat-embed-core-10.1.26.jar:10.1.26]
	at org.springframework.web.filter.FormContentFilter.doFilterInternal(FormContentFilter.java:93) ~[spring-web-6.1.11.jar:6.1.11]
	at org.springframework.web.filter.OncePerRequestFilter.doFilter(OncePerRequestFilter.java:116) ~[spring-web-6.1.11.jar:6.1.11]
	at org.apache.catalina.core.ApplicationFilterChain.internalDoFilter(ApplicationFilterChain.java:164) ~[tomcat-embed-core-10.1.26.jar:10.1.26]
	at org.apache.catalina.core.ApplicationFilterChain.doFilter(ApplicationFilterChain.java:140) ~[tomcat-embed-core-10.1.26.jar:10.1.26]
	at org.springframework.web.filter.ServerHttpObservationFilter.doFilterInternal(ServerHttpObservationFilter.java:113) ~[spring-web-6.1.11.jar:6.1.11]
	at org.springframework.web.filter.OncePerRequestFilter.doFilter(OncePerRequestFilter.java:116) ~[spring-web-6.1.11.jar:6.1.11]
	at org.apache.catalina.core.ApplicationFilterChain.internalDoFilter(ApplicationFilterChain.java:164) ~[tomcat-embed-core-10.1.26.jar:10.1.26]
	at org.apache.catalina.core.ApplicationFilterChain.doFilter(ApplicationFilterChain.java:140) ~[tomcat-embed-core-10.1.26.jar:10.1.26]
	at org.springframework.web.filter.CharacterEncodingFilter.doFilterInternal(CharacterEncodingFilter.java:201) ~[spring-web-6.1.11.jar:6.1.11]
	at org.springframework.web.filter.OncePerRequestFilter.doFilter(OncePerRequestFilter.java:116) ~[spring-web-6.1.11.jar:6.1.11]
	at org.apache.catalina.core.ApplicationFilterChain.internalDoFilter(ApplicationFilterChain.java:164) ~[tomcat-embed-core-10.1.26.jar:10.1.26]
	at org.apache.catalina.core.ApplicationFilterChain.doFilter(ApplicationFilterChain.java:140) ~[tomcat-embed-core-10.1.26.jar:10.1.26]
	at org.apache.catalina.core.StandardWrapperValve.invoke(StandardWrapperValve.java:167) ~[tomcat-embed-core-10.1.26.jar:10.1.26]
	at org.apache.catalina.core.StandardContextValve.invoke(StandardContextValve.java:90) ~[tomcat-embed-core-10.1.26.jar:10.1.26]
	at org.apache.catalina.authenticator.AuthenticatorBase.invoke(AuthenticatorBase.java:483) ~[tomcat-embed-core-10.1.26.jar:10.1.26]
	at org.apache.catalina.core.StandardHostValve.invoke(StandardHostValve.java:115) ~[tomcat-embed-core-10.1.26.jar:10.1.26]
	at org.apache.catalina.valves.ErrorReportValve.invoke(ErrorReportValve.java:93) ~[tomcat-embed-core-10.1.26.jar:10.1.26]
	at org.apache.catalina.core.StandardEngineValve.invoke(StandardEngineValve.java:74) ~[tomcat-embed-core-10.1.26.jar:10.1.26]
	at org.apache.catalina.connector.CoyoteAdapter.service(CoyoteAdapter.java:344) ~[tomcat-embed-core-10.1.26.jar:10.1.26]
	at org.apache.coyote.http11.Http11Processor.service(Http11Processor.java:389) ~[tomcat-embed-core-10.1.26.jar:10.1.26]
	at org.apache.coyote.AbstractProcessorLight.process(AbstractProcessorLight.java:63) ~[tomcat-embed-core-10.1.26.jar:10.1.26]
	at org.apache.coyote.AbstractProtocol$ConnectionHandler.process(AbstractProtocol.java:904) ~[tomcat-embed-core-10.1.26.jar:10.1.26]
	at org.apache.tomcat.util.net.NioEndpoint$SocketProcessor.doRun(NioEndpoint.java:1741) ~[tomcat-embed-core-10.1.26.jar:10.1.26]
	at org.apache.tomcat.util.net.SocketProcessorBase.run(SocketProcessorBase.java:52) ~[tomcat-embed-core-10.1.26.jar:10.1.26]
	at org.apache.tomcat.util.threads.ThreadPoolExecutor.runWorker(ThreadPoolExecutor.java:1190) ~[tomcat-embed-core-10.1.26.jar:10.1.26]
	at org.apache.tomcat.util.threads.ThreadPoolExecutor$Worker.run(ThreadPoolExecutor.java:659) ~[tomcat-embed-core-10.1.26.jar:10.1.26]
	at org.apache.tomcat.util.threads.TaskThread$WrappingRunnable.run(TaskThread.java:63) ~[tomcat-embed-core-10.1.26.jar:10.1.26]
	at java.base/java.lang.Thread.run(Thread.java:1583) ~[na:na]
Caused by: java.lang.NumberFormatException: For input string: "categories"
	at java.base/java.lang.NumberFormatException.forInputString(NumberFormatException.java:67) ~[na:na]
	at java.base/java.lang.Long.parseLong(Long.java:709) ~[na:na]
	at java.base/java.lang.Long.valueOf(Long.java:1157) ~[na:na]
	at org.springframework.util.NumberUtils.parseNumber(NumberUtils.java:206) ~[spring-core-6.1.11.jar:6.1.11]
	at org.springframework.beans.propertyeditors.CustomNumberEditor.setAsText(CustomNumberEditor.java:115) ~[spring-beans-6.1.11.jar:6.1.11]
	at org.springframework.beans.TypeConverterDelegate.doConvertTextValue(TypeConverterDelegate.java:439) ~[spring-beans-6.1.11.jar:6.1.11]
	at org.springframework.beans.TypeConverterDelegate.doConvertValue(TypeConverterDelegate.java:412) ~[spring-beans-6.1.11.jar:6.1.11]
	at org.springframework.beans.TypeConverterDelegate.convertIfNecessary(TypeConverterDelegate.java:161) ~[spring-beans-6.1.11.jar:6.1.11]
	at org.springframework.beans.TypeConverterSupport.convertIfNecessary(TypeConverterSupport.java:80) ~[spring-beans-6.1.11.jar:6.1.11]
	at org.springframework.beans.TypeConverterSupport.convertIfNecessary(TypeConverterSupport.java:53) ~[spring-beans-6.1.11.jar:6.1.11]
	at org.springframework.validation.DataBinder.convertIfNecessary(DataBinder.java:860) ~[spring-context-6.1.11.jar:6.1.11]
	at org.springframework.web.method.annotation.AbstractNamedValueMethodArgumentResolver.convertIfNecessary(AbstractNamedValueMethodArgumentResolver.java:294) ~[spring-web-6.1.11.jar:6.1.11]
	... 52 common frames omitted

13:29:19:575 DEBUG 11440 --- [item-service] [http-nio-8081-exec-7] c.d.m.i.m.ItemMapper.selectList_mpCount  : ==>  Preparing: SELECT COUNT(*) AS total FROM item
13:29:19:575 DEBUG 11440 --- [item-service] [http-nio-8081-exec-7] c.d.m.i.m.ItemMapper.selectList_mpCount  : ==> Parameters: 
13:29:19:576 DEBUG 11440 --- [item-service] [http-nio-8081-exec-7] c.d.m.i.m.ItemMapper.selectList_mpCount  : <==      Total: 1
13:29:19:583 DEBUG 11440 --- [item-service] [http-nio-8081-exec-7] c.d.m.item.mapper.ItemMapper.selectList  : ==>  Preparing: SELECT id, name, price, stock, image, category, brand, spec, sold, comment_count, is_ad, status, create_time, update_time, creater, updater FROM item ORDER BY update_time DESC LIMIT ?
13:29:19:583 DEBUG 11440 --- [item-service] [http-nio-8081-exec-7] c.d.m.item.mapper.ItemMapper.selectList  : ==> Parameters: 20(Long)
13:29:19:586 DEBUG 11440 --- [item-service] [http-nio-8081-exec-7] c.d.m.item.mapper.ItemMapper.selectList  : <==      Total: 20
13:29:25:216  INFO 11440 --- [item-service] [http-nio-8081-exec-9] c.d.m.c.interceptor.UserinfoInterceptor  : [UserinfoInterceptor] request=/items user-info=2061794238225747970
13:29:25:219 DEBUG 11440 --- [item-service] [http-nio-8081-exec-9] c.d.m.i.m.ItemMapper.selectBatchIds      : ==>  Preparing: SELECT id,name,price,stock,image,category,brand,spec,sold,comment_count,is_ad,status,create_time,update_time,creater,updater FROM item WHERE id IN ( ? )
13:29:25:219 DEBUG 11440 --- [item-service] [http-nio-8081-exec-9] c.d.m.i.m.ItemMapper.selectBatchIds      : ==> Parameters: 177(Long)
13:29:25:220 DEBUG 11440 --- [item-service] [http-nio-8081-exec-9] c.d.m.i.m.ItemMapper.selectBatchIds      : <==      Total: 1
13:29:25:300  INFO 11440 --- [item-service] [http-nio-8081-exec-1] c.d.m.c.interceptor.UserinfoInterceptor  : [UserinfoInterceptor] request=/items user-info=2061794238225747970
13:29:25:301 DEBUG 11440 --- [item-service] [http-nio-8081-exec-1] c.d.m.i.m.ItemMapper.selectBatchIds      : ==>  Preparing: SELECT id,name,price,stock,image,category,brand,spec,sold,comment_count,is_ad,status,create_time,update_time,creater,updater FROM item WHERE id IN ( ? )
13:29:25:301 DEBUG 11440 --- [item-service] [http-nio-8081-exec-1] c.d.m.i.m.ItemMapper.selectBatchIds      : ==> Parameters: 177(Long)
13:29:25:303 DEBUG 11440 --- [item-service] [http-nio-8081-exec-1] c.d.m.i.m.ItemMapper.selectBatchIds      : <==      Total: 1
13:30:34:094  INFO 11440 --- [item-service] [http-nio-8081-exec-3] c.d.m.c.interceptor.UserinfoInterceptor  : [UserinfoInterceptor] request=/items/page user-info=null
13:30:34:102 DEBUG 11440 --- [item-service] [http-nio-8081-exec-3] c.d.m.i.m.ItemMapper.selectList_mpCount  : ==>  Preparing: SELECT COUNT(*) AS total FROM item
13:30:34:102 DEBUG 11440 --- [item-service] [http-nio-8081-exec-3] c.d.m.i.m.ItemMapper.selectList_mpCount  : ==> Parameters: 
13:30:34:103 DEBUG 11440 --- [item-service] [http-nio-8081-exec-3] c.d.m.i.m.ItemMapper.selectList_mpCount  : <==      Total: 1
13:30:34:110 DEBUG 11440 --- [item-service] [http-nio-8081-exec-3] c.d.m.item.mapper.ItemMapper.selectList  : ==>  Preparing: SELECT id, name, price, stock, image, category, brand, spec, sold, comment_count, is_ad, status, create_time, update_time, creater, updater FROM item ORDER BY update_time DESC LIMIT ?
13:30:34:111 DEBUG 11440 --- [item-service] [http-nio-8081-exec-3] c.d.m.item.mapper.ItemMapper.selectList  : ==> Parameters: 20(Long)
13:30:34:113 DEBUG 11440 --- [item-service] [http-nio-8081-exec-3] c.d.m.item.mapper.ItemMapper.selectList  : <==      Total: 20
13:30:35:145  INFO 11440 --- [item-service] [http-nio-8081-exec-4] c.d.m.c.interceptor.UserinfoInterceptor  : [UserinfoInterceptor] request=/items/categories user-info=null
13:30:35:146 ERROR 11440 --- [item-service] [http-nio-8081-exec-4] c.d.m.c.advice.CommonExceptionAdvice     : 未预期异常

org.springframework.web.method.annotation.MethodArgumentTypeMismatchException: Failed to convert value of type 'java.lang.String' to required type 'java.lang.Long'; For input string: "categories"
	at org.springframework.web.method.annotation.AbstractNamedValueMethodArgumentResolver.convertIfNecessary(AbstractNamedValueMethodArgumentResolver.java:302) ~[spring-web-6.1.11.jar:6.1.11]
	at org.springframework.web.method.annotation.AbstractNamedValueMethodArgumentResolver.resolveArgument(AbstractNamedValueMethodArgumentResolver.java:137) ~[spring-web-6.1.11.jar:6.1.11]
	at org.springframework.web.method.support.HandlerMethodArgumentResolverComposite.resolveArgument(HandlerMethodArgumentResolverComposite.java:122) ~[spring-web-6.1.11.jar:6.1.11]
	at org.springframework.web.method.support.InvocableHandlerMethod.getMethodArgumentValues(InvocableHandlerMethod.java:224) ~[spring-web-6.1.11.jar:6.1.11]
	at org.springframework.web.method.support.InvocableHandlerMethod.invokeForRequest(InvocableHandlerMethod.java:178) ~[spring-web-6.1.11.jar:6.1.11]
	at org.springframework.web.servlet.mvc.method.annotation.ServletInvocableHandlerMethod.invokeAndHandle(ServletInvocableHandlerMethod.java:118) ~[spring-webmvc-6.1.11.jar:6.1.11]
	at org.springframework.web.servlet.mvc.method.annotation.RequestMappingHandlerAdapter.invokeHandlerMethod(RequestMappingHandlerAdapter.java:926) ~[spring-webmvc-6.1.11.jar:6.1.11]
	at org.springframework.web.servlet.mvc.method.annotation.RequestMappingHandlerAdapter.handleInternal(RequestMappingHandlerAdapter.java:831) ~[spring-webmvc-6.1.11.jar:6.1.11]
	at org.springframework.web.servlet.mvc.method.AbstractHandlerMethodAdapter.handle(AbstractHandlerMethodAdapter.java:87) ~[spring-webmvc-6.1.11.jar:6.1.11]
	at org.springframework.web.servlet.DispatcherServlet.doDispatch(DispatcherServlet.java:1089) ~[spring-webmvc-6.1.11.jar:6.1.11]
	at org.springframework.web.servlet.DispatcherServlet.doService(DispatcherServlet.java:979) ~[spring-webmvc-6.1.11.jar:6.1.11]
	at org.springframework.web.servlet.FrameworkServlet.processRequest(FrameworkServlet.java:1014) ~[spring-webmvc-6.1.11.jar:6.1.11]
	at org.springframework.web.servlet.FrameworkServlet.doGet(FrameworkServlet.java:903) ~[spring-webmvc-6.1.11.jar:6.1.11]
	at jakarta.servlet.http.HttpServlet.service(HttpServlet.java:564) ~[tomcat-embed-core-10.1.26.jar:10.1.26]
	at org.springframework.web.servlet.FrameworkServlet.service(FrameworkServlet.java:885) ~[spring-webmvc-6.1.11.jar:6.1.11]
	at jakarta.servlet.http.HttpServlet.service(HttpServlet.java:658) ~[tomcat-embed-core-10.1.26.jar:10.1.26]
	at org.apache.catalina.core.ApplicationFilterChain.internalDoFilter(ApplicationFilterChain.java:195) ~[tomcat-embed-core-10.1.26.jar:10.1.26]
	at org.apache.catalina.core.ApplicationFilterChain.doFilter(ApplicationFilterChain.java:140) ~[tomcat-embed-core-10.1.26.jar:10.1.26]
	at org.apache.tomcat.websocket.server.WsFilter.doFilter(WsFilter.java:51) ~[tomcat-embed-websocket-10.1.26.jar:10.1.26]
	at org.apache.catalina.core.ApplicationFilterChain.internalDoFilter(ApplicationFilterChain.java:164) ~[tomcat-embed-core-10.1.26.jar:10.1.26]
	at org.apache.catalina.core.ApplicationFilterChain.doFilter(ApplicationFilterChain.java:140) ~[tomcat-embed-core-10.1.26.jar:10.1.26]
	at org.springframework.web.filter.RequestContextFilter.doFilterInternal(RequestContextFilter.java:100) ~[spring-web-6.1.11.jar:6.1.11]
	at org.springframework.web.filter.OncePerRequestFilter.doFilter(OncePerRequestFilter.java:116) ~[spring-web-6.1.11.jar:6.1.11]
	at org.apache.catalina.core.ApplicationFilterChain.internalDoFilter(ApplicationFilterChain.java:164) ~[tomcat-embed-core-10.1.26.jar:10.1.26]
	at org.apache.catalina.core.ApplicationFilterChain.doFilter(ApplicationFilterChain.java:140) ~[tomcat-embed-core-10.1.26.jar:10.1.26]
	at org.springframework.web.filter.FormContentFilter.doFilterInternal(FormContentFilter.java:93) ~[spring-web-6.1.11.jar:6.1.11]
	at org.springframework.web.filter.OncePerRequestFilter.doFilter(OncePerRequestFilter.java:116) ~[spring-web-6.1.11.jar:6.1.11]
	at org.apache.catalina.core.ApplicationFilterChain.internalDoFilter(ApplicationFilterChain.java:164) ~[tomcat-embed-core-10.1.26.jar:10.1.26]
	at org.apache.catalina.core.ApplicationFilterChain.doFilter(ApplicationFilterChain.java:140) ~[tomcat-embed-core-10.1.26.jar:10.1.26]
	at org.springframework.web.filter.ServerHttpObservationFilter.doFilterInternal(ServerHttpObservationFilter.java:113) ~[spring-web-6.1.11.jar:6.1.11]
	at org.springframework.web.filter.OncePerRequestFilter.doFilter(OncePerRequestFilter.java:116) ~[spring-web-6.1.11.jar:6.1.11]
	at org.apache.catalina.core.ApplicationFilterChain.internalDoFilter(ApplicationFilterChain.java:164) ~[tomcat-embed-core-10.1.26.jar:10.1.26]
	at org.apache.catalina.core.ApplicationFilterChain.doFilter(ApplicationFilterChain.java:140) ~[tomcat-embed-core-10.1.26.jar:10.1.26]
	at org.springframework.web.filter.CharacterEncodingFilter.doFilterInternal(CharacterEncodingFilter.java:201) ~[spring-web-6.1.11.jar:6.1.11]
	at org.springframework.web.filter.OncePerRequestFilter.doFilter(OncePerRequestFilter.java:116) ~[spring-web-6.1.11.jar:6.1.11]
	at org.apache.catalina.core.ApplicationFilterChain.internalDoFilter(ApplicationFilterChain.java:164) ~[tomcat-embed-core-10.1.26.jar:10.1.26]
	at org.apache.catalina.core.ApplicationFilterChain.doFilter(ApplicationFilterChain.java:140) ~[tomcat-embed-core-10.1.26.jar:10.1.26]
	at org.apache.catalina.core.StandardWrapperValve.invoke(StandardWrapperValve.java:167) ~[tomcat-embed-core-10.1.26.jar:10.1.26]
	at org.apache.catalina.core.StandardContextValve.invoke(StandardContextValve.java:90) ~[tomcat-embed-core-10.1.26.jar:10.1.26]
	at org.apache.catalina.authenticator.AuthenticatorBase.invoke(AuthenticatorBase.java:483) ~[tomcat-embed-core-10.1.26.jar:10.1.26]
	at org.apache.catalina.core.StandardHostValve.invoke(StandardHostValve.java:115) ~[tomcat-embed-core-10.1.26.jar:10.1.26]
	at org.apache.catalina.valves.ErrorReportValve.invoke(ErrorReportValve.java:93) ~[tomcat-embed-core-10.1.26.jar:10.1.26]
	at org.apache.catalina.core.StandardEngineValve.invoke(StandardEngineValve.java:74) ~[tomcat-embed-core-10.1.26.jar:10.1.26]
	at org.apache.catalina.connector.CoyoteAdapter.service(CoyoteAdapter.java:344) ~[tomcat-embed-core-10.1.26.jar:10.1.26]
	at org.apache.coyote.http11.Http11Processor.service(Http11Processor.java:389) ~[tomcat-embed-core-10.1.26.jar:10.1.26]
	at org.apache.coyote.AbstractProcessorLight.process(AbstractProcessorLight.java:63) ~[tomcat-embed-core-10.1.26.jar:10.1.26]
	at org.apache.coyote.AbstractProtocol$ConnectionHandler.process(AbstractProtocol.java:904) ~[tomcat-embed-core-10.1.26.jar:10.1.26]
	at org.apache.tomcat.util.net.NioEndpoint$SocketProcessor.doRun(NioEndpoint.java:1741) ~[tomcat-embed-core-10.1.26.jar:10.1.26]
	at org.apache.tomcat.util.net.SocketProcessorBase.run(SocketProcessorBase.java:52) ~[tomcat-embed-core-10.1.26.jar:10.1.26]
	at org.apache.tomcat.util.threads.ThreadPoolExecutor.runWorker(ThreadPoolExecutor.java:1190) ~[tomcat-embed-core-10.1.26.jar:10.1.26]
	at org.apache.tomcat.util.threads.ThreadPoolExecutor$Worker.run(ThreadPoolExecutor.java:659) ~[tomcat-embed-core-10.1.26.jar:10.1.26]
	at org.apache.tomcat.util.threads.TaskThread$WrappingRunnable.run(TaskThread.java:63) ~[tomcat-embed-core-10.1.26.jar:10.1.26]
	at java.base/java.lang.Thread.run(Thread.java:1583) ~[na:na]
Caused by: java.lang.NumberFormatException: For input string: "categories"
	at java.base/java.lang.NumberFormatException.forInputString(NumberFormatException.java:67) ~[na:na]
	at java.base/java.lang.Long.parseLong(Long.java:709) ~[na:na]
	at java.base/java.lang.Long.valueOf(Long.java:1157) ~[na:na]
	at org.springframework.util.NumberUtils.parseNumber(NumberUtils.java:206) ~[spring-core-6.1.11.jar:6.1.11]
	at org.springframework.beans.propertyeditors.CustomNumberEditor.setAsText(CustomNumberEditor.java:115) ~[spring-beans-6.1.11.jar:6.1.11]
	at org.springframework.beans.TypeConverterDelegate.doConvertTextValue(TypeConverterDelegate.java:439) ~[spring-beans-6.1.11.jar:6.1.11]
	at org.springframework.beans.TypeConverterDelegate.doConvertValue(TypeConverterDelegate.java:412) ~[spring-beans-6.1.11.jar:6.1.11]
	at org.springframework.beans.TypeConverterDelegate.convertIfNecessary(TypeConverterDelegate.java:161) ~[spring-beans-6.1.11.jar:6.1.11]
	at org.springframework.beans.TypeConverterSupport.convertIfNecessary(TypeConverterSupport.java:80) ~[spring-beans-6.1.11.jar:6.1.11]
	at org.springframework.beans.TypeConverterSupport.convertIfNecessary(TypeConverterSupport.java:53) ~[spring-beans-6.1.11.jar:6.1.11]
	at org.springframework.validation.DataBinder.convertIfNecessary(DataBinder.java:860) ~[spring-context-6.1.11.jar:6.1.11]
	at org.springframework.web.method.annotation.AbstractNamedValueMethodArgumentResolver.convertIfNecessary(AbstractNamedValueMethodArgumentResolver.java:294) ~[spring-web-6.1.11.jar:6.1.11]
	... 52 common frames omitted

13:30:35:169  INFO 11440 --- [item-service] [http-nio-8081-exec-10] c.d.m.c.interceptor.UserinfoInterceptor  : [UserinfoInterceptor] request=/items/brands user-info=null
13:30:35:171  INFO 11440 --- [item-service] [http-nio-8081-exec-8] c.d.m.c.interceptor.UserinfoInterceptor  : [UserinfoInterceptor] request=/items/page user-info=null
13:30:35:171 ERROR 11440 --- [item-service] [http-nio-8081-exec-10] c.d.m.c.advice.CommonExceptionAdvice     : 未预期异常

org.springframework.web.method.annotation.MethodArgumentTypeMismatchException: Failed to convert value of type 'java.lang.String' to required type 'java.lang.Long'; For input string: "brands"
	at org.springframework.web.method.annotation.AbstractNamedValueMethodArgumentResolver.convertIfNecessary(AbstractNamedValueMethodArgumentResolver.java:302) ~[spring-web-6.1.11.jar:6.1.11]
	at org.springframework.web.method.annotation.AbstractNamedValueMethodArgumentResolver.resolveArgument(AbstractNamedValueMethodArgumentResolver.java:137) ~[spring-web-6.1.11.jar:6.1.11]
	at org.springframework.web.method.support.HandlerMethodArgumentResolverComposite.resolveArgument(HandlerMethodArgumentResolverComposite.java:122) ~[spring-web-6.1.11.jar:6.1.11]
	at org.springframework.web.method.support.InvocableHandlerMethod.getMethodArgumentValues(InvocableHandlerMethod.java:224) ~[spring-web-6.1.11.jar:6.1.11]
	at org.springframework.web.method.support.InvocableHandlerMethod.invokeForRequest(InvocableHandlerMethod.java:178) ~[spring-web-6.1.11.jar:6.1.11]
	at org.springframework.web.servlet.mvc.method.annotation.ServletInvocableHandlerMethod.invokeAndHandle(ServletInvocableHandlerMethod.java:118) ~[spring-webmvc-6.1.11.jar:6.1.11]
	at org.springframework.web.servlet.mvc.method.annotation.RequestMappingHandlerAdapter.invokeHandlerMethod(RequestMappingHandlerAdapter.java:926) ~[spring-webmvc-6.1.11.jar:6.1.11]
	at org.springframework.web.servlet.mvc.method.annotation.RequestMappingHandlerAdapter.handleInternal(RequestMappingHandlerAdapter.java:831) ~[spring-webmvc-6.1.11.jar:6.1.11]
	at org.springframework.web.servlet.mvc.method.AbstractHandlerMethodAdapter.handle(AbstractHandlerMethodAdapter.java:87) ~[spring-webmvc-6.1.11.jar:6.1.11]
	at org.springframework.web.servlet.DispatcherServlet.doDispatch(DispatcherServlet.java:1089) ~[spring-webmvc-6.1.11.jar:6.1.11]
	at org.springframework.web.servlet.DispatcherServlet.doService(DispatcherServlet.java:979) ~[spring-webmvc-6.1.11.jar:6.1.11]
	at org.springframework.web.servlet.FrameworkServlet.processRequest(FrameworkServlet.java:1014) ~[spring-webmvc-6.1.11.jar:6.1.11]
	at org.springframework.web.servlet.FrameworkServlet.doGet(FrameworkServlet.java:903) ~[spring-webmvc-6.1.11.jar:6.1.11]
	at jakarta.servlet.http.HttpServlet.service(HttpServlet.java:564) ~[tomcat-embed-core-10.1.26.jar:10.1.26]
	at org.springframework.web.servlet.FrameworkServlet.service(FrameworkServlet.java:885) ~[spring-webmvc-6.1.11.jar:6.1.11]
	at jakarta.servlet.http.HttpServlet.service(HttpServlet.java:658) ~[tomcat-embed-core-10.1.26.jar:10.1.26]
	at org.apache.catalina.core.ApplicationFilterChain.internalDoFilter(ApplicationFilterChain.java:195) ~[tomcat-embed-core-10.1.26.jar:10.1.26]
	at org.apache.catalina.core.ApplicationFilterChain.doFilter(ApplicationFilterChain.java:140) ~[tomcat-embed-core-10.1.26.jar:10.1.26]
	at org.apache.tomcat.websocket.server.WsFilter.doFilter(WsFilter.java:51) ~[tomcat-embed-websocket-10.1.26.jar:10.1.26]
	at org.apache.catalina.core.ApplicationFilterChain.internalDoFilter(ApplicationFilterChain.java:164) ~[tomcat-embed-core-10.1.26.jar:10.1.26]
	at org.apache.catalina.core.ApplicationFilterChain.doFilter(ApplicationFilterChain.java:140) ~[tomcat-embed-core-10.1.26.jar:10.1.26]
	at org.springframework.web.filter.RequestContextFilter.doFilterInternal(RequestContextFilter.java:100) ~[spring-web-6.1.11.jar:6.1.11]
	at org.springframework.web.filter.OncePerRequestFilter.doFilter(OncePerRequestFilter.java:116) ~[spring-web-6.1.11.jar:6.1.11]
	at org.apache.catalina.core.ApplicationFilterChain.internalDoFilter(ApplicationFilterChain.java:164) ~[tomcat-embed-core-10.1.26.jar:10.1.26]
	at org.apache.catalina.core.ApplicationFilterChain.doFilter(ApplicationFilterChain.java:140) ~[tomcat-embed-core-10.1.26.jar:10.1.26]
	at org.springframework.web.filter.FormContentFilter.doFilterInternal(FormContentFilter.java:93) ~[spring-web-6.1.11.jar:6.1.11]
	at org.springframework.web.filter.OncePerRequestFilter.doFilter(OncePerRequestFilter.java:116) ~[spring-web-6.1.11.jar:6.1.11]
	at org.apache.catalina.core.ApplicationFilterChain.internalDoFilter(ApplicationFilterChain.java:164) ~[tomcat-embed-core-10.1.26.jar:10.1.26]
	at org.apache.catalina.core.ApplicationFilterChain.doFilter(ApplicationFilterChain.java:140) ~[tomcat-embed-core-10.1.26.jar:10.1.26]
	at org.springframework.web.filter.ServerHttpObservationFilter.doFilterInternal(ServerHttpObservationFilter.java:113) ~[spring-web-6.1.11.jar:6.1.11]
	at org.springframework.web.filter.OncePerRequestFilter.doFilter(OncePerRequestFilter.java:116) ~[spring-web-6.1.11.jar:6.1.11]
	at org.apache.catalina.core.ApplicationFilterChain.internalDoFilter(ApplicationFilterChain.java:164) ~[tomcat-embed-core-10.1.26.jar:10.1.26]
	at org.apache.catalina.core.ApplicationFilterChain.doFilter(ApplicationFilterChain.java:140) ~[tomcat-embed-core-10.1.26.jar:10.1.26]
	at org.springframework.web.filter.CharacterEncodingFilter.doFilterInternal(CharacterEncodingFilter.java:201) ~[spring-web-6.1.11.jar:6.1.11]
	at org.springframework.web.filter.OncePerRequestFilter.doFilter(OncePerRequestFilter.java:116) ~[spring-web-6.1.11.jar:6.1.11]
	at org.apache.catalina.core.ApplicationFilterChain.internalDoFilter(ApplicationFilterChain.java:164) ~[tomcat-embed-core-10.1.26.jar:10.1.26]
	at org.apache.catalina.core.ApplicationFilterChain.doFilter(ApplicationFilterChain.java:140) ~[tomcat-embed-core-10.1.26.jar:10.1.26]
	at org.apache.catalina.core.StandardWrapperValve.invoke(StandardWrapperValve.java:167) ~[tomcat-embed-core-10.1.26.jar:10.1.26]
	at org.apache.catalina.core.StandardContextValve.invoke(StandardContextValve.java:90) ~[tomcat-embed-core-10.1.26.jar:10.1.26]
	at org.apache.catalina.authenticator.AuthenticatorBase.invoke(AuthenticatorBase.java:483) ~[tomcat-embed-core-10.1.26.jar:10.1.26]
	at org.apache.catalina.core.StandardHostValve.invoke(StandardHostValve.java:115) ~[tomcat-embed-core-10.1.26.jar:10.1.26]
	at org.apache.catalina.valves.ErrorReportValve.invoke(ErrorReportValve.java:93) ~[tomcat-embed-core-10.1.26.jar:10.1.26]
	at org.apache.catalina.core.StandardEngineValve.invoke(StandardEngineValve.java:74) ~[tomcat-embed-core-10.1.26.jar:10.1.26]
	at org.apache.catalina.connector.CoyoteAdapter.service(CoyoteAdapter.java:344) ~[tomcat-embed-core-10.1.26.jar:10.1.26]
	at org.apache.coyote.http11.Http11Processor.service(Http11Processor.java:389) ~[tomcat-embed-core-10.1.26.jar:10.1.26]
	at org.apache.coyote.AbstractProcessorLight.process(AbstractProcessorLight.java:63) ~[tomcat-embed-core-10.1.26.jar:10.1.26]
	at org.apache.coyote.AbstractProtocol$ConnectionHandler.process(AbstractProtocol.java:904) ~[tomcat-embed-core-10.1.26.jar:10.1.26]
	at org.apache.tomcat.util.net.NioEndpoint$SocketProcessor.doRun(NioEndpoint.java:1741) ~[tomcat-embed-core-10.1.26.jar:10.1.26]
	at org.apache.tomcat.util.net.SocketProcessorBase.run(SocketProcessorBase.java:52) ~[tomcat-embed-core-10.1.26.jar:10.1.26]
	at org.apache.tomcat.util.threads.ThreadPoolExecutor.runWorker(ThreadPoolExecutor.java:1190) ~[tomcat-embed-core-10.1.26.jar:10.1.26]
	at org.apache.tomcat.util.threads.ThreadPoolExecutor$Worker.run(ThreadPoolExecutor.java:659) ~[tomcat-embed-core-10.1.26.jar:10.1.26]
	at org.apache.tomcat.util.threads.TaskThread$WrappingRunnable.run(TaskThread.java:63) ~[tomcat-embed-core-10.1.26.jar:10.1.26]
	at java.base/java.lang.Thread.run(Thread.java:1583) ~[na:na]
Caused by: java.lang.NumberFormatException: For input string: "brands"
	at java.base/java.lang.NumberFormatException.forInputString(NumberFormatException.java:67) ~[na:na]
	at java.base/java.lang.Long.parseLong(Long.java:709) ~[na:na]
	at java.base/java.lang.Long.valueOf(Long.java:1157) ~[na:na]
	at org.springframework.util.NumberUtils.parseNumber(NumberUtils.java:206) ~[spring-core-6.1.11.jar:6.1.11]
	at org.springframework.beans.propertyeditors.CustomNumberEditor.setAsText(CustomNumberEditor.java:115) ~[spring-beans-6.1.11.jar:6.1.11]
	at org.springframework.beans.TypeConverterDelegate.doConvertTextValue(TypeConverterDelegate.java:439) ~[spring-beans-6.1.11.jar:6.1.11]
	at org.springframework.beans.TypeConverterDelegate.doConvertValue(TypeConverterDelegate.java:412) ~[spring-beans-6.1.11.jar:6.1.11]
	at org.springframework.beans.TypeConverterDelegate.convertIfNecessary(TypeConverterDelegate.java:161) ~[spring-beans-6.1.11.jar:6.1.11]
	at org.springframework.beans.TypeConverterSupport.convertIfNecessary(TypeConverterSupport.java:80) ~[spring-beans-6.1.11.jar:6.1.11]
	at org.springframework.beans.TypeConverterSupport.convertIfNecessary(TypeConverterSupport.java:53) ~[spring-beans-6.1.11.jar:6.1.11]
	at org.springframework.validation.DataBinder.convertIfNecessary(DataBinder.java:860) ~[spring-context-6.1.11.jar:6.1.11]
	at org.springframework.web.method.annotation.AbstractNamedValueMethodArgumentResolver.convertIfNecessary(AbstractNamedValueMethodArgumentResolver.java:294) ~[spring-web-6.1.11.jar:6.1.11]
	... 52 common frames omitted

13:30:35:178 DEBUG 11440 --- [item-service] [http-nio-8081-exec-8] c.d.m.i.m.ItemMapper.selectList_mpCount  : ==>  Preparing: SELECT COUNT(*) AS total FROM item
13:30:35:178 DEBUG 11440 --- [item-service] [http-nio-8081-exec-8] c.d.m.i.m.ItemMapper.selectList_mpCount  : ==> Parameters: 
13:30:35:179 DEBUG 11440 --- [item-service] [http-nio-8081-exec-8] c.d.m.i.m.ItemMapper.selectList_mpCount  : <==      Total: 1
13:30:35:186 DEBUG 11440 --- [item-service] [http-nio-8081-exec-8] c.d.m.item.mapper.ItemMapper.selectList  : ==>  Preparing: SELECT id, name, price, stock, image, category, brand, spec, sold, comment_count, is_ad, status, create_time, update_time, creater, updater FROM item ORDER BY update_time DESC LIMIT ?
13:30:35:186 DEBUG 11440 --- [item-service] [http-nio-8081-exec-8] c.d.m.item.mapper.ItemMapper.selectList  : ==> Parameters: 20(Long)
13:30:35:188 DEBUG 11440 --- [item-service] [http-nio-8081-exec-8] c.d.m.item.mapper.ItemMapper.selectList  : <==      Total: 20
13:30:37:255  INFO 11440 --- [item-service] [http-nio-8081-exec-6] c.d.m.c.interceptor.UserinfoInterceptor  : [UserinfoInterceptor] request=/items user-info=2061794238225747970
13:30:37:257 DEBUG 11440 --- [item-service] [http-nio-8081-exec-6] c.d.m.i.m.ItemMapper.selectBatchIds      : ==>  Preparing: SELECT id,name,price,stock,image,category,brand,spec,sold,comment_count,is_ad,status,create_time,update_time,creater,updater FROM item WHERE id IN ( ? )
13:30:37:258 DEBUG 11440 --- [item-service] [http-nio-8081-exec-6] c.d.m.i.m.ItemMapper.selectBatchIds      : ==> Parameters: 177(Long)
13:30:37:259 DEBUG 11440 --- [item-service] [http-nio-8081-exec-6] c.d.m.i.m.ItemMapper.selectBatchIds      : <==      Total: 1
13:30:37:325  INFO 11440 --- [item-service] [http-nio-8081-exec-7] c.d.m.c.interceptor.UserinfoInterceptor  : [UserinfoInterceptor] request=/items user-info=2061794238225747970
13:30:37:325 DEBUG 11440 --- [item-service] [http-nio-8081-exec-7] c.d.m.i.m.ItemMapper.selectBatchIds      : ==>  Preparing: SELECT id,name,price,stock,image,category,brand,spec,sold,comment_count,is_ad,status,create_time,update_time,creater,updater FROM item WHERE id IN ( ? )
13:30:37:325 DEBUG 11440 --- [item-service] [http-nio-8081-exec-7] c.d.m.i.m.ItemMapper.selectBatchIds      : ==> Parameters: 177(Long)
13:30:37:327 DEBUG 11440 --- [item-service] [http-nio-8081-exec-7] c.d.m.i.m.ItemMapper.selectBatchIds      : <==      Total: 1
13:31:26:115  INFO 11440 --- [item-service] [http-nio-8081-exec-9] c.d.m.c.interceptor.UserinfoInterceptor  : [UserinfoInterceptor] request=/items/page user-info=null
13:31:26:124 DEBUG 11440 --- [item-service] [http-nio-8081-exec-9] c.d.m.i.m.ItemMapper.selectList_mpCount  : ==>  Preparing: SELECT COUNT(*) AS total FROM item
13:31:26:124 DEBUG 11440 --- [item-service] [http-nio-8081-exec-9] c.d.m.i.m.ItemMapper.selectList_mpCount  : ==> Parameters: 
13:31:26:126 DEBUG 11440 --- [item-service] [http-nio-8081-exec-9] c.d.m.i.m.ItemMapper.selectList_mpCount  : <==      Total: 1
13:31:26:132 DEBUG 11440 --- [item-service] [http-nio-8081-exec-9] c.d.m.item.mapper.ItemMapper.selectList  : ==>  Preparing: SELECT id, name, price, stock, image, category, brand, spec, sold, comment_count, is_ad, status, create_time, update_time, creater, updater FROM item ORDER BY update_time DESC LIMIT ?
13:31:26:132 DEBUG 11440 --- [item-service] [http-nio-8081-exec-9] c.d.m.item.mapper.ItemMapper.selectList  : ==> Parameters: 20(Long)
13:31:26:136 DEBUG 11440 --- [item-service] [http-nio-8081-exec-9] c.d.m.item.mapper.ItemMapper.selectList  : <==      Total: 20
13:31:28:060  INFO 11440 --- [item-service] [http-nio-8081-exec-1] c.d.m.c.interceptor.UserinfoInterceptor  : [UserinfoInterceptor] request=/items/177 user-info=null
13:31:28:066 DEBUG 11440 --- [item-service] [http-nio-8081-exec-1] c.d.m.item.mapper.ItemMapper.selectById  : ==>  Preparing: SELECT id,name,price,stock,image,category,brand,spec,sold,comment_count,is_ad,status,create_time,update_time,creater,updater FROM item WHERE id=?
13:31:28:068 DEBUG 11440 --- [item-service] [http-nio-8081-exec-1] c.d.m.item.mapper.ItemMapper.selectById  : ==> Parameters: 177(Long)
13:31:28:072 DEBUG 11440 --- [item-service] [http-nio-8081-exec-1] c.d.m.item.mapper.ItemMapper.selectById  : <==      Total: 1
13:31:31:527  INFO 11440 --- [item-service] [http-nio-8081-exec-5] c.d.m.c.interceptor.UserinfoInterceptor  : [UserinfoInterceptor] request=/items/page user-info=null
13:31:31:537 DEBUG 11440 --- [item-service] [http-nio-8081-exec-5] c.d.m.i.m.ItemMapper.selectList_mpCount  : ==>  Preparing: SELECT COUNT(*) AS total FROM item
13:31:31:538 DEBUG 11440 --- [item-service] [http-nio-8081-exec-5] c.d.m.i.m.ItemMapper.selectList_mpCount  : ==> Parameters: 
13:31:31:540 DEBUG 11440 --- [item-service] [http-nio-8081-exec-5] c.d.m.i.m.ItemMapper.selectList_mpCount  : <==      Total: 1
13:31:31:548 DEBUG 11440 --- [item-service] [http-nio-8081-exec-5] c.d.m.item.mapper.ItemMapper.selectList  : ==>  Preparing: SELECT id, name, price, stock, image, category, brand, spec, sold, comment_count, is_ad, status, create_time, update_time, creater, updater FROM item ORDER BY update_time DESC LIMIT ?
13:31:31:548 DEBUG 11440 --- [item-service] [http-nio-8081-exec-5] c.d.m.item.mapper.ItemMapper.selectList  : ==> Parameters: 20(Long)
13:31:31:551 DEBUG 11440 --- [item-service] [http-nio-8081-exec-5] c.d.m.item.mapper.ItemMapper.selectList  : <==      Total: 20
13:31:33:664  INFO 11440 --- [item-service] [http-nio-8081-exec-2] c.d.m.c.interceptor.UserinfoInterceptor  : [UserinfoInterceptor] request=/items/categories user-info=null
13:31:33:665  INFO 11440 --- [item-service] [http-nio-8081-exec-3] c.d.m.c.interceptor.UserinfoInterceptor  : [UserinfoInterceptor] request=/items/brands user-info=null
13:31:33:666 ERROR 11440 --- [item-service] [http-nio-8081-exec-2] c.d.m.c.advice.CommonExceptionAdvice     : 未预期异常

org.springframework.web.method.annotation.MethodArgumentTypeMismatchException: Failed to convert value of type 'java.lang.String' to required type 'java.lang.Long'; For input string: "categories"
	at org.springframework.web.method.annotation.AbstractNamedValueMethodArgumentResolver.convertIfNecessary(AbstractNamedValueMethodArgumentResolver.java:302) ~[spring-web-6.1.11.jar:6.1.11]
	at org.springframework.web.method.annotation.AbstractNamedValueMethodArgumentResolver.resolveArgument(AbstractNamedValueMethodArgumentResolver.java:137) ~[spring-web-6.1.11.jar:6.1.11]
	at org.springframework.web.method.support.HandlerMethodArgumentResolverComposite.resolveArgument(HandlerMethodArgumentResolverComposite.java:122) ~[spring-web-6.1.11.jar:6.1.11]
	at org.springframework.web.method.support.InvocableHandlerMethod.getMethodArgumentValues(InvocableHandlerMethod.java:224) ~[spring-web-6.1.11.jar:6.1.11]
	at org.springframework.web.method.support.InvocableHandlerMethod.invokeForRequest(InvocableHandlerMethod.java:178) ~[spring-web-6.1.11.jar:6.1.11]
	at org.springframework.web.servlet.mvc.method.annotation.ServletInvocableHandlerMethod.invokeAndHandle(ServletInvocableHandlerMethod.java:118) ~[spring-webmvc-6.1.11.jar:6.1.11]
	at org.springframework.web.servlet.mvc.method.annotation.RequestMappingHandlerAdapter.invokeHandlerMethod(RequestMappingHandlerAdapter.java:926) ~[spring-webmvc-6.1.11.jar:6.1.11]
	at org.springframework.web.servlet.mvc.method.annotation.RequestMappingHandlerAdapter.handleInternal(RequestMappingHandlerAdapter.java:831) ~[spring-webmvc-6.1.11.jar:6.1.11]
	at org.springframework.web.servlet.mvc.method.AbstractHandlerMethodAdapter.handle(AbstractHandlerMethodAdapter.java:87) ~[spring-webmvc-6.1.11.jar:6.1.11]
	at org.springframework.web.servlet.DispatcherServlet.doDispatch(DispatcherServlet.java:1089) ~[spring-webmvc-6.1.11.jar:6.1.11]
	at org.springframework.web.servlet.DispatcherServlet.doService(DispatcherServlet.java:979) ~[spring-webmvc-6.1.11.jar:6.1.11]
	at org.springframework.web.servlet.FrameworkServlet.processRequest(FrameworkServlet.java:1014) ~[spring-webmvc-6.1.11.jar:6.1.11]
	at org.springframework.web.servlet.FrameworkServlet.doGet(FrameworkServlet.java:903) ~[spring-webmvc-6.1.11.jar:6.1.11]
	at jakarta.servlet.http.HttpServlet.service(HttpServlet.java:564) ~[tomcat-embed-core-10.1.26.jar:10.1.26]
	at org.springframework.web.servlet.FrameworkServlet.service(FrameworkServlet.java:885) ~[spring-webmvc-6.1.11.jar:6.1.11]
	at jakarta.servlet.http.HttpServlet.service(HttpServlet.java:658) ~[tomcat-embed-core-10.1.26.jar:10.1.26]
	at org.apache.catalina.core.ApplicationFilterChain.internalDoFilter(ApplicationFilterChain.java:195) ~[tomcat-embed-core-10.1.26.jar:10.1.26]
	at org.apache.catalina.core.ApplicationFilterChain.doFilter(ApplicationFilterChain.java:140) ~[tomcat-embed-core-10.1.26.jar:10.1.26]
	at org.apache.tomcat.websocket.server.WsFilter.doFilter(WsFilter.java:51) ~[tomcat-embed-websocket-10.1.26.jar:10.1.26]
	at org.apache.catalina.core.ApplicationFilterChain.internalDoFilter(ApplicationFilterChain.java:164) ~[tomcat-embed-core-10.1.26.jar:10.1.26]
	at org.apache.catalina.core.ApplicationFilterChain.doFilter(ApplicationFilterChain.java:140) ~[tomcat-embed-core-10.1.26.jar:10.1.26]
	at org.springframework.web.filter.RequestContextFilter.doFilterInternal(RequestContextFilter.java:100) ~[spring-web-6.1.11.jar:6.1.11]
	at org.springframework.web.filter.OncePerRequestFilter.doFilter(OncePerRequestFilter.java:116) ~[spring-web-6.1.11.jar:6.1.11]
	at org.apache.catalina.core.ApplicationFilterChain.internalDoFilter(ApplicationFilterChain.java:164) ~[tomcat-embed-core-10.1.26.jar:10.1.26]
	at org.apache.catalina.core.ApplicationFilterChain.doFilter(ApplicationFilterChain.java:140) ~[tomcat-embed-core-10.1.26.jar:10.1.26]
	at org.springframework.web.filter.FormContentFilter.doFilterInternal(FormContentFilter.java:93) ~[spring-web-6.1.11.jar:6.1.11]
	at org.springframework.web.filter.OncePerRequestFilter.doFilter(OncePerRequestFilter.java:116) ~[spring-web-6.1.11.jar:6.1.11]
	at org.apache.catalina.core.ApplicationFilterChain.internalDoFilter(ApplicationFilterChain.java:164) ~[tomcat-embed-core-10.1.26.jar:10.1.26]
	at org.apache.catalina.core.ApplicationFilterChain.doFilter(ApplicationFilterChain.java:140) ~[tomcat-embed-core-10.1.26.jar:10.1.26]
	at org.springframework.web.filter.ServerHttpObservationFilter.doFilterInternal(ServerHttpObservationFilter.java:113) ~[spring-web-6.1.11.jar:6.1.11]
	at org.springframework.web.filter.OncePerRequestFilter.doFilter(OncePerRequestFilter.java:116) ~[spring-web-6.1.11.jar:6.1.11]
	at org.apache.catalina.core.ApplicationFilterChain.internalDoFilter(ApplicationFilterChain.java:164) ~[tomcat-embed-core-10.1.26.jar:10.1.26]
	at org.apache.catalina.core.ApplicationFilterChain.doFilter(ApplicationFilterChain.java:140) ~[tomcat-embed-core-10.1.26.jar:10.1.26]
	at org.springframework.web.filter.CharacterEncodingFilter.doFilterInternal(CharacterEncodingFilter.java:201) ~[spring-web-6.1.11.jar:6.1.11]
	at org.springframework.web.filter.OncePerRequestFilter.doFilter(OncePerRequestFilter.java:116) ~[spring-web-6.1.11.jar:6.1.11]
	at org.apache.catalina.core.ApplicationFilterChain.internalDoFilter(ApplicationFilterChain.java:164) ~[tomcat-embed-core-10.1.26.jar:10.1.26]
	at org.apache.catalina.core.ApplicationFilterChain.doFilter(ApplicationFilterChain.java:140) ~[tomcat-embed-core-10.1.26.jar:10.1.26]
	at org.apache.catalina.core.StandardWrapperValve.invoke(StandardWrapperValve.java:167) ~[tomcat-embed-core-10.1.26.jar:10.1.26]
	at org.apache.catalina.core.StandardContextValve.invoke(StandardContextValve.java:90) ~[tomcat-embed-core-10.1.26.jar:10.1.26]
	at org.apache.catalina.authenticator.AuthenticatorBase.invoke(AuthenticatorBase.java:483) ~[tomcat-embed-core-10.1.26.jar:10.1.26]
	at org.apache.catalina.core.StandardHostValve.invoke(StandardHostValve.java:115) ~[tomcat-embed-core-10.1.26.jar:10.1.26]
	at org.apache.catalina.valves.ErrorReportValve.invoke(ErrorReportValve.java:93) ~[tomcat-embed-core-10.1.26.jar:10.1.26]
	at org.apache.catalina.core.StandardEngineValve.invoke(StandardEngineValve.java:74) ~[tomcat-embed-core-10.1.26.jar:10.1.26]
	at org.apache.catalina.connector.CoyoteAdapter.service(CoyoteAdapter.java:344) ~[tomcat-embed-core-10.1.26.jar:10.1.26]
	at org.apache.coyote.http11.Http11Processor.service(Http11Processor.java:389) ~[tomcat-embed-core-10.1.26.jar:10.1.26]
	at org.apache.coyote.AbstractProcessorLight.process(AbstractProcessorLight.java:63) ~[tomcat-embed-core-10.1.26.jar:10.1.26]
	at org.apache.coyote.AbstractProtocol$ConnectionHandler.process(AbstractProtocol.java:904) ~[tomcat-embed-core-10.1.26.jar:10.1.26]
	at org.apache.tomcat.util.net.NioEndpoint$SocketProcessor.doRun(NioEndpoint.java:1741) ~[tomcat-embed-core-10.1.26.jar:10.1.26]
	at org.apache.tomcat.util.net.SocketProcessorBase.run(SocketProcessorBase.java:52) ~[tomcat-embed-core-10.1.26.jar:10.1.26]
	at org.apache.tomcat.util.threads.ThreadPoolExecutor.runWorker(ThreadPoolExecutor.java:1190) ~[tomcat-embed-core-10.1.26.jar:10.1.26]
	at org.apache.tomcat.util.threads.ThreadPoolExecutor$Worker.run(ThreadPoolExecutor.java:659) ~[tomcat-embed-core-10.1.26.jar:10.1.26]
	at org.apache.tomcat.util.threads.TaskThread$WrappingRunnable.run(TaskThread.java:63) ~[tomcat-embed-core-10.1.26.jar:10.1.26]
	at java.base/java.lang.Thread.run(Thread.java:1583) ~[na:na]
Caused by: java.lang.NumberFormatException: For input string: "categories"
	at java.base/java.lang.NumberFormatException.forInputString(NumberFormatException.java:67) ~[na:na]
	at java.base/java.lang.Long.parseLong(Long.java:709) ~[na:na]
	at java.base/java.lang.Long.valueOf(Long.java:1157) ~[na:na]
	at org.springframework.util.NumberUtils.parseNumber(NumberUtils.java:206) ~[spring-core-6.1.11.jar:6.1.11]
	at org.springframework.beans.propertyeditors.CustomNumberEditor.setAsText(CustomNumberEditor.java:115) ~[spring-beans-6.1.11.jar:6.1.11]
	at org.springframework.beans.TypeConverterDelegate.doConvertTextValue(TypeConverterDelegate.java:439) ~[spring-beans-6.1.11.jar:6.1.11]
	at org.springframework.beans.TypeConverterDelegate.doConvertValue(TypeConverterDelegate.java:412) ~[spring-beans-6.1.11.jar:6.1.11]
	at org.springframework.beans.TypeConverterDelegate.convertIfNecessary(TypeConverterDelegate.java:161) ~[spring-beans-6.1.11.jar:6.1.11]
	at org.springframework.beans.TypeConverterSupport.convertIfNecessary(TypeConverterSupport.java:80) ~[spring-beans-6.1.11.jar:6.1.11]
	at org.springframework.beans.TypeConverterSupport.convertIfNecessary(TypeConverterSupport.java:53) ~[spring-beans-6.1.11.jar:6.1.11]
	at org.springframework.validation.DataBinder.convertIfNecessary(DataBinder.java:860) ~[spring-context-6.1.11.jar:6.1.11]
	at org.springframework.web.method.annotation.AbstractNamedValueMethodArgumentResolver.convertIfNecessary(AbstractNamedValueMethodArgumentResolver.java:294) ~[spring-web-6.1.11.jar:6.1.11]
	... 52 common frames omitted

13:31:33:667 ERROR 11440 --- [item-service] [http-nio-8081-exec-3] c.d.m.c.advice.CommonExceptionAdvice     : 未预期异常

org.springframework.web.method.annotation.MethodArgumentTypeMismatchException: Failed to convert value of type 'java.lang.String' to required type 'java.lang.Long'; For input string: "brands"
	at org.springframework.web.method.annotation.AbstractNamedValueMethodArgumentResolver.convertIfNecessary(AbstractNamedValueMethodArgumentResolver.java:302) ~[spring-web-6.1.11.jar:6.1.11]
	at org.springframework.web.method.annotation.AbstractNamedValueMethodArgumentResolver.resolveArgument(AbstractNamedValueMethodArgumentResolver.java:137) ~[spring-web-6.1.11.jar:6.1.11]
	at org.springframework.web.method.support.HandlerMethodArgumentResolverComposite.resolveArgument(HandlerMethodArgumentResolverComposite.java:122) ~[spring-web-6.1.11.jar:6.1.11]
	at org.springframework.web.method.support.InvocableHandlerMethod.getMethodArgumentValues(InvocableHandlerMethod.java:224) ~[spring-web-6.1.11.jar:6.1.11]
	at org.springframework.web.method.support.InvocableHandlerMethod.invokeForRequest(InvocableHandlerMethod.java:178) ~[spring-web-6.1.11.jar:6.1.11]
	at org.springframework.web.servlet.mvc.method.annotation.ServletInvocableHandlerMethod.invokeAndHandle(ServletInvocableHandlerMethod.java:118) ~[spring-webmvc-6.1.11.jar:6.1.11]
	at org.springframework.web.servlet.mvc.method.annotation.RequestMappingHandlerAdapter.invokeHandlerMethod(RequestMappingHandlerAdapter.java:926) ~[spring-webmvc-6.1.11.jar:6.1.11]
	at org.springframework.web.servlet.mvc.method.annotation.RequestMappingHandlerAdapter.handleInternal(RequestMappingHandlerAdapter.java:831) ~[spring-webmvc-6.1.11.jar:6.1.11]
	at org.springframework.web.servlet.mvc.method.AbstractHandlerMethodAdapter.handle(AbstractHandlerMethodAdapter.java:87) ~[spring-webmvc-6.1.11.jar:6.1.11]
	at org.springframework.web.servlet.DispatcherServlet.doDispatch(DispatcherServlet.java:1089) ~[spring-webmvc-6.1.11.jar:6.1.11]
	at org.springframework.web.servlet.DispatcherServlet.doService(DispatcherServlet.java:979) ~[spring-webmvc-6.1.11.jar:6.1.11]
	at org.springframework.web.servlet.FrameworkServlet.processRequest(FrameworkServlet.java:1014) ~[spring-webmvc-6.1.11.jar:6.1.11]
	at org.springframework.web.servlet.FrameworkServlet.doGet(FrameworkServlet.java:903) ~[spring-webmvc-6.1.11.jar:6.1.11]
	at jakarta.servlet.http.HttpServlet.service(HttpServlet.java:564) ~[tomcat-embed-core-10.1.26.jar:10.1.26]
	at org.springframework.web.servlet.FrameworkServlet.service(FrameworkServlet.java:885) ~[spring-webmvc-6.1.11.jar:6.1.11]
	at jakarta.servlet.http.HttpServlet.service(HttpServlet.java:658) ~[tomcat-embed-core-10.1.26.jar:10.1.26]
	at org.apache.catalina.core.ApplicationFilterChain.internalDoFilter(ApplicationFilterChain.java:195) ~[tomcat-embed-core-10.1.26.jar:10.1.26]
	at org.apache.catalina.core.ApplicationFilterChain.doFilter(ApplicationFilterChain.java:140) ~[tomcat-embed-core-10.1.26.jar:10.1.26]
	at org.apache.tomcat.websocket.server.WsFilter.doFilter(WsFilter.java:51) ~[tomcat-embed-websocket-10.1.26.jar:10.1.26]
	at org.apache.catalina.core.ApplicationFilterChain.internalDoFilter(ApplicationFilterChain.java:164) ~[tomcat-embed-core-10.1.26.jar:10.1.26]
	at org.apache.catalina.core.ApplicationFilterChain.doFilter(ApplicationFilterChain.java:140) ~[tomcat-embed-core-10.1.26.jar:10.1.26]
	at org.springframework.web.filter.RequestContextFilter.doFilterInternal(RequestContextFilter.java:100) ~[spring-web-6.1.11.jar:6.1.11]
	at org.springframework.web.filter.OncePerRequestFilter.doFilter(OncePerRequestFilter.java:116) ~[spring-web-6.1.11.jar:6.1.11]
	at org.apache.catalina.core.ApplicationFilterChain.internalDoFilter(ApplicationFilterChain.java:164) ~[tomcat-embed-core-10.1.26.jar:10.1.26]
	at org.apache.catalina.core.ApplicationFilterChain.doFilter(ApplicationFilterChain.java:140) ~[tomcat-embed-core-10.1.26.jar:10.1.26]
	at org.springframework.web.filter.FormContentFilter.doFilterInternal(FormContentFilter.java:93) ~[spring-web-6.1.11.jar:6.1.11]
	at org.springframework.web.filter.OncePerRequestFilter.doFilter(OncePerRequestFilter.java:116) ~[spring-web-6.1.11.jar:6.1.11]
	at org.apache.catalina.core.ApplicationFilterChain.internalDoFilter(ApplicationFilterChain.java:164) ~[tomcat-embed-core-10.1.26.jar:10.1.26]
	at org.apache.catalina.core.ApplicationFilterChain.doFilter(ApplicationFilterChain.java:140) ~[tomcat-embed-core-10.1.26.jar:10.1.26]
	at org.springframework.web.filter.ServerHttpObservationFilter.doFilterInternal(ServerHttpObservationFilter.java:113) ~[spring-web-6.1.11.jar:6.1.11]
	at org.springframework.web.filter.OncePerRequestFilter.doFilter(OncePerRequestFilter.java:116) ~[spring-web-6.1.11.jar:6.1.11]
	at org.apache.catalina.core.ApplicationFilterChain.internalDoFilter(ApplicationFilterChain.java:164) ~[tomcat-embed-core-10.1.26.jar:10.1.26]
	at org.apache.catalina.core.ApplicationFilterChain.doFilter(ApplicationFilterChain.java:140) ~[tomcat-embed-core-10.1.26.jar:10.1.26]
	at org.springframework.web.filter.CharacterEncodingFilter.doFilterInternal(CharacterEncodingFilter.java:201) ~[spring-web-6.1.11.jar:6.1.11]
	at org.springframework.web.filter.OncePerRequestFilter.doFilter(OncePerRequestFilter.java:116) ~[spring-web-6.1.11.jar:6.1.11]
	at org.apache.catalina.core.ApplicationFilterChain.internalDoFilter(ApplicationFilterChain.java:164) ~[tomcat-embed-core-10.1.26.jar:10.1.26]
	at org.apache.catalina.core.ApplicationFilterChain.doFilter(ApplicationFilterChain.java:140) ~[tomcat-embed-core-10.1.26.jar:10.1.26]
	at org.apache.catalina.core.StandardWrapperValve.invoke(StandardWrapperValve.java:167) ~[tomcat-embed-core-10.1.26.jar:10.1.26]
	at org.apache.catalina.core.StandardContextValve.invoke(StandardContextValve.java:90) ~[tomcat-embed-core-10.1.26.jar:10.1.26]
	at org.apache.catalina.authenticator.AuthenticatorBase.invoke(AuthenticatorBase.java:483) ~[tomcat-embed-core-10.1.26.jar:10.1.26]
	at org.apache.catalina.core.StandardHostValve.invoke(StandardHostValve.java:115) ~[tomcat-embed-core-10.1.26.jar:10.1.26]
	at org.apache.catalina.valves.ErrorReportValve.invoke(ErrorReportValve.java:93) ~[tomcat-embed-core-10.1.26.jar:10.1.26]
	at org.apache.catalina.core.StandardEngineValve.invoke(StandardEngineValve.java:74) ~[tomcat-embed-core-10.1.26.jar:10.1.26]
	at org.apache.catalina.connector.CoyoteAdapter.service(CoyoteAdapter.java:344) ~[tomcat-embed-core-10.1.26.jar:10.1.26]
	at org.apache.coyote.http11.Http11Processor.service(Http11Processor.java:389) ~[tomcat-embed-core-10.1.26.jar:10.1.26]
	at org.apache.coyote.AbstractProcessorLight.process(AbstractProcessorLight.java:63) ~[tomcat-embed-core-10.1.26.jar:10.1.26]
	at org.apache.coyote.AbstractProtocol$ConnectionHandler.process(AbstractProtocol.java:904) ~[tomcat-embed-core-10.1.26.jar:10.1.26]
	at org.apache.tomcat.util.net.NioEndpoint$SocketProcessor.doRun(NioEndpoint.java:1741) ~[tomcat-embed-core-10.1.26.jar:10.1.26]
	at org.apache.tomcat.util.net.SocketProcessorBase.run(SocketProcessorBase.java:52) ~[tomcat-embed-core-10.1.26.jar:10.1.26]
	at org.apache.tomcat.util.threads.ThreadPoolExecutor.runWorker(ThreadPoolExecutor.java:1190) ~[tomcat-embed-core-10.1.26.jar:10.1.26]
	at org.apache.tomcat.util.threads.ThreadPoolExecutor$Worker.run(ThreadPoolExecutor.java:659) ~[tomcat-embed-core-10.1.26.jar:10.1.26]
	at org.apache.tomcat.util.threads.TaskThread$WrappingRunnable.run(TaskThread.java:63) ~[tomcat-embed-core-10.1.26.jar:10.1.26]
	at java.base/java.lang.Thread.run(Thread.java:1583) ~[na:na]
Caused by: java.lang.NumberFormatException: For input string: "brands"
	at java.base/java.lang.NumberFormatException.forInputString(NumberFormatException.java:67) ~[na:na]
	at java.base/java.lang.Long.parseLong(Long.java:709) ~[na:na]
	at java.base/java.lang.Long.valueOf(Long.java:1157) ~[na:na]
	at org.springframework.util.NumberUtils.parseNumber(NumberUtils.java:206) ~[spring-core-6.1.11.jar:6.1.11]
	at org.springframework.beans.propertyeditors.CustomNumberEditor.setAsText(CustomNumberEditor.java:115) ~[spring-beans-6.1.11.jar:6.1.11]
	at org.springframework.beans.TypeConverterDelegate.doConvertTextValue(TypeConverterDelegate.java:439) ~[spring-beans-6.1.11.jar:6.1.11]
	at org.springframework.beans.TypeConverterDelegate.doConvertValue(TypeConverterDelegate.java:412) ~[spring-beans-6.1.11.jar:6.1.11]
	at org.springframework.beans.TypeConverterDelegate.convertIfNecessary(TypeConverterDelegate.java:161) ~[spring-beans-6.1.11.jar:6.1.11]
	at org.springframework.beans.TypeConverterSupport.convertIfNecessary(TypeConverterSupport.java:80) ~[spring-beans-6.1.11.jar:6.1.11]
	at org.springframework.beans.TypeConverterSupport.convertIfNecessary(TypeConverterSupport.java:53) ~[spring-beans-6.1.11.jar:6.1.11]
	at org.springframework.validation.DataBinder.convertIfNecessary(DataBinder.java:860) ~[spring-context-6.1.11.jar:6.1.11]
	at org.springframework.web.method.annotation.AbstractNamedValueMethodArgumentResolver.convertIfNecessary(AbstractNamedValueMethodArgumentResolver.java:294) ~[spring-web-6.1.11.jar:6.1.11]
	... 52 common frames omitted

13:31:33:669  INFO 11440 --- [item-service] [http-nio-8081-exec-4] c.d.m.c.interceptor.UserinfoInterceptor  : [UserinfoInterceptor] request=/items/page user-info=null
13:31:33:680 DEBUG 11440 --- [item-service] [http-nio-8081-exec-4] c.d.m.i.m.ItemMapper.selectList_mpCount  : ==>  Preparing: SELECT COUNT(*) AS total FROM item
13:31:33:680 DEBUG 11440 --- [item-service] [http-nio-8081-exec-4] c.d.m.i.m.ItemMapper.selectList_mpCount  : ==> Parameters: 
13:31:33:682 DEBUG 11440 --- [item-service] [http-nio-8081-exec-4] c.d.m.i.m.ItemMapper.selectList_mpCount  : <==      Total: 1
13:31:33:689 DEBUG 11440 --- [item-service] [http-nio-8081-exec-4] c.d.m.item.mapper.ItemMapper.selectList  : ==>  Preparing: SELECT id, name, price, stock, image, category, brand, spec, sold, comment_count, is_ad, status, create_time, update_time, creater, updater FROM item ORDER BY update_time DESC LIMIT ?
13:31:33:689 DEBUG 11440 --- [item-service] [http-nio-8081-exec-4] c.d.m.item.mapper.ItemMapper.selectList  : ==> Parameters: 20(Long)
13:31:33:691 DEBUG 11440 --- [item-service] [http-nio-8081-exec-4] c.d.m.item.mapper.ItemMapper.selectList  : <==      Total: 20
